time,weather_code_wmo_code,precipitation_sum_mm,rain_sum_mm,snowfall_sum_cm,wind_direction_10m_dominant_deg,wind_gusts_10m_max_km_h,wind_speed_10m_max_km_h,apparent_temperature_min_degc,apparent_temperature_max_degc,temperature_2m_min_degc,temperature_2m_max_degc,year,month,month_name,day,day_of_week,quarter,weather_description
2014-01-01 00:00:00,3,0,0,0,322,27.4,11.8,0.9,12.9,4.3,15.8,2014,1,January,1,Wednesday,1,Overcast
2014-01-02 00:00:00,0,0,0,0,297,21.2,10.9,-0.4,14.5,2.9,17.7,2014,1,January,2,Thursday,1,Clear Sky
2014-01-03 00:00:00,0,0,0,0,242,16.6,9.2,-1,15.6,2.2,18,2014,1,January,3,Friday,1,Clear Sky
2014-01-04 00:00:00,0,0,0,0,75,14,6.2,1.4,15.5,4.1,17.3,2014,1,January,4,Saturday,1,Clear Sky
2014-01-05 00:00:00,0,0,0,0,260,14.8,6.6,1.1,15.5,3.3,17.4,2014,1,January,5,Sunday,1,Clear Sky
2014-01-06 00:00:00,3,0,0,0,303,17.3,9.5,4.4,16.4,6.6,18.5,2014,1,January,6,Monday,1,Overcast
2014-01-07 00:00:00,3,0,0,0,330,19.8,9.7,3.7,14.5,6.4,17.6,2014,1,January,7,Tuesday,1,Overcast
2014-01-08 00:00:00,51,0.1,0.1,0,326,25.9,13.5,3,12.7,6,15.5,2014,1,January,8,Wednesday,1,Light Drizzle
2014-01-09 00:00:00,0,0,0,0,312,23,11.6,2.1,14.2,4.9,16.6,2014,1,January,9,Thursday,1,Clear Sky
2014-01-10 00:00:00,0,0,0,0,320,19.4,10.6,2.1,14.1,4.9,16.4,2014,1,January,10,Friday,1,Clear Sky
2014-01-11 00:00:00,3,0,0,0,304,24.1,11.3,1,14.9,3.9,18.1,2014,1,January,11,Saturday,1,Overcast
2014-01-12 00:00:00,3,0,0,0,320,18.4,9.3,0.4,14.9,3.3,17.7,2014,1,January,12,Sunday,1,Overcast
2014-01-13 00:00:00,53,0.6,0.6,0,354,15.8,8.9,3.7,14.3,6.2,15.9,2014,1,January,13,Monday,1,Moderate Drizzle
2014-01-14 00:00:00,2,0,0,0,270,18.7,9.4,2.4,16.6,5,18.8,2014,1,January,14,Tuesday,1,Partly Cloudy
2014-01-15 00:00:00,2,0,0,0,152,16.6,7.3,4.8,19.2,6.3,20,2014,1,January,15,Wednesday,1,Partly Cloudy
2014-01-16 00:00:00,3,0,0,0,152,15.1,8.6,4.5,18.6,6.6,18.8,2014,1,January,16,Thursday,1,Overcast
2014-01-17 00:00:00,53,1.7,1.7,0,60,20.5,8.9,6.2,14.9,7.6,15.7,2014,1,January,17,Friday,1,Moderate Drizzle
2014-01-18 00:00:00,51,0.2,0.2,0,86,18.7,8.4,4.7,15.4,6.6,16.6,2014,1,January,18,Saturday,1,Light Drizzle
2014-01-19 00:00:00,3,0,0,0,336,26.6,11.6,3.4,16.2,5.6,17.8,2014,1,January,19,Sunday,1,Overcast
2014-01-20 00:00:00,3,0,0,0,70,15.1,8.1,4.2,18.2,6.3,18.9,2014,1,January,20,Monday,1,Overcast
2014-01-21 00:00:00,51,0.8,0.8,0,80,19.1,10.9,5.6,18,7.5,18.2,2014,1,January,21,Tuesday,1,Light Drizzle
2014-01-22 00:00:00,55,2.8,2.8,0,122,23.4,9.7,9.3,16.4,10,16.4,2014,1,January,22,Wednesday,1,Dense Drizzle
2014-01-23 00:00:00,51,0.4,0.4,0,351,20.2,7.6,6.4,16.7,8.1,17.7,2014,1,January,23,Thursday,1,Light Drizzle
2014-01-24 00:00:00,3,0,0,0,267,20.9,10.2,5.3,18,7,19.2,2014,1,January,24,Friday,1,Overcast
2014-01-25 00:00:00,3,0,0,0,288,20.5,10.8,6.4,18.8,8.1,20.2,2014,1,January,25,Saturday,1,Overcast
2014-01-26 00:00:00,3,0,0,0,284,24.1,11.9,5.9,19.1,8.2,21.3,2014,1,January,26,Sunday,1,Overcast
2014-01-27 00:00:00,3,0,0,0,301,23.8,11.1,4.9,20,7.1,21.8,2014,1,January,27,Monday,1,Overcast
2014-01-28 00:00:00,3,0,0,0,282,21.6,11.5,5.8,20.1,8.2,22,2014,1,January,28,Tuesday,1,Overcast
2014-01-29 00:00:00,3,0,0,0,108,13.3,8.3,5.1,21.7,7,21.6,2014,1,January,29,Wednesday,1,Overcast
2014-01-30 00:00:00,3,0,0,0,49,16.2,6.8,5.6,20.4,7.3,20.2,2014,1,January,30,Thursday,1,Overcast
2014-01-31 00:00:00,3,0,0,0,185,15.8,7.4,5.8,21.3,7.2,20.9,2014,1,January,31,Friday,1,Overcast
2014-02-01 00:00:00,3,0,0,0,139,16.6,6.9,8.7,19.5,9.4,19.5,2014,2,February,1,Saturday,1,Overcast
2014-02-02 00:00:00,51,0.3,0.3,0,93,23.4,12.6,8.8,18.9,9.6,18.8,2014,2,February,2,Sunday,1,Light Drizzle
2014-02-03 00:00:00,61,5.6,5.6,0,41,31.7,10.3,7.9,18.3,9.2,18.3,2014,2,February,3,Monday,1,Slight Rain
2014-02-04 00:00:00,51,1.4,1.4,0,321,22,10.2,6.8,16.9,8.7,18.2,2014,2,February,4,Tuesday,1,Light Drizzle
2014-02-05 00:00:00,53,2.3,2.3,0,26,23.4,7.8,7.7,19.2,9,18.5,2014,2,February,5,Wednesday,1,Moderate Drizzle
2014-02-06 00:00:00,61,14.8,14.8,0,118,38.9,22.9,7.7,14.6,8.8,16.3,2014,2,February,6,Thursday,1,Slight Rain
2014-02-07 00:00:00,51,0.1,0.1,0,299,28.1,13.3,4.7,15.8,6.7,17.6,2014,2,February,7,Friday,1,Light Drizzle
2014-02-08 00:00:00,2,0,0,0,287,21.6,10.1,3.2,14.9,6.3,16.9,2014,2,February,8,Saturday,1,Partly Cloudy
2014-02-09 00:00:00,3,0,0,0,271,27,12.9,2.4,16,5.1,18.5,2014,2,February,9,Sunday,1,Overcast
2014-02-10 00:00:00,3,0,0,0,194,17.3,7.8,2.7,15.1,4.9,17,2014,2,February,10,Monday,1,Overcast
2014-02-11 00:00:00,0,0,0,0,353,16.2,8.7,1.7,17.1,3.7,18,2014,2,February,11,Tuesday,1,Clear Sky
2014-02-12 00:00:00,0,0,0,0,311,28.4,13.4,2.3,16.3,5.2,18.9,2014,2,February,12,Wednesday,1,Clear Sky
2014-02-13 00:00:00,0,0,0,0,106,17.6,9.7,1.1,18,4,19.1,2014,2,February,13,Thursday,1,Clear Sky
2014-02-14 00:00:00,51,0.2,0.2,0,95,25.6,11.2,5,16,6.6,16.9,2014,2,February,14,Friday,1,Light Drizzle
2014-02-15 00:00:00,51,1.5,1.5,0,77,22.3,12.3,4.5,16.3,6.3,15.7,2014,2,February,15,Saturday,1,Light Drizzle
2014-02-16 00:00:00,3,0,0,0,319,31.7,12.2,3.2,15.4,5,17.2,2014,2,February,16,Sunday,1,Overcast
2014-02-17 00:00:00,0,0,0,0,292,30.2,14.8,3.8,17.6,6.2,20,2014,2,February,17,Monday,1,Clear Sky
2014-02-18 00:00:00,3,0,0,0,256,21.2,9.2,4.2,20.7,6.5,21.2,2014,2,February,18,Tuesday,1,Overcast
2014-02-19 00:00:00,1,0,0,0,92,23.4,10.5,5.3,19.8,7.4,20.7,2014,2,February,19,Wednesday,1,Mainly Clear
2014-02-20 00:00:00,1,0,0,0,22,18.7,7.9,6.5,21.9,8.2,21.6,2014,2,February,20,Thursday,1,Mainly Clear
2014-02-21 00:00:00,53,2.2,2.2,0,304,23.8,8.4,4.9,20.2,6.8,20.2,2014,2,February,21,Friday,1,Moderate Drizzle
2014-02-22 00:00:00,51,0.2,0.2,0,15,21.6,9.9,7.7,18.9,8.9,19,2014,2,February,22,Saturday,1,Light Drizzle
2014-02-23 00:00:00,3,0,0,0,304,19.4,10,7.6,20.7,8.9,20.9,2014,2,February,23,Sunday,1,Overcast
2014-02-24 00:00:00,3,0,0,0,263,17.6,8.8,6,21.6,8,21.9,2014,2,February,24,Monday,1,Overcast
2014-02-25 00:00:00,0,0,0,0,157,14.8,9.2,5.2,22.8,7.4,22.4,2014,2,February,25,Tuesday,1,Clear Sky
2014-02-26 00:00:00,1,0,0,0,56,17.6,7.7,5.8,21.6,7.6,21.3,2014,2,February,26,Wednesday,1,Mainly Clear
2014-02-27 00:00:00,2,0,0,0,355,16.9,7.9,6.9,21.9,8.4,20.8,2014,2,February,27,Thursday,1,Partly Cloudy
2014-02-28 00:00:00,61,5.3,5.3,0,38,20.5,7.9,7.1,20.4,8.6,19.7,2014,2,February,28,Friday,1,Slight Rain
2014-03-01 00:00:00,51,0.7,0.7,0,59,18.4,9,7.1,19.6,8.2,18.4,2014,3,March,1,Saturday,1,Light Drizzle
2014-03-02 00:00:00,3,0,0,0,49,21.6,8.4,7.3,19.9,8.3,19.5,2014,3,March,2,Sunday,1,Overcast
2014-03-03 00:00:00,53,3.2,3.2,0,27,36.7,16.8,7.1,19,8.5,18.9,2014,3,March,3,Monday,1,Moderate Drizzle
2014-03-04 00:00:00,3,0,0,0,342,22.7,8.2,8,22.1,9.4,21.4,2014,3,March,4,Tuesday,1,Overcast
2014-03-05 00:00:00,51,0.3,0.3,0,353,20.5,9,8.4,21.1,9.6,21,2014,3,March,5,Wednesday,1,Light Drizzle
2014-03-06 00:00:00,2,0,0,0,329,22,9.4,7.5,21.9,9.2,22.3,2014,3,March,6,Thursday,1,Partly Cloudy
2014-03-07 00:00:00,3,0,0,0,323,24.5,10.5,6.7,22.5,8.6,23.4,2014,3,March,7,Friday,1,Overcast
2014-03-08 00:00:00,3,0,0,0,299,24.1,9.8,8.6,23.7,10.1,24.1,2014,3,March,8,Saturday,1,Overcast
2014-03-09 00:00:00,61,5.6,5.6,0,130,41.8,13.1,12.3,22.6,13.3,22,2014,3,March,9,Sunday,1,Slight Rain
2014-03-10 00:00:00,63,19.1,19.1,0,106,53.6,25.6,11.9,21.8,13.3,23.8,2014,3,March,10,Monday,1,Moderate Rain
2014-03-11 00:00:00,63,9.2,9.2,0,124,63,24.8,11.6,19.3,11.8,20.6,2014,3,March,11,Tuesday,1,Moderate Rain
2014-03-12 00:00:00,3,0,0,0,336,24.5,9.5,9.9,19.9,11.5,19.7,2014,3,March,12,Wednesday,1,Overcast
2014-03-13 00:00:00,2,0,0,0,303,24.5,10.4,9.1,23.6,10.5,23.4,2014,3,March,13,Thursday,1,Partly Cloudy
2014-03-14 00:00:00,3,0,0,0,331,18.4,10.7,7.8,25.8,9.8,24.9,2014,3,March,14,Friday,1,Overcast
2014-03-15 00:00:00,3,0,0,0,332,22,9.2,12.7,25.2,13.2,24.8,2014,3,March,15,Saturday,1,Overcast
2014-03-16 00:00:00,3,0,0,0,346,24.1,11,12.4,28.1,13,27.2,2014,3,March,16,Sunday,1,Overcast
2014-03-17 00:00:00,61,5.6,5.6,0,99,37.1,17.1,14.9,29.4,15.3,28.6,2014,3,March,17,Monday,1,Slight Rain
2014-03-18 00:00:00,55,2,2,0,35,27.4,13.4,12.5,26.4,13.4,23.9,2014,3,March,18,Tuesday,1,Dense Drizzle
2014-03-19 00:00:00,2,0,0,0,311,29.5,13.8,11.1,24.5,12.1,24.6,2014,3,March,19,Wednesday,1,Partly Cloudy
2014-03-20 00:00:00,3,0,0,0,47,18.7,9.7,10.4,27.6,11.7,26.2,2014,3,March,20,Thursday,1,Overcast
2014-03-21 00:00:00,53,0.6,0.6,0,13,33.1,14.9,13.6,25.7,14.8,25.7,2014,3,March,21,Friday,1,Moderate Drizzle
2014-03-22 00:00:00,3,0,0,0,352,21.2,10.3,13.1,28.6,14.4,27.2,2014,3,March,22,Saturday,1,Overcast
2014-03-23 00:00:00,61,8.4,8.4,0,66,32,14.5,14.3,23.5,14.2,23.2,2014,3,March,23,Sunday,1,Slight Rain
2014-03-24 00:00:00,63,24.3,24.3,0,103,36,18.1,14.7,20.7,14.8,20.7,2014,3,March,24,Monday,1,Moderate Rain
2014-03-25 00:00:00,61,2.5,2.5,0,27,24.1,11.5,14.3,27.1,14.1,24.3,2014,3,March,25,Tuesday,1,Slight Rain
2014-03-26 00:00:00,3,0,0,0,331,23,10.8,13.7,28.1,13.8,25.7,2014,3,March,26,Wednesday,1,Overcast
2014-03-27 00:00:00,51,0.2,0.2,0,303,17.3,7.9,14.4,27.5,14,25.8,2014,3,March,27,Thursday,1,Light Drizzle
2014-03-28 00:00:00,51,0.5,0.5,0,48,33.5,11.2,15.5,26.4,15.8,24.7,2014,3,March,28,Friday,1,Light Drizzle
2014-03-29 00:00:00,1,0,0,0,328,27.7,13,14.2,27.4,14.5,25.8,2014,3,March,29,Saturday,1,Mainly Clear
2014-03-30 00:00:00,0,0,0,0,304,31,15,13.4,27,14,26.9,2014,3,March,30,Sunday,1,Clear Sky
2014-03-31 00:00:00,0,0,0,0,309,27.7,12.6,12.3,28.4,13.4,28.3,2014,3,March,31,Monday,1,Clear Sky
2014-04-01 00:00:00,3,0,0,0,353,22.3,8.9,12.4,30.1,13.4,29.4,2014,4,April,1,Tuesday,2,Overcast
2014-04-02 00:00:00,51,0.8,0.8,0,35,36.4,18,13.6,24.8,13.7,24.1,2014,4,April,2,Wednesday,2,Light Drizzle
2014-04-03 00:00:00,3,0,0,0,331,29.2,13,12.9,27.4,13.2,26.3,2014,4,April,3,Thursday,2,Overcast
2014-04-04 00:00:00,3,0,0,0,336,27.7,16.3,17.1,29.2,16.8,27.4,2014,4,April,4,Friday,2,Overcast
2014-04-05 00:00:00,51,0.3,0.3,0,5,34.9,16.3,17.2,28.4,16.5,27.4,2014,4,April,5,Saturday,2,Light Drizzle
2014-04-06 00:00:00,53,3.1,3.1,0,355,47.9,24.6,14.6,28,16,28.2,2014,4,April,6,Sunday,2,Moderate Drizzle
2014-04-07 00:00:00,61,2.6,2.6,0,6,27,12.2,14.9,28.5,14.7,25.7,2014,4,April,7,Monday,2,Slight Rain
2014-04-08 00:00:00,0,0,0,0,321,26.6,11.2,14.2,29.4,14.5,28.4,2014,4,April,8,Tuesday,2,Clear Sky
2014-04-09 00:00:00,3,0,0,0,335,30.6,13.3,13.5,29.3,14.7,29.6,2014,4,April,9,Wednesday,2,Overcast
2014-04-10 00:00:00,1,0,0,0,344,26.6,11.8,14,30,14.9,30.3,2014,4,April,10,Thursday,2,Mainly Clear
2014-04-11 00:00:00,3,0,0,0,349,28.4,14.6,14,31.8,14.6,32,2014,4,April,11,Friday,2,Overcast
2014-04-12 00:00:00,3,0,0,0,58,33.5,15.7,14.9,33.4,15.1,32,2014,4,April,12,Saturday,2,Overcast
2014-04-13 00:00:00,51,0.7,0.7,0,56,52.6,22.2,17,28.6,17.7,29.1,2014,4,April,13,Sunday,2,Light Drizzle
2014-04-14 00:00:00,3,0,0,0,11,22.7,12.6,16.6,31.5,17.2,30.7,2014,4,April,14,Monday,2,Overcast
2014-04-15 00:00:00,3,0,0,0,342,25.2,11,15.8,30,16.3,31,2014,4,April,15,Tuesday,2,Overcast
2014-04-16 00:00:00,61,3.6,3.6,0,19,38.9,18.7,19.2,32.5,18.6,31.1,2014,4,April,16,Wednesday,2,Slight Rain
2014-04-17 00:00:00,51,0.1,0.1,0,53,25.9,14.3,18.1,31.2,17.5,29,2014,4,April,17,Thursday,2,Light Drizzle
2014-04-18 00:00:00,63,11.1,11.1,0,61,34.9,18.4,17.3,27.2,16.7,26,2014,4,April,18,Friday,2,Moderate Rain
2014-04-19 00:00:00,51,0.2,0.2,0,29,21.6,13.7,15.5,27.5,15.3,25,2014,4,April,19,Saturday,2,Light Drizzle
2014-04-20 00:00:00,3,0,0,0,358,25.6,9.9,14.5,30.4,14.8,29.7,2014,4,April,20,Sunday,2,Overcast
2014-04-21 00:00:00,3,0,0,0,316,25.6,11.3,15.6,29.4,16.9,30.1,2014,4,April,21,Monday,2,Overcast
2014-04-22 00:00:00,3,0,0,0,290,23,8.2,19.1,33,18.4,31.3,2014,4,April,22,Tuesday,2,Overcast
2014-04-23 00:00:00,3,0,0,0,332,24.8,9.1,18.7,34.4,18,32.8,2014,4,April,23,Wednesday,2,Overcast
2014-04-24 00:00:00,3,0,0,0,11,24.5,13.2,18.3,35.6,17.6,34.6,2014,4,April,24,Thursday,2,Overcast
2014-04-25 00:00:00,2,0,0,0,349,31,12.8,21.1,36.1,20.6,34.6,2014,4,April,25,Friday,2,Partly Cloudy
2014-04-26 00:00:00,53,0.7,0.7,0,336,44.6,16.3,18.8,35.7,18.8,35.1,2014,4,April,26,Saturday,2,Moderate Drizzle
2014-04-27 00:00:00,0,0,0,0,355,31.7,13.7,18,35.5,18.1,35.9,2014,4,April,27,Sunday,2,Clear Sky
2014-04-28 00:00:00,0,0,0,0,340,34.9,16.1,19.7,37.2,19.9,38.3,2014,4,April,28,Monday,2,Clear Sky
2014-04-29 00:00:00,1,0,0,0,31,26.6,10,22,39.4,22.1,39.2,2014,4,April,29,Tuesday,2,Mainly Clear
2014-04-30 00:00:00,51,0.5,0.5,0,22,40.3,14,23.3,41.8,23.1,40.6,2014,4,April,30,Wednesday,2,Light Drizzle
2014-05-01 00:00:00,55,1.2,1.2,0,7,29.2,14.8,22.7,41.7,22.4,41.5,2014,5,May,1,Thursday,2,Dense Drizzle
2014-05-02 00:00:00,53,0.9,0.9,0,154,29.5,14.3,24,42.3,24.2,41.3,2014,5,May,2,Friday,2,Moderate Drizzle
2014-05-03 00:00:00,53,0.7,0.7,0,88,26.6,11.3,23.7,39.4,23.2,39.3,2014,5,May,3,Saturday,2,Moderate Drizzle
2014-05-04 00:00:00,61,2.5,2.5,0,33,30.2,14.6,24,39,22.6,38.1,2014,5,May,4,Sunday,2,Slight Rain
2014-05-05 00:00:00,61,1.6,1.6,0,4,32,19.5,24.3,38.7,22.8,35.7,2014,5,May,5,Monday,2,Slight Rain
2014-05-06 00:00:00,55,1,1,0,94,26.3,12.7,24.8,38.8,22.9,34.7,2014,5,May,6,Tuesday,2,Dense Drizzle
2014-05-07 00:00:00,2,0,0,0,13,23.4,13.3,25,39.4,23.3,36,2014,5,May,7,Wednesday,2,Partly Cloudy
2014-05-08 00:00:00,51,0.3,0.3,0,339,40,18.3,24.5,39.4,23.2,37.8,2014,5,May,8,Thursday,2,Light Drizzle
2014-05-09 00:00:00,55,1,1,0,321,29.5,13.4,22.3,36.8,22,36.3,2014,5,May,9,Friday,2,Dense Drizzle
2014-05-10 00:00:00,55,1.1,1.1,0,237,33.1,21.2,21.7,36.1,21.4,35.8,2014,5,May,10,Saturday,2,Dense Drizzle
2014-05-11 00:00:00,51,0.2,0.2,0,51,25.6,11.5,23.9,33.8,22.1,32.3,2014,5,May,11,Sunday,2,Light Drizzle
2014-05-12 00:00:00,63,19.5,19.5,0,105,34.6,18.8,22.2,34.7,20.3,32.7,2014,5,May,12,Monday,2,Moderate Rain
2014-05-13 00:00:00,51,1.2,1.2,0,77,36,16.6,20,30,18.4,28.9,2014,5,May,13,Tuesday,2,Light Drizzle
2014-05-14 00:00:00,51,0.5,0.5,0,335,25.9,10.5,19.8,33.1,18.3,30.6,2014,5,May,14,Wednesday,2,Light Drizzle
2014-05-15 00:00:00,3,0,0,0,341,31.3,10.5,20,34,19.8,33.3,2014,5,May,15,Thursday,2,Overcast
2014-05-16 00:00:00,3,0,0,0,294,24.5,17.5,21.2,36.5,20.4,34.7,2014,5,May,16,Friday,2,Overcast
2014-05-17 00:00:00,51,0.3,0.3,0,317,28.8,13.8,23.3,37.9,23,34.3,2014,5,May,17,Saturday,2,Light Drizzle
2014-05-18 00:00:00,51,0.4,0.4,0,275,26.6,8.3,24,37.1,22,34.3,2014,5,May,18,Sunday,2,Light Drizzle
2014-05-19 00:00:00,2,0,0,0,305,26.6,9.4,23.9,36.6,21.6,34.8,2014,5,May,19,Monday,2,Partly Cloudy
2014-05-20 00:00:00,63,8.1,8.1,0,319,36,16,23.9,36.6,21.5,34.7,2014,5,May,20,Tuesday,2,Moderate Rain
2014-05-21 00:00:00,2,0,0,0,345,31.3,12.5,21.7,37.1,21.1,35.9,2014,5,May,21,Wednesday,2,Partly Cloudy
2014-05-22 00:00:00,53,0.7,0.7,0,62,27.7,15.2,22,39.9,21.2,38,2014,5,May,22,Thursday,2,Moderate Drizzle
2014-05-23 00:00:00,55,1,1,0,46,50,26,23,36,21.4,36.4,2014,5,May,23,Friday,2,Dense Drizzle
2014-05-24 00:00:00,3,0,0,0,46,32.8,18.7,21.9,39.9,21.2,37.4,2014,5,May,24,Saturday,2,Overcast
2014-05-25 00:00:00,3,0,0,0,36,30.2,10.7,21.4,39.3,21,38.3,2014,5,May,25,Sunday,2,Overcast
2014-05-26 00:00:00,3,0,0,0,74,25.2,13.1,21,39.5,21.6,37.7,2014,5,May,26,Monday,2,Overcast
2014-05-27 00:00:00,51,0.2,0.2,0,7,39.6,18.1,22.3,39.8,22.4,38.5,2014,5,May,27,Tuesday,2,Light Drizzle
2014-05-28 00:00:00,3,0,0,0,28,24.8,9.4,23.6,42.5,23.4,40.4,2014,5,May,28,Wednesday,2,Overcast
2014-05-29 00:00:00,3,0,0,0,67,23,8.7,24.9,43.8,25.1,42.4,2014,5,May,29,Thursday,2,Overcast
2014-05-30 00:00:00,3,0,0,0,12,38.2,22.4,25.8,41.1,25.9,41.2,2014,5,May,30,Friday,2,Overcast
2014-05-31 00:00:00,53,1.3,1.3,0,14,33.8,19.5,26.2,43.3,26.4,41.6,2014,5,May,31,Saturday,2,Moderate Drizzle
2014-06-01 00:00:00,51,0.4,0.4,0,72,33.1,20.8,25.8,39.2,23.9,38,2014,6,June,1,Sunday,2,Light Drizzle
2014-06-02 00:00:00,3,0,0,0,330,31.7,15.5,25,41.4,23.7,40.2,2014,6,June,2,Monday,2,Overcast
2014-06-03 00:00:00,2,0,0,0,333,29.5,11.9,25,41.8,25.5,41.2,2014,6,June,3,Tuesday,2,Partly Cloudy
2014-06-04 00:00:00,51,0.4,0.4,0,353,18,9.6,25,44.7,25,42.6,2014,6,June,4,Wednesday,2,Light Drizzle
2014-06-05 00:00:00,2,0,0,0,323,23,9.7,25.8,44.7,26.6,43.7,2014,6,June,5,Thursday,2,Partly Cloudy
2014-06-06 00:00:00,3,0,0,0,319,25.9,11.5,26.4,44.5,27.6,44.4,2014,6,June,6,Friday,2,Overcast
2014-06-07 00:00:00,3,0,0,0,310,31.3,16.9,25.8,44.3,27.3,45.1,2014,6,June,7,Saturday,2,Overcast
2014-06-08 00:00:00,1,0,0,0,28,22,12.2,25,44.4,26.8,44.1,2014,6,June,8,Sunday,2,Mainly Clear
2014-06-09 00:00:00,1,0,0,0,336,31.7,14,26.1,44,27.1,45,2014,6,June,9,Monday,2,Mainly Clear
2014-06-10 00:00:00,3,0,0,0,233,20.2,13.8,25.1,45.8,26.1,44.7,2014,6,June,10,Tuesday,2,Overcast
2014-06-11 00:00:00,61,1.4,1.4,0,218,41.8,18.5,26.2,44,26.2,44,2014,6,June,11,Wednesday,2,Slight Rain
2014-06-12 00:00:00,51,0.2,0.2,0,239,55.1,20.4,26.3,44,25.9,42.3,2014,6,June,12,Thursday,2,Light Drizzle
2014-06-13 00:00:00,1,0,0,0,244,40.3,19.1,29.2,41.5,28.2,41,2014,6,June,13,Friday,2,Mainly Clear
2014-06-14 00:00:00,0,0,0,0,229,28.4,13,31.9,44.3,29.4,41.9,2014,6,June,14,Saturday,2,Clear Sky
2014-06-15 00:00:00,1,0,0,0,216,22.3,11.2,34.7,46.1,30.9,41.5,2014,6,June,15,Sunday,2,Mainly Clear
2014-06-16 00:00:00,1,0,0,0,208,27.4,12.1,35.6,47.3,31.7,42.7,2014,6,June,16,Monday,2,Mainly Clear
2014-06-17 00:00:00,51,0.1,0.1,0,226,30.6,13.4,35.5,46,31.4,43,2014,6,June,17,Tuesday,2,Light Drizzle
2014-06-18 00:00:00,53,1.2,1.2,0,139,27,11.5,34.9,45,30.9,40.1,2014,6,June,18,Wednesday,2,Moderate Drizzle
2014-06-19 00:00:00,51,1,1,0,3,35.3,11.2,33.2,46.8,28.6,40.8,2014,6,June,19,Thursday,2,Light Drizzle
2014-06-20 00:00:00,53,1.5,1.5,0,272,27.7,10.5,33.9,46.7,30.1,42.4,2014,6,June,20,Friday,2,Moderate Drizzle
2014-06-21 00:00:00,53,1.7,1.7,0,152,29.2,13.2,30.9,44.3,27.7,39.6,2014,6,June,21,Saturday,2,Moderate Drizzle
2014-06-22 00:00:00,53,1,1,0,152,30.2,11.8,30.3,42.9,27.1,37.8,2014,6,June,22,Sunday,2,Moderate Drizzle
2014-06-23 00:00:00,55,2.1,2.1,0,186,32.4,15.9,31,42.7,27.4,38.2,2014,6,June,23,Monday,2,Dense Drizzle
2014-06-24 00:00:00,53,0.8,0.8,0,138,21.2,10.8,31.1,43.2,27,38.6,2014,6,June,24,Tuesday,2,Moderate Drizzle
2014-06-25 00:00:00,51,0.2,0.2,0,94,27,14.3,31.2,41.1,27.8,37,2014,6,June,25,Wednesday,2,Light Drizzle
2014-06-26 00:00:00,2,0,0,0,128,22.7,10.4,32.6,43.1,27.9,37.3,2014,6,June,26,Thursday,2,Partly Cloudy
2014-06-27 00:00:00,51,0.1,0.1,0,166,28.8,12.9,32.8,45.3,28.2,39.4,2014,6,June,27,Friday,2,Light Drizzle
2014-06-28 00:00:00,61,4,4,0,137,30.2,12.2,31.2,45.7,26.7,40.4,2014,6,June,28,Saturday,2,Slight Rain
2014-06-29 00:00:00,61,6.1,6.1,0,98,30.6,14.5,30.4,41.5,26.1,35.5,2014,6,June,29,Sunday,2,Slight Rain
2014-06-30 00:00:00,63,13.7,13.7,0,111,37.8,20,29.6,42.4,25.6,36.4,2014,6,June,30,Monday,2,Moderate Rain
2014-07-01 00:00:00,61,13.2,13.2,0,106,36.7,18.7,28.7,38.5,25.2,32.2,2014,7,July,1,Tuesday,3,Slight Rain
2014-07-02 00:00:00,63,13.5,13.5,0,110,27.4,12.3,30.4,38.5,25.2,32.4,2014,7,July,2,Wednesday,3,Moderate Rain
2014-07-03 00:00:00,55,3.2,3.2,0,131,20.5,7.4,31.1,39.2,25.7,31.9,2014,7,July,3,Thursday,3,Dense Drizzle
2014-07-04 00:00:00,1,0,0,0,209,18.7,7.9,32.2,41.8,25.9,34.7,2014,7,July,4,Friday,3,Mainly Clear
2014-07-05 00:00:00,53,0.5,0.5,0,268,21.6,10.7,33.6,43.1,27.2,36.2,2014,7,July,5,Saturday,3,Moderate Drizzle
2014-07-06 00:00:00,51,0.3,0.3,0,261,24.8,12.5,33.8,42.1,28.3,36,2014,7,July,6,Sunday,3,Light Drizzle
2014-07-07 00:00:00,51,0.2,0.2,0,269,24.1,8.8,32.7,42.3,27.9,37.9,2014,7,July,7,Monday,3,Light Drizzle
2014-07-08 00:00:00,1,0,0,0,239,20.5,7.3,32.9,44.6,27.6,38.7,2014,7,July,8,Tuesday,3,Mainly Clear
2014-07-09 00:00:00,51,0.2,0.2,0,170,24.1,10.2,34.7,45,29.3,39.4,2014,7,July,9,Wednesday,3,Light Drizzle
2014-07-10 00:00:00,0,0,0,0,223,19.1,7.7,34.9,45.4,29.1,39.2,2014,7,July,10,Thursday,3,Clear Sky
2014-07-11 00:00:00,0,0,0,0,226,25.6,10.1,34.4,44.6,29.5,40.3,2014,7,July,11,Friday,3,Clear Sky
2014-07-12 00:00:00,0,0,0,0,148,20.2,10.3,34,45.6,29.8,40.2,2014,7,July,12,Saturday,3,Clear Sky
2014-07-13 00:00:00,1,0,0,0,126,23,14.2,35.2,46.4,30.3,40,2014,7,July,13,Sunday,3,Mainly Clear
2014-07-14 00:00:00,2,0,0,0,121,31.7,17.2,34.7,45.3,30.5,38.1,2014,7,July,14,Monday,3,Partly Cloudy
2014-07-15 00:00:00,61,2.8,2.8,0,101,36,16.3,33.3,44.2,28.7,37.8,2014,7,July,15,Tuesday,3,Slight Rain
2014-07-16 00:00:00,53,2.3,2.3,0,102,30.6,16.7,31.7,39.4,26.3,34.2,2014,7,July,16,Wednesday,3,Moderate Drizzle
2014-07-17 00:00:00,55,5.8,5.8,0,87,26.3,11.9,31.2,39.8,25.9,33.3,2014,7,July,17,Thursday,3,Dense Drizzle
2014-07-18 00:00:00,53,1.7,1.7,0,102,26.6,10.5,30.9,40.9,25.4,33.7,2014,7,July,18,Friday,3,Moderate Drizzle
2014-07-19 00:00:00,51,1.4,1.4,0,143,21.6,10.2,31.2,39.9,26.3,33.5,2014,7,July,19,Saturday,3,Light Drizzle
2014-07-20 00:00:00,51,0.1,0.1,0,100,20.5,9.2,30.9,42.1,26.2,35.2,2014,7,July,20,Sunday,3,Light Drizzle
2014-07-21 00:00:00,1,0,0,0,108,19.8,10.6,32.2,42.3,27.1,35.9,2014,7,July,21,Monday,3,Mainly Clear
2014-07-22 00:00:00,51,0.3,0.3,0,114,23.4,10.7,34.1,42.8,28.4,36.3,2014,7,July,22,Tuesday,3,Light Drizzle
2014-07-23 00:00:00,61,9.5,9.5,0,105,33.8,17.1,32,42,26.8,35.5,2014,7,July,23,Wednesday,3,Slight Rain
2014-07-24 00:00:00,61,5.8,5.8,0,106,30.6,14.5,31.8,34.8,26.7,29.9,2014,7,July,24,Thursday,3,Slight Rain
2014-07-25 00:00:00,51,0.8,0.8,0,103,32,15.3,31.5,37.4,26.4,32.5,2014,7,July,25,Friday,3,Light Drizzle
2014-07-26 00:00:00,51,0.4,0.4,0,91,25.9,13,31.6,39.4,26.5,33.5,2014,7,July,26,Saturday,3,Light Drizzle
2014-07-27 00:00:00,61,6.4,6.4,0,103,28.1,15.3,32.1,39.3,26.2,33.5,2014,7,July,27,Sunday,3,Slight Rain
2014-07-28 00:00:00,63,15.5,15.5,0,109,26.3,14.7,29.5,38.1,24.8,32.2,2014,7,July,28,Monday,3,Moderate Rain
2014-07-29 00:00:00,61,8.1,8.1,0,131,28.4,13.3,29.2,36.2,24.7,30.6,2014,7,July,29,Tuesday,3,Slight Rain
2014-07-30 00:00:00,53,1.1,1.1,0,127,23,9.7,31,40,25.5,32.6,2014,7,July,30,Wednesday,3,Moderate Drizzle
2014-07-31 00:00:00,61,6.9,6.9,0,113,25.6,8.9,31.8,41.3,26,33.9,2014,7,July,31,Thursday,3,Slight Rain
2014-08-01 00:00:00,63,7.6,7.6,0,81,25.9,12.3,30.7,39.7,25.7,32.9,2014,8,August,1,Friday,3,Moderate Rain
2014-08-02 00:00:00,53,1,1,0,337,19.4,5.8,32.3,42.2,26,33.8,2014,8,August,2,Saturday,3,Moderate Drizzle
2014-08-03 00:00:00,53,1,1,0,221,21.2,7.6,32.3,42.5,26.2,34.6,2014,8,August,3,Sunday,3,Moderate Drizzle
2014-08-04 00:00:00,51,1.2,1.2,0,166,31.7,16.7,31.5,43.1,26.3,35.7,2014,8,August,4,Monday,3,Light Drizzle
2014-08-05 00:00:00,61,3.3,3.3,0,129,37.4,16.6,30.8,40.6,25.8,33.5,2014,8,August,5,Tuesday,3,Slight Rain
2014-08-06 00:00:00,53,0.8,0.8,0,124,19.4,6.6,33.2,42.9,26.4,34.9,2014,8,August,6,Wednesday,3,Moderate Drizzle
2014-08-07 00:00:00,53,1.3,1.3,0,129,30.6,15.5,33.2,41,27.1,33.4,2014,8,August,7,Thursday,3,Moderate Drizzle
2014-08-08 00:00:00,61,7,7,0,120,25.2,10.5,31.6,38.1,26,32.2,2014,8,August,8,Friday,3,Slight Rain
2014-08-09 00:00:00,53,2.8,2.8,0,92,20.2,9.2,30.8,40,25.6,33.6,2014,8,August,9,Saturday,3,Moderate Drizzle
2014-08-10 00:00:00,51,0.2,0.2,0,202,18,5.8,31.8,40.9,25.7,34.3,2014,8,August,10,Sunday,3,Light Drizzle
2014-08-11 00:00:00,51,0.6,0.6,0,140,16.9,7,34.1,43.5,27.5,35.4,2014,8,August,11,Monday,3,Light Drizzle
2014-08-12 00:00:00,53,1.2,1.2,0,121,24.8,7.8,33.4,42.5,27,35.2,2014,8,August,12,Tuesday,3,Moderate Drizzle
2014-08-13 00:00:00,2,0,0,0,175,25.6,10.8,33.5,42.1,27.5,36.3,2014,8,August,13,Wednesday,3,Partly Cloudy
2014-08-14 00:00:00,55,2.4,2.4,0,145,33.5,15.7,29.5,42.1,25.2,36.3,2014,8,August,14,Thursday,3,Dense Drizzle
2014-08-15 00:00:00,63,15.4,15.4,0,123,36.7,18.9,27.6,40.1,24.4,34.3,2014,8,August,15,Friday,3,Moderate Rain
2014-08-16 00:00:00,55,4,4,0,92,37.8,15.6,27.6,35.1,24.2,30.5,2014,8,August,16,Saturday,3,Dense Drizzle
2014-08-17 00:00:00,1,0,0,0,7,21.6,9.4,27.8,37.4,24,32,2014,8,August,17,Sunday,3,Mainly Clear
2014-08-18 00:00:00,1,0,0,0,293,23,8.9,29.7,40.1,24.4,34.8,2014,8,August,18,Monday,3,Mainly Clear
2014-08-19 00:00:00,1,0,0,0,197,22.3,8.6,29.6,40.7,24.9,35.9,2014,8,August,19,Tuesday,3,Mainly Clear
2014-08-20 00:00:00,0,0,0,0,141,23.4,9.7,31,42.9,26.4,37.4,2014,8,August,20,Wednesday,3,Clear Sky
2014-08-21 00:00:00,1,0,0,0,147,24.5,11,32,42.1,27,37.5,2014,8,August,21,Thursday,3,Mainly Clear
2014-08-22 00:00:00,2,0,0,0,104,22,8.7,31.3,42.2,26.6,36.6,2014,8,August,22,Friday,3,Partly Cloudy
2014-08-23 00:00:00,0,0,0,0,58,24.8,10,31.2,41.4,26.5,36.5,2014,8,August,23,Saturday,3,Clear Sky
2014-08-24 00:00:00,1,0,0,0,107,25.9,11.9,32,42.7,26.2,37.1,2014,8,August,24,Sunday,3,Mainly Clear
2014-08-25 00:00:00,2,0,0,0,96,26.6,13.1,31.5,42.9,26.1,38.3,2014,8,August,25,Monday,3,Partly Cloudy
2014-08-26 00:00:00,61,2.7,2.7,0,87,22.3,9.4,31,42.9,26.1,37.1,2014,8,August,26,Tuesday,3,Slight Rain
2014-08-27 00:00:00,63,3.7,3.7,0,242,29.5,10.5,31,41.4,26.3,36,2014,8,August,27,Wednesday,3,Moderate Rain
2014-08-28 00:00:00,55,2,2,0,305,26.3,7.2,30.3,39.3,25.6,32.7,2014,8,August,28,Thursday,3,Dense Drizzle
2014-08-29 00:00:00,2,0,0,0,165,19.1,5.5,30.8,39.1,25.6,34,2014,8,August,29,Friday,3,Partly Cloudy
2014-08-30 00:00:00,2,0,0,0,123,16.2,7.4,30.4,41.3,25.1,35.3,2014,8,August,30,Saturday,3,Partly Cloudy
2014-08-31 00:00:00,53,1.1,1.1,0,111,18.4,8.7,30.7,42.1,25.7,35.9,2014,8,August,31,Sunday,3,Moderate Drizzle
2014-09-01 00:00:00,63,18.1,18.1,0,67,28.1,15,30.5,35.5,25.2,30.4,2014,9,September,1,Monday,3,Moderate Rain
2014-09-02 00:00:00,61,7,7,0,23,45,15,28.4,32.3,24.3,28.9,2014,9,September,2,Tuesday,3,Slight Rain
2014-09-03 00:00:00,65,52.6,52.6,0,27,46.4,22.3,25.4,30.2,23.4,27.3,2014,9,September,3,Wednesday,3,Heavy Rain
2014-09-04 00:00:00,65,97.6,97.6,0,112,63.7,24.5,26.4,30.4,23.8,25.5,2014,9,September,4,Thursday,3,Heavy Rain
2014-09-05 00:00:00,63,51.8,51.8,0,103,49.3,22.5,26.5,29.9,23.6,25.4,2014,9,September,5,Friday,3,Moderate Rain
2014-09-06 00:00:00,51,1.2,1.2,0,181,31,17.6,26.2,33.7,23.1,28.5,2014,9,September,6,Saturday,3,Light Drizzle
2014-09-07 00:00:00,51,0.2,0.2,0,28,18,6.4,27.4,37,22.8,31.2,2014,9,September,7,Sunday,3,Light Drizzle
2014-09-08 00:00:00,1,0,0,0,89,12.6,7,28.4,38.5,23.4,32.1,2014,9,September,8,Monday,3,Mainly Clear
2014-09-09 00:00:00,51,0.1,0.1,0,90,14.4,6.3,29.7,39.1,24.2,32.2,2014,9,September,9,Tuesday,3,Light Drizzle
2014-09-10 00:00:00,1,0,0,0,115,15.1,6.4,29.6,39.4,24,32.1,2014,9,September,10,Wednesday,3,Mainly Clear
2014-09-11 00:00:00,51,0.2,0.2,0,111,17.3,8.6,30,38.3,24.2,31.7,2014,9,September,11,Thursday,3,Light Drizzle
2014-09-12 00:00:00,53,2.1,2.1,0,81,23,6.2,29.3,37.2,24,30.4,2014,9,September,12,Friday,3,Moderate Drizzle
2014-09-13 00:00:00,53,1.7,1.7,0,144,20.5,7.1,27.6,37.1,23.2,31,2014,9,September,13,Saturday,3,Moderate Drizzle
2014-09-14 00:00:00,53,1.7,1.7,0,173,18,10.5,27.7,38,23.6,31.4,2014,9,September,14,Sunday,3,Moderate Drizzle
2014-09-15 00:00:00,1,0,0,0,303,23,6.3,28.2,38.1,23.4,31.5,2014,9,September,15,Monday,3,Mainly Clear
2014-09-16 00:00:00,1,0,0,0,166,16.6,6.4,27.7,37.7,23.1,32.4,2014,9,September,16,Tuesday,3,Mainly Clear
2014-09-17 00:00:00,2,0,0,0,136,19.8,8.7,28.4,38.5,24,32.9,2014,9,September,17,Wednesday,3,Partly Cloudy
2014-09-18 00:00:00,1,0,0,0,161,18,8.8,27.9,39.5,23.7,33.5,2014,9,September,18,Thursday,3,Mainly Clear
2014-09-19 00:00:00,1,0,0,0,204,15.5,6.7,28.2,39.7,23.7,33.9,2014,9,September,19,Friday,3,Mainly Clear
2014-09-20 00:00:00,0,0,0,0,184,15.8,5.8,29.1,39.9,24.4,34.1,2014,9,September,20,Saturday,3,Clear Sky
2014-09-21 00:00:00,51,0.2,0.2,0,147,19.8,11.5,29.4,39.8,24.8,33.5,2014,9,September,21,Sunday,3,Light Drizzle
2014-09-22 00:00:00,1,0,0,0,195,15.8,7.5,30.3,39,25.1,33.1,2014,9,September,22,Monday,3,Mainly Clear
2014-09-23 00:00:00,1,0,0,0,195,19.8,7.1,28.2,39,23.8,33.3,2014,9,September,23,Tuesday,3,Mainly Clear
2014-09-24 00:00:00,0,0,0,0,161,22,9.2,26.8,37.6,23.1,33,2014,9,September,24,Wednesday,3,Clear Sky
2014-09-25 00:00:00,0,0,0,0,221,23.8,10.1,26.3,36.4,22.5,33.3,2014,9,September,25,Thursday,3,Clear Sky
2014-09-26 00:00:00,1,0,0,0,219,21.2,8.3,27.8,36.2,24.2,32.1,2014,9,September,26,Friday,3,Mainly Clear
2014-09-27 00:00:00,1,0,0,0,150,21.2,7.2,27.5,36.8,23.7,32.9,2014,9,September,27,Saturday,3,Mainly Clear
2014-09-28 00:00:00,1,0,0,0,130,22.3,9.2,27.4,36.7,23.1,32.5,2014,9,September,28,Sunday,3,Mainly Clear
2014-09-29 00:00:00,2,0,0,0,123,22.3,10,27.2,37.6,23.6,33.1,2014,9,September,29,Monday,3,Partly Cloudy
2014-09-30 00:00:00,55,2,2,0,97,24.8,9,27.2,38.1,23.7,33.4,2014,9,September,30,Tuesday,3,Dense Drizzle
2014-10-01 00:00:00,51,0.2,0.2,0,95,23.4,9.6,26.6,37.5,23.3,32.5,2014,10,October,1,Wednesday,4,Light Drizzle
2014-10-02 00:00:00,1,0,0,0,103,20.9,7.5,26.9,36.9,23.6,32.2,2014,10,October,2,Thursday,4,Mainly Clear
2014-10-03 00:00:00,51,0.1,0.1,0,117,21.6,8.8,27.9,37.8,23.4,32.7,2014,10,October,3,Friday,4,Light Drizzle
2014-10-04 00:00:00,1,0,0,0,94,18.4,9,27.7,37.8,23.9,33.3,2014,10,October,4,Saturday,4,Mainly Clear
2014-10-05 00:00:00,1,0,0,0,85,22.7,9.1,27.7,37.7,23.9,33.2,2014,10,October,5,Sunday,4,Mainly Clear
2014-10-06 00:00:00,3,0,0,0,28,22.7,9.8,27.6,35.9,22.9,32.3,2014,10,October,6,Monday,4,Overcast
2014-10-07 00:00:00,51,0.2,0.2,0,70,30.2,12.2,25.7,37,22.3,32.8,2014,10,October,7,Tuesday,4,Light Drizzle
2014-10-08 00:00:00,63,13.7,13.7,0,22,41.8,12.9,22.3,34.6,20.3,30,2014,10,October,8,Wednesday,4,Moderate Rain
2014-10-09 00:00:00,0,0,0,0,316,23.8,10.6,21.7,33.2,19.8,30.9,2014,10,October,9,Thursday,4,Clear Sky
2014-10-10 00:00:00,1,0,0,0,299,28.4,13.4,21.2,33.6,18.9,31.2,2014,10,October,10,Friday,4,Mainly Clear
2014-10-11 00:00:00,1,0,0,0,326,16.2,8.3,20.5,34.4,18.3,31.2,2014,10,October,11,Saturday,4,Mainly Clear
2014-10-12 00:00:00,3,0,0,0,50,17.6,8.3,20.1,34.2,18.2,31.6,2014,10,October,12,Sunday,4,Overcast
2014-10-13 00:00:00,3,0,0,0,346,31.7,19,16.9,31.4,18.1,29.5,2014,10,October,13,Monday,4,Overcast
2014-10-14 00:00:00,61,2.8,2.8,0,347,38.2,11.5,16.6,24.7,15.7,24,2014,10,October,14,Tuesday,4,Slight Rain
2014-10-15 00:00:00,0,0,0,0,314,23.4,9.2,16,27.6,15.2,26.8,2014,10,October,15,Wednesday,4,Clear Sky
2014-10-16 00:00:00,0,0,0,0,312,21.6,7.7,15.4,28.1,15.1,27.2,2014,10,October,16,Thursday,4,Clear Sky
2014-10-17 00:00:00,0,0,0,0,299,17.6,7.3,16.9,29.8,16,28.3,2014,10,October,17,Friday,4,Clear Sky
2014-10-18 00:00:00,0,0,0,0,301,21.6,8.1,16,30.3,15.7,29.5,2014,10,October,18,Saturday,4,Clear Sky
2014-10-19 00:00:00,1,0,0,0,311,20.2,8.3,17.1,31.1,16.3,30,2014,10,October,19,Sunday,4,Mainly Clear
2014-10-20 00:00:00,0,0,0,0,320,25.6,11.1,19.5,31,18.5,30.4,2014,10,October,20,Monday,4,Clear Sky
2014-10-21 00:00:00,0,0,0,0,1,19.8,8.6,19.2,32.2,17.8,30.6,2014,10,October,21,Tuesday,4,Clear Sky
2014-10-22 00:00:00,0,0,0,0,43,17.6,8.7,18.8,32.2,17.5,30.3,2014,10,October,22,Wednesday,4,Clear Sky
2014-10-23 00:00:00,2,0,0,0,45,18,8.4,20.7,32.7,19.1,30.3,2014,10,October,23,Thursday,4,Partly Cloudy
2014-10-24 00:00:00,53,1.2,1.2,0,2,23,8.4,20,31.5,18.5,29.4,2014,10,October,24,Friday,4,Moderate Drizzle
2014-10-25 00:00:00,1,0,0,0,10,22,8.7,19.4,31.4,17.8,30,2014,10,October,25,Saturday,4,Mainly Clear
2014-10-26 00:00:00,3,0,0,0,67,20.5,8.4,18.5,31.1,17.3,29.4,2014,10,October,26,Sunday,4,Overcast
2014-10-27 00:00:00,53,0.7,0.7,0,42,20.9,9,21.4,31.8,19.1,29.6,2014,10,October,27,Monday,4,Moderate Drizzle
2014-10-28 00:00:00,61,3.2,3.2,0,25,22.7,10.9,18.3,28.9,17.2,27,2014,10,October,28,Tuesday,4,Slight Rain
2014-10-29 00:00:00,1,0,0,0,347,19.8,8.7,16.7,28.9,16.4,28.6,2014,10,October,29,Wednesday,4,Mainly Clear
2014-10-30 00:00:00,2,0,0,0,336,22.7,8.4,15.9,28.6,15.8,28.1,2014,10,October,30,Thursday,4,Partly Cloudy
2014-10-31 00:00:00,2,0,0,0,311,22,9.3,13.9,27.7,14.2,28.2,2014,10,October,31,Friday,4,Partly Cloudy
2014-11-01 00:00:00,0,0,0,0,311,21.6,9.2,12.8,26.9,13.2,27.7,2014,11,November,1,Saturday,4,Clear Sky
2014-11-02 00:00:00,3,0,0,0,317,22,7.2,12.6,28,13.3,28.6,2014,11,November,2,Sunday,4,Overcast
2014-11-03 00:00:00,3,0,0,0,334,29.5,14.8,15.7,25.7,15.5,26.8,2014,11,November,3,Monday,4,Overcast
2014-11-04 00:00:00,3,0,0,0,301,24.1,10.1,16.1,26.7,16.1,26.8,2014,11,November,4,Tuesday,4,Overcast
2014-11-05 00:00:00,1,0,0,0,308,25.6,10.5,15,27.7,15.6,28,2014,11,November,5,Wednesday,4,Mainly Clear
2014-11-06 00:00:00,2,0,0,0,288,24.1,10,14.2,28.1,14.6,28.3,2014,11,November,6,Thursday,4,Partly Cloudy
2014-11-07 00:00:00,55,3.4,3.4,0,1,33.5,18.4,15.9,26.6,16.4,25.7,2014,11,November,7,Friday,4,Dense Drizzle
2014-11-08 00:00:00,53,1,1,0,338,28.4,13.6,12.6,26.7,14.3,26.7,2014,11,November,8,Saturday,4,Moderate Drizzle
2014-11-09 00:00:00,0,0,0,0,309,23.8,10.7,11,24.8,12.7,26.5,2014,11,November,9,Sunday,4,Clear Sky
2014-11-10 00:00:00,0,0,0,0,301,23,10.2,10.6,25,11.9,26.6,2014,11,November,10,Monday,4,Clear Sky
2014-11-11 00:00:00,0,0,0,0,299,18.7,10.5,13.4,24.6,14.2,26.2,2014,11,November,11,Tuesday,4,Clear Sky
2014-11-12 00:00:00,0,0,0,0,313,18.4,10.3,9.6,25,11.5,25.7,2014,11,November,12,Wednesday,4,Clear Sky
2014-11-13 00:00:00,3,0,0,0,287,18.7,11.3,8.6,24.1,10.5,25.8,2014,11,November,13,Thursday,4,Overcast
2014-11-14 00:00:00,3,0,0,0,298,22.7,11.6,8.1,23,9.7,25.3,2014,11,November,14,Friday,4,Overcast
2014-11-15 00:00:00,1,0,0,0,302,22,9.5,7.8,23.3,9.5,25.4,2014,11,November,15,Saturday,4,Mainly Clear
2014-11-16 00:00:00,0,0,0,0,315,22,10.5,9.8,24.1,11,25.8,2014,11,November,16,Sunday,4,Clear Sky
2014-11-17 00:00:00,2,0,0,0,295,21.6,10.9,9.3,24,10.4,25.7,2014,11,November,17,Monday,4,Partly Cloudy
2014-11-18 00:00:00,3,0,0,0,313,18.4,7,9.6,24.1,10.7,25.5,2014,11,November,18,Tuesday,4,Overcast
2014-11-19 00:00:00,0,0,0,0,343,19.8,9,9.2,24.4,10.5,25.6,2014,11,November,19,Wednesday,4,Clear Sky
2014-11-20 00:00:00,2,0,0,0,332,19.1,7.9,9,23.8,10.1,24.9,2014,11,November,20,Thursday,4,Partly Cloudy
2014-11-21 00:00:00,3,0,0,0,344,20.5,9.7,9.1,24,10.4,25.3,2014,11,November,21,Friday,4,Overcast
2014-11-22 00:00:00,3,0,0,0,5,16.6,9.2,9.1,23.9,10.4,24.4,2014,11,November,22,Saturday,4,Overcast
2014-11-23 00:00:00,0,0,0,0,311,23.8,11.2,8,22.8,9.5,24.6,2014,11,November,23,Sunday,4,Clear Sky
2014-11-24 00:00:00,3,0,0,0,334,19.8,10.2,7.3,22.3,9.1,24.6,2014,11,November,24,Monday,4,Overcast
2014-11-25 00:00:00,0,0,0,0,316,22.3,9.8,9.9,22.6,11.2,24.3,2014,11,November,25,Tuesday,4,Clear Sky
2014-11-26 00:00:00,1,0,0,0,273,22.7,9.6,8.7,23.4,10.2,25.1,2014,11,November,26,Wednesday,4,Mainly Clear
2014-11-27 00:00:00,1,0,0,0,78,22.3,10.4,8.8,23.6,10.1,24.4,2014,11,November,27,Thursday,4,Mainly Clear
2014-11-28 00:00:00,2,0,0,0,34,21.2,9.4,10,24.4,10.7,25,2014,11,November,28,Friday,4,Partly Cloudy
2014-11-29 00:00:00,2,0,0,0,338,19.4,9.9,11,25.1,12.2,25.9,2014,11,November,29,Saturday,4,Partly Cloudy
2014-11-30 00:00:00,0,0,0,0,317,22.3,9.9,10,24,11.1,25.8,2014,11,November,30,Sunday,4,Clear Sky
2014-12-01 00:00:00,3,0,0,0,307,29.9,15.3,10.2,22.5,11.7,25.6,2014,12,December,1,Monday,4,Overcast
2014-12-02 00:00:00,0,0,0,0,295,24.8,12.1,8.8,23,10.7,25.6,2014,12,December,2,Tuesday,4,Clear Sky
2014-12-03 00:00:00,0,0,0,0,313,24.5,11.6,8.7,23.2,10.1,25.7,2014,12,December,3,Wednesday,4,Clear Sky
2014-12-04 00:00:00,0,0,0,0,329,18,9.1,8.4,24.1,10.1,25.7,2014,12,December,4,Thursday,4,Clear Sky
2014-12-05 00:00:00,0,0,0,0,341,18.4,10.4,8.3,24,10,25.1,2014,12,December,5,Friday,4,Clear Sky
2014-12-06 00:00:00,1,0,0,0,322,24.8,12,6.9,21.6,9.2,24.6,2014,12,December,6,Saturday,4,Mainly Clear
2014-12-07 00:00:00,3,0,0,0,306,20.9,8.9,5.9,20.8,7.9,23.7,2014,12,December,7,Sunday,4,Overcast
2014-12-08 00:00:00,0,0,0,0,334,15.8,10.3,5.2,20.9,7.7,22.9,2014,12,December,8,Monday,4,Clear Sky
2014-12-09 00:00:00,0,0,0,0,307,21.2,10.5,3.8,19.1,6.1,22.2,2014,12,December,9,Tuesday,4,Clear Sky
2014-12-10 00:00:00,0,0,0,0,314,17.6,11.2,4.4,18.9,7.5,21.4,2014,12,December,10,Wednesday,4,Clear Sky
2014-12-11 00:00:00,3,0,0,0,306,24.1,12.1,3.4,17.4,6.3,21.1,2014,12,December,11,Thursday,4,Overcast
2014-12-12 00:00:00,3,0,0,0,329,15.5,10,4.6,18,7,20.6,2014,12,December,12,Friday,4,Overcast
2014-12-13 00:00:00,51,0.4,0.4,0,91,25.2,13,5.5,16.9,7.4,19.2,2014,12,December,13,Saturday,4,Light Drizzle
2014-12-14 00:00:00,51,0.4,0.4,0,44,19.8,11.9,8.6,14,9.6,14.8,2014,12,December,14,Sunday,4,Light Drizzle
2014-12-15 00:00:00,3,0,0,0,318,18.7,9.1,5.5,16,7.5,16.8,2014,12,December,15,Monday,4,Overcast
2014-12-16 00:00:00,0,0,0,0,298,19.1,9.6,4,17,6.3,18.8,2014,12,December,16,Tuesday,4,Clear Sky
2014-12-17 00:00:00,2,0,0,0,299,24.5,10.4,3,16.6,5.5,18.4,2014,12,December,17,Wednesday,4,Partly Cloudy
2014-12-18 00:00:00,3,0,0,0,296,15.8,6.9,4.3,15.7,5.9,16.5,2014,12,December,18,Thursday,4,Overcast
2014-12-19 00:00:00,3,0,0,0,325,18,9.4,3.9,13.6,5.7,14.5,2014,12,December,19,Friday,4,Overcast
2014-12-20 00:00:00,3,0,0,0,268,22,10.1,3.4,15.5,5.3,16.6,2014,12,December,20,Saturday,4,Overcast
2014-12-21 00:00:00,3,0,0,0,158,15.8,7.4,3.7,14.8,5.7,15.5,2014,12,December,21,Sunday,4,Overcast
2014-12-22 00:00:00,3,0,0,0,105,14.4,8.9,2.6,13.8,4.7,14.7,2014,12,December,22,Monday,4,Overcast
2014-12-23 00:00:00,3,0,0,0,12,15.5,8.8,2.7,14.3,4.8,15.4,2014,12,December,23,Tuesday,4,Overcast
2014-12-24 00:00:00,3,0,0,0,308,13.3,9.5,2.2,17,4.6,17.7,2014,12,December,24,Wednesday,4,Overcast
2014-12-25 00:00:00,0,0,0,0,270,20.2,10.6,3.6,17.4,5.9,18.8,2014,12,December,25,Thursday,4,Clear Sky
2014-12-26 00:00:00,0,0,0,0,286,32,16.6,3.6,16.3,6.2,19.9,2014,12,December,26,Friday,4,Clear Sky
2014-12-27 00:00:00,0,0,0,0,140,16.2,10.4,2,16.4,4.4,18.3,2014,12,December,27,Saturday,4,Clear Sky
2014-12-28 00:00:00,3,0,0,0,61,16.6,6.6,1.8,15.5,4,16.6,2014,12,December,28,Sunday,4,Overcast
2014-12-29 00:00:00,3,0,0,0,344,18.7,7,0.4,14.6,2.7,16,2014,12,December,29,Monday,4,Overcast
2014-12-30 00:00:00,3,0,0,0,9,15.5,5,3,14.2,5,14.8,2014,12,December,30,Tuesday,4,Overcast
2014-12-31 00:00:00,3,0,0,0,54,13.7,6.6,3.6,16.5,5.4,17.4,2014,12,December,31,Wednesday,4,Overcast
2015-01-01 00:00:00,3,0,0,0,343,19.8,10.2,4.2,19.3,6.5,20.8,2015,1,January,1,Thursday,1,Overcast
2015-01-02 00:00:00,3,0,0,0,145,15.8,9.5,3.2,19.6,5.5,21.1,2015,1,January,2,Friday,1,Overcast
2015-01-03 00:00:00,3,0,0,0,141,17.6,7.9,7.5,18.6,8.8,18.6,2015,1,January,3,Saturday,1,Overcast
2015-01-04 00:00:00,3,0,0,0,337,20.2,9.2,6.3,17.2,8,18.1,2015,1,January,4,Sunday,1,Overcast
2015-01-05 00:00:00,3,0,0,0,291,34.2,17.2,6,17,7.8,19.5,2015,1,January,5,Monday,1,Overcast
2015-01-06 00:00:00,3,0,0,0,262,24.1,10.4,5.3,18.1,7.1,19.5,2015,1,January,6,Tuesday,1,Overcast
2015-01-07 00:00:00,3,0,0,0,272,18.4,8.1,4.5,18.1,6.2,18.9,2015,1,January,7,Wednesday,1,Overcast
2015-01-08 00:00:00,3,0,0,0,115,15.5,7,5.5,16.9,6.8,17.1,2015,1,January,8,Thursday,1,Overcast
2015-01-09 00:00:00,3,0,0,0,332,14.8,6.5,6.4,13.8,7.3,14.4,2015,1,January,9,Friday,1,Overcast
2015-01-10 00:00:00,3,0,0,0,275,22,8.9,4.4,15.9,6.4,16.7,2015,1,January,10,Saturday,1,Overcast
2015-01-11 00:00:00,3,0,0,0,226,18,8.2,3.9,17.5,5.9,18.3,2015,1,January,11,Sunday,1,Overcast
2015-01-12 00:00:00,3,0,0,0,98,14,8.4,4.1,15,5.8,14.9,2015,1,January,12,Monday,1,Overcast
2015-01-13 00:00:00,61,13.6,13.6,0,79,27.4,10.3,5.8,13.6,7.8,14.9,2015,1,January,13,Tuesday,1,Slight Rain
2015-01-14 00:00:00,61,8.3,8.3,0,75,32.8,16.9,5,12.9,6.8,15.3,2015,1,January,14,Wednesday,1,Slight Rain
2015-01-15 00:00:00,0,0,0,0,315,17.3,9.4,3.2,17.4,5.4,18.4,2015,1,January,15,Thursday,1,Clear Sky
2015-01-16 00:00:00,3,0,0,0,295,19.8,11.5,4.5,18.1,6.6,19.4,2015,1,January,16,Friday,1,Overcast
2015-01-17 00:00:00,3,0,0,0,298,16.6,10.9,3.8,18.7,6.1,19.8,2015,1,January,17,Saturday,1,Overcast
2015-01-18 00:00:00,0,0,0,0,274,20.5,9.6,2.8,18,5.5,19.6,2015,1,January,18,Sunday,1,Clear Sky
2015-01-19 00:00:00,1,0,0,0,243,18.7,7.5,4.4,18.6,6.3,19.8,2015,1,January,19,Monday,1,Mainly Clear
2015-01-20 00:00:00,3,0,0,0,115,19.8,12.1,3.7,17.5,5.5,18.2,2015,1,January,20,Tuesday,1,Overcast
2015-01-21 00:00:00,61,14.2,14.2,0,103,47.9,18.1,7.5,12.5,9.5,14.4,2015,1,January,21,Wednesday,1,Slight Rain
2015-01-22 00:00:00,51,0.6,0.6,0,111,22.7,7.7,8.1,16.4,9,17.1,2015,1,January,22,Thursday,1,Light Drizzle
2015-01-23 00:00:00,51,0.3,0.3,0,356,15.5,8.1,5.5,15.7,7.2,16.6,2015,1,January,23,Friday,1,Light Drizzle
2015-01-24 00:00:00,3,0,0,0,273,17.6,7.9,4.4,17.2,6.4,17.7,2015,1,January,24,Saturday,1,Overcast
2015-01-25 00:00:00,51,0.1,0.1,0,229,21.2,8.8,5.3,15.8,7.1,17,2015,1,January,25,Sunday,1,Light Drizzle
2015-01-26 00:00:00,51,0.9,0.9,0,310,21.2,8.8,5.4,14.5,7.3,16,2015,1,January,26,Monday,1,Light Drizzle
2015-01-27 00:00:00,3,0,0,0,321,20.9,8.7,3,13.4,5.6,15.5,2015,1,January,27,Tuesday,1,Overcast
2015-01-28 00:00:00,51,0.2,0.2,0,268,27.7,12.9,1.8,13.6,4.4,16.3,2015,1,January,28,Wednesday,1,Light Drizzle
2015-01-29 00:00:00,2,0,0,0,294,23.4,10.8,1.8,14.6,4.8,16.7,2015,1,January,29,Thursday,1,Partly Cloudy
2015-01-30 00:00:00,3,0,0,0,296,28.8,14.2,0.7,15.4,3.7,18.4,2015,1,January,30,Friday,1,Overcast
2015-01-31 00:00:00,51,0.2,0.2,0,292,19.4,8,3.5,17.1,5.9,18.8,2015,1,January,31,Saturday,1,Light Drizzle
2015-02-01 00:00:00,51,1.9,1.9,0,81,22,10.4,4.9,17.7,7,19,2015,2,February,1,Sunday,1,Light Drizzle
2015-02-02 00:00:00,61,19.1,19.1,0,57,35.6,19.2,8.3,16.1,9.8,18.4,2015,2,February,2,Monday,1,Slight Rain
2015-02-03 00:00:00,61,3.7,3.7,0,1,24.1,11.3,7.3,16.2,8.6,17.4,2015,2,February,3,Tuesday,1,Slight Rain
2015-02-04 00:00:00,3,0,0,0,318,24.1,11,5.1,19.1,7.2,19.6,2015,2,February,4,Wednesday,1,Overcast
2015-02-05 00:00:00,2,0,0,0,268,19.4,9,3.1,18.6,5.7,19.7,2015,2,February,5,Thursday,1,Partly Cloudy
2015-02-06 00:00:00,3,0,0,0,129,14.8,8.5,4.9,19.1,6.9,19.1,2015,2,February,6,Friday,1,Overcast
2015-02-07 00:00:00,53,1.5,1.5,0,8,21.2,13.9,3.6,18.6,5.6,19,2015,2,February,7,Saturday,1,Moderate Drizzle
2015-02-08 00:00:00,53,1,1,0,317,24.8,9.9,7.6,19.6,9.2,20.2,2015,2,February,8,Sunday,1,Moderate Drizzle
2015-02-09 00:00:00,1,0,0,0,290,21.2,10.2,6.3,20.5,8.2,21.1,2015,2,February,9,Monday,1,Mainly Clear
2015-02-10 00:00:00,3,0,0,0,259,15.8,9.1,5.4,21.6,7.1,21.7,2015,2,February,10,Tuesday,1,Overcast
2015-02-11 00:00:00,3,0,0,0,272,16.6,10.2,8.4,21.4,9.8,21.8,2015,2,February,11,Wednesday,1,Overcast
2015-02-12 00:00:00,0,0,0,0,283,22.7,11.3,5.4,21.7,7.6,22.4,2015,2,February,12,Thursday,1,Clear Sky
2015-02-13 00:00:00,2,0,0,0,22,21.6,9.4,6.9,22.7,8.8,22.8,2015,2,February,13,Friday,1,Partly Cloudy
2015-02-14 00:00:00,0,0,0,0,277,22.3,11.2,8.4,24,9.5,23.9,2015,2,February,14,Saturday,1,Clear Sky
2015-02-15 00:00:00,51,0.6,0.6,0,129,25.2,16,11.8,26.7,12.2,24.8,2015,2,February,15,Sunday,1,Light Drizzle
2015-02-16 00:00:00,63,12.5,12.5,0,97,47.9,24.5,13.5,21.1,13.8,21.2,2015,2,February,16,Monday,1,Moderate Rain
2015-02-17 00:00:00,2,0,0,0,24,20.2,8.9,12.6,24.3,13.1,22.8,2015,2,February,17,Tuesday,1,Partly Cloudy
2015-02-18 00:00:00,61,2.6,2.6,0,55,29.5,16.6,10.7,22.2,11,21.2,2015,2,February,18,Wednesday,1,Slight Rain
2015-02-19 00:00:00,61,4.7,4.7,0,77,41.4,24.2,12,20.9,12.8,20.4,2015,2,February,19,Thursday,1,Slight Rain
2015-02-20 00:00:00,63,12.9,12.9,0,43,36.4,16.3,10.7,16.8,11.7,17.5,2015,2,February,20,Friday,1,Moderate Rain
2015-02-21 00:00:00,3,0,0,0,318,28.1,14,10.6,23.1,11.7,23.3,2015,2,February,21,Saturday,1,Overcast
2015-02-22 00:00:00,3,0,0,0,282,28.1,13.8,11.7,25.4,12.7,25.4,2015,2,February,22,Sunday,1,Overcast
2015-02-23 00:00:00,3,0,0,0,117,17.6,9,12.6,26.2,12.9,24.3,2015,2,February,23,Monday,1,Overcast
2015-02-24 00:00:00,63,10.9,10.9,0,104,46.1,24.5,14.3,24.8,15.2,23.1,2015,2,February,24,Tuesday,1,Moderate Rain
2015-02-25 00:00:00,55,1.2,1.2,0,179,56.9,29.7,6.1,19.6,8,22.9,2015,2,February,25,Wednesday,1,Dense Drizzle
2015-02-26 00:00:00,0,0,0,0,325,22.3,9.7,5.8,19.4,8,20.2,2015,2,February,26,Thursday,1,Clear Sky
2015-02-27 00:00:00,1,0,0,0,338,15.1,9.4,5,19.6,7.2,19.9,2015,2,February,27,Friday,1,Mainly Clear
2015-02-28 00:00:00,3,0,0,0,4,23.4,10.8,5.3,18.5,7.4,20.2,2015,2,February,28,Saturday,1,Overcast
2015-03-01 00:00:00,63,27.1,27.1,0,115,43.2,25.3,10.9,15.6,12.4,16.3,2015,3,March,1,Sunday,1,Moderate Rain
2015-03-02 00:00:00,51,0.8,0.8,0,198,40.3,17.6,11.1,16.4,11.5,17.9,2015,3,March,2,Monday,1,Light Drizzle
2015-03-03 00:00:00,61,1.9,1.9,0,345,20.5,7.9,7.1,19.8,8.5,18,2015,3,March,3,Tuesday,1,Slight Rain
2015-03-04 00:00:00,3,0,0,0,344,24.1,9.9,6.5,19.5,8,19.6,2015,3,March,4,Wednesday,1,Overcast
2015-03-05 00:00:00,61,8.3,8.3,0,47,26.3,13.8,6.6,15.5,8.6,16.7,2015,3,March,5,Thursday,1,Slight Rain
2015-03-06 00:00:00,3,0,0,0,348,22,10.5,6.3,21.4,8.4,21,2015,3,March,6,Friday,1,Overcast
2015-03-07 00:00:00,61,13.2,13.2,0,109,29.9,13,8.9,16.9,9.6,16.6,2015,3,March,7,Saturday,1,Slight Rain
2015-03-08 00:00:00,53,0.5,0.5,0,171,57.2,29.9,5.1,16.7,7.2,20.4,2015,3,March,8,Sunday,1,Moderate Drizzle
2015-03-09 00:00:00,3,0,0,0,338,23,10.1,5.1,16.1,6.3,17.4,2015,3,March,9,Monday,1,Overcast
2015-03-10 00:00:00,3,0,0,0,308,22,11.3,5.3,22.4,7.3,22.4,2015,3,March,10,Tuesday,1,Overcast
2015-03-11 00:00:00,3,0,0,0,306,18.4,10.1,6.9,23.8,8.6,23.4,2015,3,March,11,Wednesday,1,Overcast
2015-03-12 00:00:00,3,0,0,0,318,18.7,7.6,9.1,24.3,10.5,23.6,2015,3,March,12,Thursday,1,Overcast
2015-03-13 00:00:00,3,0,0,0,104,17.6,9.1,10,25.6,10.9,23.9,2015,3,March,13,Friday,1,Overcast
2015-03-14 00:00:00,63,10.5,10.5,0,79,23.8,8.9,11.1,25.3,11.8,23.7,2015,3,March,14,Saturday,1,Moderate Rain
2015-03-15 00:00:00,63,40.4,40.4,0,123,38.5,16,14.4,21.3,14.9,20.3,2015,3,March,15,Sunday,1,Moderate Rain
2015-03-16 00:00:00,51,0.8,0.8,0,142,38.5,17.7,11.4,21.1,11.7,19.9,2015,3,March,16,Monday,1,Light Drizzle
2015-03-17 00:00:00,3,0,0,0,298,28.1,14.3,11.2,21.6,11.5,21.5,2015,3,March,17,Tuesday,1,Overcast
2015-03-18 00:00:00,0,0,0,0,281,26.3,12.3,10.5,24.6,11.6,24.2,2015,3,March,18,Wednesday,1,Clear Sky
2015-03-19 00:00:00,3,0,0,0,290,19.8,9.5,10.2,27.1,11.3,25.5,2015,3,March,19,Thursday,1,Overcast
2015-03-20 00:00:00,2,0,0,0,284,21.6,8.9,14.5,28.7,14.5,26.4,2015,3,March,20,Friday,1,Partly Cloudy
2015-03-21 00:00:00,3,0,0,0,305,22.7,9.8,13.6,29.9,13.8,27.4,2015,3,March,21,Saturday,1,Overcast
2015-03-22 00:00:00,2,0,0,0,284,31.3,16.3,15,29.8,15.1,28.8,2015,3,March,22,Sunday,1,Partly Cloudy
2015-03-23 00:00:00,2,0,0,0,285,24.5,11.8,14.5,31.9,14.7,29.5,2015,3,March,23,Monday,1,Partly Cloudy
2015-03-24 00:00:00,3,0,0,0,41,28.8,17.4,20.3,34.8,18.9,30.4,2015,3,March,24,Tuesday,1,Overcast
2015-03-25 00:00:00,3,0,0,0,332,26.6,12.4,16.4,31.6,16,29.6,2015,3,March,25,Wednesday,1,Overcast
2015-03-26 00:00:00,3,0,0,0,343,16.2,10.5,14.9,32.2,14.9,30.2,2015,3,March,26,Thursday,1,Overcast
2015-03-27 00:00:00,3,0,0,0,314,21.6,10.1,14,32.3,14.2,30.4,2015,3,March,27,Friday,1,Overcast
2015-03-28 00:00:00,3,0,0,0,40,47.2,21.1,17,34.8,16.5,31.4,2015,3,March,28,Saturday,1,Overcast
2015-03-29 00:00:00,63,28.9,28.9,0,35,41,25.2,15.9,25.7,16.7,25.6,2015,3,March,29,Sunday,1,Moderate Rain
2015-03-30 00:00:00,61,3.6,3.6,0,102,37.4,15.5,16.5,25.4,16.7,23.2,2015,3,March,30,Monday,1,Slight Rain
2015-03-31 00:00:00,55,3.5,3.5,0,65,26.3,11.9,18,26.4,16.8,24.6,2015,3,March,31,Tuesday,1,Dense Drizzle
2015-04-01 00:00:00,63,12.8,12.8,0,60,37.1,19.3,14.9,24.6,16.4,22.6,2015,4,April,1,Wednesday,2,Moderate Rain
2015-04-02 00:00:00,63,14.9,14.9,0,51,32.8,19.8,15,28.5,16.3,26.1,2015,4,April,2,Thursday,2,Moderate Rain
2015-04-03 00:00:00,51,0.1,0.1,0,37,25.6,8.7,17.7,26.9,16.7,23.9,2015,4,April,3,Friday,2,Light Drizzle
2015-04-04 00:00:00,53,0.9,0.9,0,62,19.4,15.2,16.4,29.6,15.8,25.7,2015,4,April,4,Saturday,2,Moderate Drizzle
2015-04-05 00:00:00,3,0,0,0,50,19.8,8.2,15.9,29.6,15.3,26.5,2015,4,April,5,Sunday,2,Overcast
2015-04-06 00:00:00,53,2.7,2.7,0,297,26.6,10.5,17.8,25.5,16.6,24.6,2015,4,April,6,Monday,2,Moderate Drizzle
2015-04-07 00:00:00,63,15,15,0,67,26.3,11.6,15,22.8,15.1,21.3,2015,4,April,7,Tuesday,2,Moderate Rain
2015-04-08 00:00:00,2,0,0,0,336,20.2,9.2,15.5,27,15.1,25,2015,4,April,8,Wednesday,2,Partly Cloudy
2015-04-09 00:00:00,2,0,0,0,306,22.7,9.7,15.2,30.2,15.1,28,2015,4,April,9,Thursday,2,Partly Cloudy
2015-04-10 00:00:00,3,0,0,0,326,23.8,10.1,15.9,31.5,15.6,29.5,2015,4,April,10,Friday,2,Overcast
2015-04-11 00:00:00,51,0.2,0.2,0,304,15.8,8.8,17,33.8,16.1,29.8,2015,4,April,11,Saturday,2,Light Drizzle
2015-04-12 00:00:00,2,0,0,0,276,16.2,8.9,18.8,34,17.5,30.1,2015,4,April,12,Sunday,2,Partly Cloudy
2015-04-13 00:00:00,0,0,0,0,151,17.3,9.4,20.8,34.4,19.3,30.5,2015,4,April,13,Monday,2,Clear Sky
2015-04-14 00:00:00,1,0,0,0,140,21.6,11,20,33.3,19.3,29.6,2015,4,April,14,Tuesday,2,Mainly Clear
2015-04-15 00:00:00,3,0,0,0,75,21.2,10.1,21.2,34.9,19.1,30.6,2015,4,April,15,Wednesday,2,Overcast
2015-04-16 00:00:00,61,2.3,2.3,0,53,37.1,16.5,20.6,28.5,18.7,25.3,2015,4,April,16,Thursday,2,Slight Rain
2015-04-17 00:00:00,3,0,0,0,314,27.7,12.5,20,34.4,18.1,31.2,2015,4,April,17,Friday,2,Overcast
2015-04-18 00:00:00,3,0,0,0,21,20.9,9,20.6,35.5,19.1,32.8,2015,4,April,18,Saturday,2,Overcast
2015-04-19 00:00:00,3,0,0,0,80,41,24.5,20.4,37,19.1,34.9,2015,4,April,19,Sunday,2,Overcast
2015-04-20 00:00:00,1,0,0,0,24,37.4,18.7,20,38.7,20.6,34.6,2015,4,April,20,Monday,2,Mainly Clear
2015-04-21 00:00:00,0,0,0,0,326,27.4,10.1,19.9,35.8,19.8,33.6,2015,4,April,21,Tuesday,2,Clear Sky
2015-04-22 00:00:00,0,0,0,0,345,27.4,13,19.1,34.6,18.3,34.2,2015,4,April,22,Wednesday,2,Clear Sky
2015-04-23 00:00:00,0,0,0,0,36,23.8,10.3,18.6,36.9,17.4,35.2,2015,4,April,23,Thursday,2,Clear Sky
2015-04-24 00:00:00,3,0,0,0,82,20.5,10.1,20.8,39.4,19.7,36.3,2015,4,April,24,Friday,2,Overcast
2015-04-25 00:00:00,2,0,0,0,97,24.1,14.9,20.2,39.3,19.2,36.7,2015,4,April,25,Saturday,2,Partly Cloudy
2015-04-26 00:00:00,1,0,0,0,110,40.7,21.7,21.7,36.6,22.1,34.5,2015,4,April,26,Sunday,2,Mainly Clear
2015-04-27 00:00:00,61,2.5,2.5,0,90,38.5,22.4,22.5,37.2,21.2,35.3,2015,4,April,27,Monday,2,Slight Rain
2015-04-28 00:00:00,3,0,0,0,6,22.3,10.3,19.6,37.3,19.1,34.7,2015,4,April,28,Tuesday,2,Overcast
2015-04-29 00:00:00,3,0,0,0,65,28.4,14.5,19.2,38.4,18.4,35.5,2015,4,April,29,Wednesday,2,Overcast
2015-04-30 00:00:00,3,0,0,0,24,44.6,24.3,19.6,33.9,20.3,34.2,2015,4,April,30,Thursday,2,Overcast
2015-05-01 00:00:00,51,0.1,0.1,0,355,22,10.5,18.4,35.4,19.7,33.4,2015,5,May,1,Friday,2,Light Drizzle
2015-05-02 00:00:00,2,0,0,0,343,22.7,9.3,17.6,35.3,18.4,34.2,2015,5,May,2,Saturday,2,Partly Cloudy
2015-05-03 00:00:00,0,0,0,0,32,21.6,9.2,17,36.3,17.4,35.3,2015,5,May,3,Sunday,2,Clear Sky
2015-05-04 00:00:00,0,0,0,0,44,20.2,9.5,18.1,37.7,18,36.6,2015,5,May,4,Monday,2,Clear Sky
2015-05-05 00:00:00,3,0,0,0,12,21.6,10.8,20.9,40.2,20.9,38.6,2015,5,May,5,Tuesday,2,Overcast
2015-05-06 00:00:00,2,0,0,0,53,16.9,10,21.3,41.5,21,38.7,2015,5,May,6,Wednesday,2,Partly Cloudy
2015-05-07 00:00:00,3,0,0,0,106,22,9.7,23.8,42.7,22.6,40.2,2015,5,May,7,Thursday,2,Overcast
2015-05-08 00:00:00,3,0,0,0,324,24.8,7.8,25.4,41.6,24.1,39.6,2015,5,May,8,Friday,2,Overcast
2015-05-09 00:00:00,3,0,0,0,33,25.2,12,23.6,41.5,23.5,39.6,2015,5,May,9,Saturday,2,Overcast
2015-05-10 00:00:00,3,0,0,0,333,28.1,12.3,23.1,41.5,23.8,39.4,2015,5,May,10,Sunday,2,Overcast
2015-05-11 00:00:00,51,0.7,0.7,0,34,36,18.2,23.9,39.4,22.4,37.3,2015,5,May,11,Monday,2,Light Drizzle
2015-05-12 00:00:00,61,2.8,2.8,0,29,31.3,15.8,24.4,37.6,22.4,32.5,2015,5,May,12,Tuesday,2,Slight Rain
2015-05-13 00:00:00,3,0,0,0,331,25.2,10.5,24.6,34.4,22.3,30.9,2015,5,May,13,Wednesday,2,Overcast
2015-05-14 00:00:00,51,0.2,0.2,0,27,27.7,12.2,25.5,37.8,22,33.8,2015,5,May,14,Thursday,2,Light Drizzle
2015-05-15 00:00:00,1,0,0,0,35,24.5,10.7,23.9,36.6,21.8,34.2,2015,5,May,15,Friday,2,Mainly Clear
2015-05-16 00:00:00,2,0,0,0,105,20.5,9.3,23.2,40,21.9,36.1,2015,5,May,16,Saturday,2,Partly Cloudy
2015-05-17 00:00:00,3,0,0,0,77,28.1,12.7,26.5,42.2,23.7,37.5,2015,5,May,17,Sunday,2,Overcast
2015-05-18 00:00:00,2,0,0,0,22,25.2,12.7,25,42.3,25.4,39.6,2015,5,May,18,Monday,2,Partly Cloudy
2015-05-19 00:00:00,53,1.3,1.3,0,295,38.5,20.6,24.2,40.7,23.3,39.4,2015,5,May,19,Tuesday,2,Moderate Drizzle
2015-05-20 00:00:00,2,0,0,0,345,25.2,10.4,22.6,40.1,23,39,2015,5,May,20,Wednesday,2,Partly Cloudy
2015-05-21 00:00:00,2,0,0,0,350,21.2,10.1,21.9,41.2,22.8,40.1,2015,5,May,21,Thursday,2,Partly Cloudy
2015-05-22 00:00:00,51,0.1,0.1,0,2,31,10.4,23.2,42.3,22.9,41.2,2015,5,May,22,Friday,2,Light Drizzle
2015-05-23 00:00:00,3,0,0,0,62,36.4,14.6,24.2,42.7,24.4,41,2015,5,May,23,Saturday,2,Overcast
2015-05-24 00:00:00,3,0,0,0,56,39.6,19.8,23.3,42.1,25.7,41.6,2015,5,May,24,Sunday,2,Overcast
2015-05-25 00:00:00,51,0.2,0.2,0,51,28.1,18,23.4,43,24.8,40.6,2015,5,May,25,Monday,2,Light Drizzle
2015-05-26 00:00:00,0,0,0,0,326,34.9,18.7,21.9,38,23.4,38.8,2015,5,May,26,Tuesday,2,Clear Sky
2015-05-27 00:00:00,3,0,0,0,9,20.5,10,21.6,40.4,23.1,39.4,2015,5,May,27,Wednesday,2,Overcast
2015-05-28 00:00:00,3,0,0,0,304,25.2,10.6,24.8,39.7,25,39.3,2015,5,May,28,Thursday,2,Overcast
2015-05-29 00:00:00,3,0,0,0,281,27.4,14.9,25.7,40.8,25.7,38.4,2015,5,May,29,Friday,2,Overcast
2015-05-30 00:00:00,51,0.2,0.2,0,324,24.1,9.5,24.6,40.8,24.6,39.7,2015,5,May,30,Saturday,2,Light Drizzle
2015-05-31 00:00:00,51,0.4,0.4,0,54,24.1,19.3,23.9,41.3,24.1,39.2,2015,5,May,31,Sunday,2,Light Drizzle
2015-06-01 00:00:00,53,1.3,1.3,0,85,40.7,19.8,24.5,38.4,23.8,36.8,2015,6,June,1,Monday,2,Moderate Drizzle
2015-06-02 00:00:00,55,1.1,1.1,0,61,33.8,16.8,23.7,37.9,22.3,35.5,2015,6,June,2,Tuesday,2,Dense Drizzle
2015-06-03 00:00:00,61,2.6,2.6,0,71,35.3,15.6,23.2,36.1,22,34,2015,6,June,3,Wednesday,2,Slight Rain
2015-06-04 00:00:00,53,0.5,0.5,0,44,37.1,12.6,25.4,34.8,23,31.5,2015,6,June,4,Thursday,2,Moderate Drizzle
2015-06-05 00:00:00,2,0,0,0,44,27,16.1,23.4,37.7,23,33.6,2015,6,June,5,Friday,2,Partly Cloudy
2015-06-06 00:00:00,2,0,0,0,329,26.6,10.9,24.8,38.8,23.1,37.2,2015,6,June,6,Saturday,2,Partly Cloudy
2015-06-07 00:00:00,0,0,0,0,173,21.6,7.2,25.1,41.4,23.7,39.5,2015,6,June,7,Sunday,2,Clear Sky
2015-06-08 00:00:00,2,0,0,0,14,24.8,11.3,26.4,42.8,24.3,41.4,2015,6,June,8,Monday,2,Partly Cloudy
2015-06-09 00:00:00,51,0.6,0.6,0,250,25.2,12.1,26.9,43.3,26,41.7,2015,6,June,9,Tuesday,2,Light Drizzle
2015-06-10 00:00:00,53,1.2,1.2,0,252,44.6,13.2,29.5,43.9,26.6,40.5,2015,6,June,10,Wednesday,2,Moderate Drizzle
2015-06-11 00:00:00,2,0,0,0,305,27.4,10,29.2,41.8,26.4,38.1,2015,6,June,11,Thursday,2,Partly Cloudy
2015-06-12 00:00:00,51,0.2,0.2,0,275,32.8,17.5,28.9,42.5,26.4,39.9,2015,6,June,12,Friday,2,Light Drizzle
2015-06-13 00:00:00,53,1.7,1.7,0,125,25.9,14.3,28.9,42.6,26.7,39,2015,6,June,13,Saturday,2,Moderate Drizzle
2015-06-14 00:00:00,51,1,1,0,112,28.8,13.6,29,39.8,25.9,36,2015,6,June,14,Sunday,2,Light Drizzle
2015-06-15 00:00:00,51,0.1,0.1,0,74,19.1,11.3,29,40.9,25.6,35.2,2015,6,June,15,Monday,2,Light Drizzle
2015-06-16 00:00:00,0,0,0,0,323,18,7.4,29.7,42.1,26,37.8,2015,6,June,16,Tuesday,2,Clear Sky
2015-06-17 00:00:00,0,0,0,0,279,20.5,8.3,29.3,42.3,27,39,2015,6,June,17,Wednesday,2,Clear Sky
2015-06-18 00:00:00,1,0,0,0,274,18,8.4,31.6,44.8,28.3,40.9,2015,6,June,18,Thursday,2,Mainly Clear
2015-06-19 00:00:00,1,0,0,0,157,17.6,10.2,32.5,46,29.4,41.6,2015,6,June,19,Friday,2,Mainly Clear
2015-06-20 00:00:00,55,1.1,1.1,0,111,44.3,22.1,32.2,43.3,27.9,39.4,2015,6,June,20,Saturday,2,Dense Drizzle
2015-06-21 00:00:00,63,3.8,3.8,0,86,30.6,15.3,30,41.9,26.3,35.9,2015,6,June,21,Sunday,2,Moderate Rain
2015-06-22 00:00:00,2,0,0,0,73,17.3,10.2,31.9,44.3,27.9,38.2,2015,6,June,22,Monday,2,Partly Cloudy
2015-06-23 00:00:00,55,2.9,2.9,0,90,24.1,9.1,32.4,38.8,26.9,34.4,2015,6,June,23,Tuesday,2,Dense Drizzle
2015-06-24 00:00:00,63,16.5,16.5,0,353,30.6,16,26.9,34.1,23.7,30,2015,6,June,24,Wednesday,2,Moderate Rain
2015-06-25 00:00:00,0,0,0,0,301,21.2,7.1,27.1,38.2,23.4,34.1,2015,6,June,25,Thursday,2,Clear Sky
2015-06-26 00:00:00,0,0,0,0,270,22.3,8.6,28.1,40.4,24.2,36.6,2015,6,June,26,Friday,2,Clear Sky
2015-06-27 00:00:00,0,0,0,0,221,18,7.4,31.5,43,27.4,38.4,2015,6,June,27,Saturday,2,Clear Sky
2015-06-28 00:00:00,51,0.1,0.1,0,299,25.9,12.1,32.3,44.4,28,40,2015,6,June,28,Sunday,2,Light Drizzle
2015-06-29 00:00:00,61,3.5,3.5,0,117,34.2,16.6,30.2,42.2,25.6,38.2,2015,6,June,29,Monday,2,Slight Rain
2015-06-30 00:00:00,63,10.8,10.8,0,98,36.4,17.5,26.8,39.3,23.4,32.8,2015,6,June,30,Tuesday,2,Moderate Rain
2015-07-01 00:00:00,55,1.2,1.2,0,108,18.4,10.2,31.3,41.3,25.7,35.1,2015,7,July,1,Wednesday,3,Dense Drizzle
2015-07-02 00:00:00,53,0.7,0.7,0,239,19.4,10.5,31.6,41.4,26.3,36,2015,7,July,2,Thursday,3,Moderate Drizzle
2015-07-03 00:00:00,1,0,0,0,217,23.4,8.2,32.4,42.2,27.4,37.3,2015,7,July,3,Friday,3,Mainly Clear
2015-07-04 00:00:00,1,0,0,0,206,24.1,10.4,33.8,43.6,28.8,38.1,2015,7,July,4,Saturday,3,Mainly Clear
2015-07-05 00:00:00,51,0.1,0.1,0,148,36,18.6,31.6,45.1,28,38.8,2015,7,July,5,Sunday,3,Light Drizzle
2015-07-06 00:00:00,63,15,15,0,107,40.3,19.7,29.3,41.5,24.8,35.4,2015,7,July,6,Monday,3,Moderate Rain
2015-07-07 00:00:00,51,1.8,1.8,0,120,35.3,14.5,29.5,35.7,24.8,30.3,2015,7,July,7,Tuesday,3,Light Drizzle
2015-07-08 00:00:00,2,0,0,0,126,30.6,11.7,32,37.6,26.2,33.1,2015,7,July,8,Wednesday,3,Partly Cloudy
2015-07-09 00:00:00,61,3.2,3.2,0,120,25.9,10.3,30.4,41.4,25.4,34.8,2015,7,July,9,Thursday,3,Slight Rain
2015-07-10 00:00:00,63,9.3,9.3,0,105,33.1,15.8,28.9,39.1,25.1,32.7,2015,7,July,10,Friday,3,Moderate Rain
2015-07-11 00:00:00,63,6.3,6.3,0,90,34.9,15.9,28.3,33.6,24.1,30.6,2015,7,July,11,Saturday,3,Moderate Rain
2015-07-12 00:00:00,63,26.6,26.6,0,35,29.9,10.2,28.4,32.7,24,27.7,2015,7,July,12,Sunday,3,Moderate Rain
2015-07-13 00:00:00,61,10,10,0,273,17.3,6.1,30.6,34,25.1,28.8,2015,7,July,13,Monday,3,Slight Rain
2015-07-14 00:00:00,1,0,0,0,210,20.9,5.9,30,40.5,24.6,34.1,2015,7,July,14,Tuesday,3,Mainly Clear
2015-07-15 00:00:00,2,0,0,0,217,23,9,33.8,42.6,27.7,36.4,2015,7,July,15,Wednesday,3,Partly Cloudy
2015-07-16 00:00:00,63,14,14,0,156,26.6,15.6,30.6,43.3,26,36.3,2015,7,July,16,Thursday,3,Moderate Rain
2015-07-17 00:00:00,63,14.8,14.8,0,96,35.6,18.2,30.3,36.3,25.5,31.4,2015,7,July,17,Friday,3,Moderate Rain
2015-07-18 00:00:00,61,12.7,12.7,0,78,23.4,10.3,30.8,38.5,25.3,31.9,2015,7,July,18,Saturday,3,Slight Rain
2015-07-19 00:00:00,61,12.1,12.1,0,101,23,11.1,30.3,40.3,25.2,33.3,2015,7,July,19,Sunday,3,Slight Rain
2015-07-20 00:00:00,61,6.8,6.8,0,113,26.3,10.8,30.7,38.5,25.2,32.4,2015,7,July,20,Monday,3,Slight Rain
2015-07-21 00:00:00,61,3,3,0,99,23,12.7,30.9,39.3,25.7,32.8,2015,7,July,21,Tuesday,3,Slight Rain
2015-07-22 00:00:00,61,6.9,6.9,0,124,23,9.4,30.3,39.1,25.2,31.9,2015,7,July,22,Wednesday,3,Slight Rain
2015-07-23 00:00:00,63,10.9,10.9,0,94,25.9,13.7,30,39.5,25.1,32.8,2015,7,July,23,Thursday,3,Moderate Rain
2015-07-24 00:00:00,55,4.6,4.6,0,121,24.5,11.6,31,39.9,25.7,33,2015,7,July,24,Friday,3,Dense Drizzle
2015-07-25 00:00:00,63,12.8,12.8,0,124,21.2,10.1,30.5,41.7,25.4,33.6,2015,7,July,25,Saturday,3,Moderate Rain
2015-07-26 00:00:00,61,5.7,5.7,0,67,34.6,17.7,29.9,35.7,25.2,30.7,2015,7,July,26,Sunday,3,Slight Rain
2015-07-27 00:00:00,53,0.6,0.6,0,108,39.6,14.9,30.5,39.5,26.5,33.4,2015,7,July,27,Monday,3,Moderate Drizzle
2015-07-28 00:00:00,2,0,0,0,96,36,17.3,31.4,37,26.7,32.4,2015,7,July,28,Tuesday,3,Partly Cloudy
2015-07-29 00:00:00,2,0,0,0,100,35.6,14.4,31,38.6,26.5,33.1,2015,7,July,29,Wednesday,3,Partly Cloudy
2015-07-30 00:00:00,51,0.3,0.3,0,100,41,17.6,30.3,36.7,26.5,32.3,2015,7,July,30,Thursday,3,Light Drizzle
2015-07-31 00:00:00,61,3.7,3.7,0,118,37.8,19.8,29.6,36.3,26,31.4,2015,7,July,31,Friday,3,Slight Rain
2015-08-01 00:00:00,63,8.3,8.3,0,136,40.7,20.5,29.6,33.4,25.1,29.8,2015,8,August,1,Saturday,3,Moderate Rain
2015-08-02 00:00:00,55,7.7,7.7,0,129,35.6,18.4,29.5,32.9,25,28.7,2015,8,August,2,Sunday,3,Dense Drizzle
2015-08-03 00:00:00,63,5.6,5.6,0,136,31,11.4,30.3,38.5,25.2,31.9,2015,8,August,3,Monday,3,Moderate Rain
2015-08-04 00:00:00,61,2.6,2.6,0,144,24.5,6.8,31.9,40.6,25.5,32.6,2015,8,August,4,Tuesday,3,Slight Rain
2015-08-05 00:00:00,53,2.6,2.6,0,128,24.8,11.3,32.3,39.7,26.1,32.4,2015,8,August,5,Wednesday,3,Moderate Drizzle
2015-08-06 00:00:00,61,4,4,0,131,23.8,10.8,32,41.2,26.2,33.5,2015,8,August,6,Thursday,3,Slight Rain
2015-08-07 00:00:00,61,4.1,4.1,0,145,27.4,13.7,31.6,41.1,26,33.4,2015,8,August,7,Friday,3,Slight Rain
2015-08-08 00:00:00,55,6.4,6.4,0,113,25.6,14.2,30.2,39.4,25.1,31.7,2015,8,August,8,Saturday,3,Dense Drizzle
2015-08-09 00:00:00,55,7.5,7.5,0,109,29.9,11.3,29.8,36.6,24.9,30.5,2015,8,August,9,Sunday,3,Dense Drizzle
2015-08-10 00:00:00,61,2.8,2.8,0,131,20.9,8.9,31.1,41.5,25.6,33.5,2015,8,August,10,Monday,3,Slight Rain
2015-08-11 00:00:00,61,6.6,6.6,0,125,26.3,14.6,31.8,42.5,26.1,34,2015,8,August,11,Tuesday,3,Slight Rain
2015-08-12 00:00:00,53,2,2,0,109,24.1,11.3,31.7,38.2,26,31.3,2015,8,August,12,Wednesday,3,Moderate Drizzle
2015-08-13 00:00:00,51,0.4,0.4,0,112,18.7,6.2,32,41.3,26.1,33.1,2015,8,August,13,Thursday,3,Light Drizzle
2015-08-14 00:00:00,63,8,8,0,126,18.7,8.4,31.3,41.8,25.8,33.7,2015,8,August,14,Friday,3,Moderate Rain
2015-08-15 00:00:00,55,5.1,5.1,0,136,24.8,12,30.6,40.6,25.4,33.5,2015,8,August,15,Saturday,3,Dense Drizzle
2015-08-16 00:00:00,51,0.4,0.4,0,226,17.6,5.4,31.7,40.6,25.4,32.6,2015,8,August,16,Sunday,3,Light Drizzle
2015-08-17 00:00:00,51,0.3,0.3,0,239,18.4,5.6,32.4,40.6,26.2,33.7,2015,8,August,17,Monday,3,Light Drizzle
2015-08-18 00:00:00,61,5.9,5.9,0,175,25.6,9.4,32.6,41.6,26.7,33.8,2015,8,August,18,Tuesday,3,Slight Rain
2015-08-19 00:00:00,51,0.4,0.4,0,130,25.2,9.8,32.1,40.9,26.4,33.4,2015,8,August,19,Wednesday,3,Light Drizzle
2015-08-20 00:00:00,61,4.5,4.5,0,121,22.3,11.2,31,41.9,25.5,33.9,2015,8,August,20,Thursday,3,Slight Rain
2015-08-21 00:00:00,63,31.7,31.7,0,103,28.1,11.4,29.6,39.1,24.5,32.2,2015,8,August,21,Friday,3,Moderate Rain
2015-08-22 00:00:00,61,4.7,4.7,0,116,21.6,7.3,29.1,38.9,24.2,31.7,2015,8,August,22,Saturday,3,Slight Rain
2015-08-23 00:00:00,63,6,6,0,144,30.2,9.8,29.1,40.8,23.9,32.6,2015,8,August,23,Sunday,3,Moderate Rain
2015-08-24 00:00:00,61,1.3,1.3,0,350,27.4,9.1,28.4,40.7,23.5,32.8,2015,8,August,24,Monday,3,Slight Rain
2015-08-25 00:00:00,1,0,0,0,262,26.6,10.8,31.4,39.8,25.4,33.9,2015,8,August,25,Tuesday,3,Mainly Clear
2015-08-26 00:00:00,51,0.6,0.6,0,216,19.1,6.6,32.7,41,26.7,34,2015,8,August,26,Wednesday,3,Light Drizzle
2015-08-27 00:00:00,51,0.1,0.1,0,198,22,9.9,33.2,41.1,26.8,34.6,2015,8,August,27,Thursday,3,Light Drizzle
2015-08-28 00:00:00,63,4.4,4.4,0,293,25.2,6.5,31.6,41,25.8,33.5,2015,8,August,28,Friday,3,Moderate Rain
2015-08-29 00:00:00,1,0,0,0,205,19.4,7.3,31.5,40.4,25.6,34.5,2015,8,August,29,Saturday,3,Mainly Clear
2015-08-30 00:00:00,53,0.9,0.9,0,172,23.4,10,31.1,41.5,25.6,34.5,2015,8,August,30,Sunday,3,Moderate Drizzle
2015-08-31 00:00:00,1,0,0,0,1,22.3,6.4,30.2,40.3,25,34.3,2015,8,August,31,Monday,3,Mainly Clear
2015-09-01 00:00:00,1,0,0,0,204,19.1,7.9,30.6,40.5,25.4,34.5,2015,9,September,1,Tuesday,3,Mainly Clear
2015-09-02 00:00:00,1,0,0,0,156,18.4,7.9,31.6,41.5,26.2,34.5,2015,9,September,2,Wednesday,3,Mainly Clear
2015-09-03 00:00:00,1,0,0,0,121,21.2,7.9,30.4,40.1,25.5,35.1,2015,9,September,3,Thursday,3,Mainly Clear
2015-09-04 00:00:00,0,0,0,0,217,24.5,5.9,29.9,40.8,24.8,35.3,2015,9,September,4,Friday,3,Clear Sky
2015-09-05 00:00:00,2,0,0,0,247,29.2,8.1,29.3,40.1,24.8,35.6,2015,9,September,5,Saturday,3,Partly Cloudy
2015-09-06 00:00:00,61,1.3,1.3,0,265,23.8,6.6,29,38.9,24.6,34.9,2015,9,September,6,Sunday,3,Slight Rain
2015-09-07 00:00:00,61,1.3,1.3,0,102,28.1,11.5,28.1,39.7,23.4,34.4,2015,9,September,7,Monday,3,Slight Rain
2015-09-08 00:00:00,53,1.9,1.9,0,283,31.3,13.5,25.9,37.7,22.5,33.8,2015,9,September,8,Tuesday,3,Moderate Drizzle
2015-09-09 00:00:00,0,0,0,0,45,22.7,7.7,25.6,39.1,22.3,35,2015,9,September,9,Wednesday,3,Clear Sky
2015-09-10 00:00:00,0,0,0,0,114,19.8,7.7,26.4,39.9,23.2,35.7,2015,9,September,10,Thursday,3,Clear Sky
2015-09-11 00:00:00,1,0,0,0,122,18.4,9,26,41.1,22.8,36.4,2015,9,September,11,Friday,3,Mainly Clear
2015-09-12 00:00:00,0,0,0,0,126,18.7,10.5,27.6,40.4,24.4,36.2,2015,9,September,12,Saturday,3,Clear Sky
2015-09-13 00:00:00,0,0,0,0,124,25.6,9.7,28.6,41.4,25.3,36.4,2015,9,September,13,Sunday,3,Clear Sky
2015-09-14 00:00:00,0,0,0,0,120,19.8,8.7,28.6,41.1,24.8,36.8,2015,9,September,14,Monday,3,Clear Sky
2015-09-15 00:00:00,51,0.5,0.5,0,119,25.2,11,28.6,41.7,25.2,36.5,2015,9,September,15,Tuesday,3,Light Drizzle
2015-09-16 00:00:00,53,1.4,1.4,0,117,23.4,8.1,28.3,40.5,24,35.6,2015,9,September,16,Wednesday,3,Moderate Drizzle
2015-09-17 00:00:00,0,0,0,0,106,16.9,7.6,27.8,39.5,24.1,34.9,2015,9,September,17,Thursday,3,Clear Sky
2015-09-18 00:00:00,1,0,0,0,112,19.8,8.4,27.6,40,23.9,35.5,2015,9,September,18,Friday,3,Mainly Clear
2015-09-19 00:00:00,51,0.3,0.3,0,118,28.1,11.4,27.7,37.5,23.7,32.8,2015,9,September,19,Saturday,3,Light Drizzle
2015-09-20 00:00:00,63,3.7,3.7,0,65,28.4,13.8,29.4,34.6,24.3,31.5,2015,9,September,20,Sunday,3,Moderate Rain
2015-09-21 00:00:00,63,6.6,6.6,0,26,28.1,16.8,26.5,34.5,24,29.9,2015,9,September,21,Monday,3,Moderate Rain
2015-09-22 00:00:00,63,44.3,44.3,0,151,50.4,22.5,24.9,28.9,21.8,25.5,2015,9,September,22,Tuesday,3,Moderate Rain
2015-09-23 00:00:00,51,0.4,0.4,0,179,25.6,10.1,24.4,33.3,21.4,28.8,2015,9,September,23,Wednesday,3,Light Drizzle
2015-09-24 00:00:00,1,0,0,0,171,21.2,4.8,25.7,36,21.6,29.7,2015,9,September,24,Thursday,3,Mainly Clear
2015-09-25 00:00:00,0,0,0,0,136,18,6.9,26.3,35.7,22.3,30.8,2015,9,September,25,Friday,3,Clear Sky
2015-09-26 00:00:00,51,0.5,0.5,0,93,19.1,7.8,24.9,37,21.4,31.9,2015,9,September,26,Saturday,3,Light Drizzle
2015-09-27 00:00:00,51,0.3,0.3,0,356,17.6,6.1,22.8,35.7,20.2,30.8,2015,9,September,27,Sunday,3,Light Drizzle
2015-09-28 00:00:00,1,0,0,0,287,20.2,6.6,21.9,35.4,19.6,31.5,2015,9,September,28,Monday,3,Mainly Clear
2015-09-29 00:00:00,2,0,0,0,324,22.3,11.1,23,33.8,20.8,31.5,2015,9,September,29,Tuesday,3,Partly Cloudy
2015-09-30 00:00:00,0,0,0,0,290,26.3,12.4,21.6,34.4,19.8,32.4,2015,9,September,30,Wednesday,3,Clear Sky
2015-10-01 00:00:00,0,0,0,0,305,18.4,9.2,20.5,36.1,19.2,33,2015,10,October,1,Thursday,4,Clear Sky
2015-10-02 00:00:00,0,0,0,0,282,21.2,9.8,22.3,37.1,19.7,32.9,2015,10,October,2,Friday,4,Clear Sky
2015-10-03 00:00:00,0,0,0,0,105,13.7,7.5,24.7,38.5,21.5,33.2,2015,10,October,3,Saturday,4,Clear Sky
2015-10-04 00:00:00,2,0,0,0,72,19.8,9.8,23.9,37.5,21.1,33.3,2015,10,October,4,Sunday,4,Partly Cloudy
2015-10-05 00:00:00,3,0,0,0,56,18.4,7.6,24.2,37.3,20.9,33.2,2015,10,October,5,Monday,4,Overcast
2015-10-06 00:00:00,51,0.2,0.2,0,321,19.1,7.4,25.4,36.9,22.2,32.2,2015,10,October,6,Tuesday,4,Light Drizzle
2015-10-07 00:00:00,51,0.2,0.2,0,297,25.2,11,25.4,36.7,22.5,32.7,2015,10,October,7,Wednesday,4,Light Drizzle
2015-10-08 00:00:00,0,0,0,0,251,23.4,10.9,23.8,36.6,21.6,34.2,2015,10,October,8,Thursday,4,Clear Sky
2015-10-09 00:00:00,0,0,0,0,109,15.8,7.8,23.6,38,21.3,34.7,2015,10,October,9,Friday,4,Clear Sky
2015-10-10 00:00:00,0,0,0,0,94,17.3,9.1,24.4,38,21.6,34.1,2015,10,October,10,Saturday,4,Clear Sky
2015-10-11 00:00:00,0,0,0,0,86,24.1,10.8,25.2,38,22.4,34.8,2015,10,October,11,Sunday,4,Clear Sky
2015-10-12 00:00:00,1,0,0,0,62,19.1,8.1,25.6,38,22.3,34.1,2015,10,October,12,Monday,4,Mainly Clear
2015-10-13 00:00:00,3,0,0,0,100,36.7,15.5,24.8,36.8,22.7,33.1,2015,10,October,13,Tuesday,4,Overcast
2015-10-14 00:00:00,63,9.9,9.9,0,78,44.6,21.8,22,34,19.4,30.5,2015,10,October,14,Wednesday,4,Moderate Rain
2015-10-15 00:00:00,1,0,0,0,66,16.2,7.7,21.9,33.7,19.2,30.5,2015,10,October,15,Thursday,4,Mainly Clear
2015-10-16 00:00:00,2,0,0,0,63,17.6,7.7,21.8,34.1,19.3,30.8,2015,10,October,16,Friday,4,Partly Cloudy
2015-10-17 00:00:00,0,0,0,0,248,25.6,8.1,22.4,34.3,19.7,31.4,2015,10,October,17,Saturday,4,Clear Sky
2015-10-18 00:00:00,61,1.7,1.7,0,100,24.8,10.5,22.8,34.7,20.2,31.9,2015,10,October,18,Sunday,4,Slight Rain
2015-10-19 00:00:00,53,0.8,0.8,0,38,39.2,23.7,18.3,29.7,17.9,28.5,2015,10,October,19,Monday,4,Moderate Drizzle
2015-10-20 00:00:00,1,0,0,0,333,31.3,12,18,30.3,17.5,29,2015,10,October,20,Tuesday,4,Mainly Clear
2015-10-21 00:00:00,0,0,0,0,314,25.2,11.5,17,30.5,17,30.4,2015,10,October,21,Wednesday,4,Clear Sky
2015-10-22 00:00:00,1,0,0,0,332,19.8,9.1,15.9,30.9,16,30.8,2015,10,October,22,Thursday,4,Mainly Clear
2015-10-23 00:00:00,3,0,0,0,43,19.4,8.6,17.8,31.1,16.9,30.5,2015,10,October,23,Friday,4,Overcast
2015-10-24 00:00:00,51,0.3,0.3,0,42,30.6,16.1,18.9,31.9,17.6,30.1,2015,10,October,24,Saturday,4,Light Drizzle
2015-10-25 00:00:00,63,15,15,0,54,31,16.7,15,23.2,15,22.8,2015,10,October,25,Sunday,4,Moderate Rain
2015-10-26 00:00:00,2,0,0,0,357,33.8,18.1,15,25.1,15,25.1,2015,10,October,26,Monday,4,Partly Cloudy
2015-10-27 00:00:00,3,0,0,0,319,24.1,13.9,13,26,14.2,26.6,2015,10,October,27,Tuesday,4,Overcast
2015-10-28 00:00:00,1,0,0,0,321,23.8,11,12,25.7,13,26.2,2015,10,October,28,Wednesday,4,Mainly Clear
2015-10-29 00:00:00,0,0,0,0,71,15.5,7.6,13.2,28,13.5,27,2015,10,October,29,Thursday,4,Clear Sky
2015-10-30 00:00:00,1,0,0,0,57,18.7,9.2,14.1,27.9,14,26.6,2015,10,October,30,Friday,4,Mainly Clear
2015-10-31 00:00:00,0,0,0,0,17,20.9,8.8,14,27.5,13.7,26.9,2015,10,October,31,Saturday,4,Clear Sky
2015-11-01 00:00:00,3,0,0,0,16,14,9,14.4,28.4,14.3,26.9,2015,11,November,1,Sunday,4,Overcast
2015-11-02 00:00:00,3,0,0,0,358,15.8,8.8,16.4,28.6,15.7,27.4,2015,11,November,2,Monday,4,Overcast
2015-11-03 00:00:00,2,0,0,0,150,19.1,8.7,16.6,27.8,16.3,26.6,2015,11,November,3,Tuesday,4,Partly Cloudy
2015-11-04 00:00:00,53,0.9,0.9,0,118,37.1,17.7,16.3,27.2,16,27.4,2015,11,November,4,Wednesday,4,Moderate Drizzle
2015-11-05 00:00:00,61,5.9,5.9,0,30,36,18.4,14,24.5,14.2,23.3,2015,11,November,5,Thursday,4,Slight Rain
2015-11-06 00:00:00,3,0,0,0,350,22.7,9.7,12,26.1,12.8,26,2015,11,November,6,Friday,4,Overcast
2015-11-07 00:00:00,3,0,0,0,1,14.8,9.3,11,26.1,11.8,25.8,2015,11,November,7,Saturday,4,Overcast
2015-11-08 00:00:00,3,0,0,0,42,13.3,8.2,14.4,26.2,13.9,25.5,2015,11,November,8,Sunday,4,Overcast
2015-11-09 00:00:00,51,0.2,0.2,0,354,20.5,8.4,14.7,25.1,14.1,24.2,2015,11,November,9,Monday,4,Light Drizzle
2015-11-10 00:00:00,2,0,0,0,342,25.2,9.7,12.9,23.8,14,24.1,2015,11,November,10,Tuesday,4,Partly Cloudy
2015-11-11 00:00:00,3,0,0,0,315,25.6,12,11.8,23.8,13.2,25.4,2015,11,November,11,Wednesday,4,Overcast
2015-11-12 00:00:00,3,0,0,0,308,19.8,7.6,12.9,26.1,13.8,26.3,2015,11,November,12,Thursday,4,Overcast
2015-11-13 00:00:00,2,0,0,0,338,23,9.7,16.5,26.9,15.7,26.7,2015,11,November,13,Friday,4,Partly Cloudy
2015-11-14 00:00:00,0,0,0,0,328,22.3,9.9,14.3,26.4,14.3,27,2015,11,November,14,Saturday,4,Clear Sky
2015-11-15 00:00:00,1,0,0,0,348,17.6,9.8,13.2,26.7,13.3,26.8,2015,11,November,15,Sunday,4,Mainly Clear
2015-11-16 00:00:00,0,0,0,0,315,31.7,16.2,9.3,24.4,11.7,26.7,2015,11,November,16,Monday,4,Clear Sky
2015-11-17 00:00:00,0,0,0,0,322,26.6,12.3,8.1,23.4,10.2,26,2015,11,November,17,Tuesday,4,Clear Sky
2015-11-18 00:00:00,3,0,0,0,10,17.6,9.4,10.3,24.1,11.3,25.8,2015,11,November,18,Wednesday,4,Overcast
2015-11-19 00:00:00,3,0,0,0,49,16.6,9.3,9.6,25,10.7,25.8,2015,11,November,19,Thursday,4,Overcast
2015-11-20 00:00:00,2,0,0,0,6,17.3,9.8,9.8,24.4,11.2,25,2015,11,November,20,Friday,4,Partly Cloudy
2015-11-21 00:00:00,0,0,0,0,357,17.6,9.7,9.7,24.3,11.1,25.3,2015,11,November,21,Saturday,4,Clear Sky
2015-11-22 00:00:00,3,0,0,0,14,16.9,9.8,9.2,23.4,10,24.4,2015,11,November,22,Sunday,4,Overcast
2015-11-23 00:00:00,3,0,0,0,346,18.7,10.5,10.4,23.6,11.2,24.6,2015,11,November,23,Monday,4,Overcast
2015-11-24 00:00:00,2,0,0,0,322,23,10.5,8.9,24.4,10.1,25.4,2015,11,November,24,Tuesday,4,Partly Cloudy
2015-11-25 00:00:00,2,0,0,0,325,25.9,12.8,8.4,23.3,10.3,26.1,2015,11,November,25,Wednesday,4,Partly Cloudy
2015-11-26 00:00:00,51,0.4,0.4,0,36,22.3,9.4,10.3,22.9,11.1,23.8,2015,11,November,26,Thursday,4,Light Drizzle
2015-11-27 00:00:00,0,0,0,0,12,22.3,9.5,8.6,22.4,10,24,2015,11,November,27,Friday,4,Clear Sky
2015-11-28 00:00:00,1,0,0,0,17,18.7,8.7,9.1,23.8,10.6,25.1,2015,11,November,28,Saturday,4,Mainly Clear
2015-11-29 00:00:00,1,0,0,0,57,22.3,9.4,12.2,25.1,12.6,24.6,2015,11,November,29,Sunday,4,Mainly Clear
2015-11-30 00:00:00,2,0,0,0,352,16.6,8.4,12.9,24.4,12.8,24.5,2015,11,November,30,Monday,4,Partly Cloudy
2015-12-01 00:00:00,1,0,0,0,125,13.3,5.2,11.9,23.5,12.2,23.4,2015,12,December,1,Tuesday,4,Mainly Clear
2015-12-02 00:00:00,2,0,0,0,303,16.9,8.3,11.2,23.6,11.4,23.5,2015,12,December,2,Wednesday,4,Partly Cloudy
2015-12-03 00:00:00,2,0,0,0,282,22.3,11.3,8.9,22.8,10.5,24.6,2015,12,December,3,Thursday,4,Partly Cloudy
2015-12-04 00:00:00,3,0,0,0,169,19.1,9.1,8.6,23.6,10.3,24.6,2015,12,December,4,Friday,4,Overcast
2015-12-05 00:00:00,2,0,0,0,70,14.4,9.2,8.9,24.6,9.9,24.6,2015,12,December,5,Saturday,4,Partly Cloudy
2015-12-06 00:00:00,3,0,0,0,103,15.8,8.6,10.5,23.9,11.2,23.6,2015,12,December,6,Sunday,4,Overcast
2015-12-07 00:00:00,3,0,0,0,70,18.4,9,9.9,24.2,11,23.4,2015,12,December,7,Monday,4,Overcast
2015-12-08 00:00:00,3,0,0,0,83,14.8,6.7,11,22.8,11.4,22.3,2015,12,December,8,Tuesday,4,Overcast
2015-12-09 00:00:00,53,1.5,1.5,0,99,31.7,15.9,13.2,21.5,13.3,22.1,2015,12,December,9,Wednesday,4,Moderate Drizzle
2015-12-10 00:00:00,51,1.1,1.1,0,147,32.4,13,11.9,22.2,12.3,22.5,2015,12,December,10,Thursday,4,Light Drizzle
2015-12-11 00:00:00,51,0.4,0.4,0,327,23.8,10,7.7,17.5,9.4,18.3,2015,12,December,11,Friday,4,Light Drizzle
2015-12-12 00:00:00,1,0,0,0,300,22.7,11.3,4.6,17.1,7.1,19.5,2015,12,December,12,Saturday,4,Mainly Clear
2015-12-13 00:00:00,0,0,0,0,299,20.5,8.8,3.5,16.9,6.1,19.5,2015,12,December,13,Sunday,4,Clear Sky
2015-12-14 00:00:00,0,0,0,0,298,21.6,10.3,3.4,17.1,5.8,19.7,2015,12,December,14,Monday,4,Clear Sky
2015-12-15 00:00:00,0,0,0,0,312,20.9,8.5,2,16.7,4.9,20,2015,12,December,15,Tuesday,4,Clear Sky
2015-12-16 00:00:00,51,0.1,0.1,0,119,16.9,8.2,2.9,17.6,5.4,19.7,2015,12,December,16,Wednesday,4,Light Drizzle
2015-12-17 00:00:00,1,0,0,0,19,19.4,9.1,4.4,17.3,6.5,19.4,2015,12,December,17,Thursday,4,Mainly Clear
2015-12-18 00:00:00,0,0,0,0,312,22.3,11,3.2,17,5.8,19.8,2015,12,December,18,Friday,4,Clear Sky
2015-12-19 00:00:00,0,0,0,0,22,18.4,9.4,2.5,17.1,5.4,19.5,2015,12,December,19,Saturday,4,Clear Sky
2015-12-20 00:00:00,0,0,0,0,314,19.1,10.4,2.6,17.4,5.1,19.4,2015,12,December,20,Sunday,4,Clear Sky
2015-12-21 00:00:00,3,0,0,0,152,15.5,7.6,4.4,17.3,6.5,19.3,2015,12,December,21,Monday,4,Overcast
2015-12-22 00:00:00,2,0,0,0,84,15.8,7.7,3.2,17.6,5.5,19.1,2015,12,December,22,Tuesday,4,Partly Cloudy
2015-12-23 00:00:00,61,2.6,2.6,0,308,28.1,13.5,3.8,15.5,5.9,17.3,2015,12,December,23,Wednesday,4,Slight Rain
2015-12-24 00:00:00,1,0,0,0,305,23.8,11,0.6,14.3,3.8,17.7,2015,12,December,24,Thursday,4,Mainly Clear
2015-12-25 00:00:00,3,0,0,0,330,20.2,9.2,0.1,15.1,3,18.2,2015,12,December,25,Friday,4,Overcast
2015-12-26 00:00:00,3,0,0,0,319,25.6,12.2,3.5,17.1,6.2,19.4,2015,12,December,26,Saturday,4,Overcast
2015-12-27 00:00:00,2,0,0,0,312,21.2,10.6,5.5,18.4,7.6,20.8,2015,12,December,27,Sunday,4,Partly Cloudy
2015-12-28 00:00:00,3,0,0,0,303,21.2,12.1,4.5,19.9,7,22.2,2015,12,December,28,Monday,4,Overcast
2015-12-29 00:00:00,0,0,0,0,301,21.6,10.7,4.7,20.7,7,22.7,2015,12,December,29,Tuesday,4,Clear Sky
2015-12-30 00:00:00,0,0,0,0,342,17.6,10.8,6.2,20.7,8.3,22.3,2015,12,December,30,Wednesday,4,Clear Sky
2015-12-31 00:00:00,3,0,0,0,341,18.4,10.4,4.7,20.8,6.9,22.2,2015,12,December,31,Thursday,4,Overcast
2016-01-01 00:00:00,3,0,0,0,78,14.4,6.6,5.8,19.4,7.7,20.6,2016,1,January,1,Friday,1,Overcast
2016-01-02 00:00:00,3,0,0,0,321,19.4,10.8,3.9,18.5,5.7,20.4,2016,1,January,2,Saturday,1,Overcast
2016-01-03 00:00:00,3,0,0,0,296,21.6,10.4,4.9,19.4,7.1,21.3,2016,1,January,3,Sunday,1,Overcast
2016-01-04 00:00:00,51,0.6,0.6,0,84,16.6,7.8,8.1,20.6,9.3,20.9,2016,1,January,4,Monday,1,Light Drizzle
2016-01-05 00:00:00,3,0,0,0,345,21.6,9.6,7.5,21.3,8.8,22,2016,1,January,5,Tuesday,1,Overcast
2016-01-06 00:00:00,3,0,0,0,356,15.8,9.1,7.1,20.2,8.7,20.6,2016,1,January,6,Wednesday,1,Overcast
2016-01-07 00:00:00,3,0,0,0,334,15.8,8.9,7,20.7,8.6,21.4,2016,1,January,7,Thursday,1,Overcast
2016-01-08 00:00:00,1,0,0,0,328,20.9,9.8,7,19.6,8.6,21,2016,1,January,8,Friday,1,Mainly Clear
2016-01-09 00:00:00,3,0,0,0,319,23.8,10.2,5.3,18.6,7.4,21,2016,1,January,9,Saturday,1,Overcast
2016-01-10 00:00:00,2,0,0,0,81,14.8,8.8,6.5,20.3,8.1,21,2016,1,January,10,Sunday,1,Partly Cloudy
2016-01-11 00:00:00,3,0,0,0,90,16.2,8,5.1,21,6.8,20.7,2016,1,January,11,Monday,1,Overcast
2016-01-12 00:00:00,63,13.4,13.4,0,64,24.8,12.9,9,19.5,10.1,19.8,2016,1,January,12,Tuesday,1,Moderate Rain
2016-01-13 00:00:00,3,0,0,0,322,14.4,9.4,7.3,18,8.8,18.2,2016,1,January,13,Wednesday,1,Overcast
2016-01-14 00:00:00,3,0,0,0,269,11.9,7.2,7.8,17,8.7,17,2016,1,January,14,Thursday,1,Overcast
2016-01-15 00:00:00,3,0,0,0,289,23.8,9.9,6.7,17.5,8.3,18.3,2016,1,January,15,Friday,1,Overcast
2016-01-16 00:00:00,3,0,0,0,236,19.1,9.2,5.7,17.4,7.3,18.4,2016,1,January,16,Saturday,1,Overcast
2016-01-17 00:00:00,3,0,0,0,110,16.6,6.9,6,17,7.4,17.4,2016,1,January,17,Sunday,1,Overcast
2016-01-18 00:00:00,3,0,0,0,45,17.3,6,5.9,15.1,7.2,16.5,2016,1,January,18,Monday,1,Overcast
2016-01-19 00:00:00,3,0,0,0,111,19.8,8.8,4.3,16.3,6.2,17.1,2016,1,January,19,Tuesday,1,Overcast
2016-01-20 00:00:00,3,0,0,0,110,17.3,7.9,3.6,15.7,5.3,16.5,2016,1,January,20,Wednesday,1,Overcast
2016-01-21 00:00:00,3,0,0,0,41,16.6,8.2,2.9,14.8,4.4,15.9,2016,1,January,21,Thursday,1,Overcast
2016-01-22 00:00:00,3,0,0,0,77,16.9,6.9,2.3,14.9,4.2,16,2016,1,January,22,Friday,1,Overcast
2016-01-23 00:00:00,3,0,0,0,332,23,9.2,4.3,14.1,6.3,15.4,2016,1,January,23,Saturday,1,Overcast
2016-01-24 00:00:00,3,0,0,0,218,20.5,7.9,3,14.6,4.7,15.5,2016,1,January,24,Sunday,1,Overcast
2016-01-25 00:00:00,3,0,0,0,63,15.8,5.2,2.3,12.5,4.1,13.4,2016,1,January,25,Monday,1,Overcast
2016-01-26 00:00:00,53,1.2,1.2,0,30,20.2,8.7,5.2,14.7,6.8,16.4,2016,1,January,26,Tuesday,1,Moderate Drizzle
2016-01-27 00:00:00,51,0.2,0.2,0,319,19.8,10.5,5.2,18.1,6.9,19.1,2016,1,January,27,Wednesday,1,Light Drizzle
2016-01-28 00:00:00,53,2.2,2.2,0,279,20.2,8.2,4.7,19.7,6.9,20.9,2016,1,January,28,Thursday,1,Moderate Drizzle
2016-01-29 00:00:00,53,7.6,7.6,0,89,26.3,12.1,9.6,17,10.4,17.8,2016,1,January,29,Friday,1,Moderate Drizzle
2016-01-30 00:00:00,51,1,1,0,345,18,8.9,8.4,20.1,9.5,20.2,2016,1,January,30,Saturday,1,Light Drizzle
2016-01-31 00:00:00,3,0,0,0,287,22.7,10.5,4.8,19,7.2,19.9,2016,1,January,31,Sunday,1,Overcast
2016-02-01 00:00:00,0,0,0,0,290,18,9.2,3.8,19.3,5.9,20,2016,2,February,1,Monday,1,Clear Sky
2016-02-02 00:00:00,0,0,0,0,283,21.6,9.8,3.4,18.5,5.7,20.5,2016,2,February,2,Tuesday,1,Clear Sky
2016-02-03 00:00:00,2,0,0,0,293,30.6,15.6,2.8,18,5.5,21.1,2016,2,February,3,Wednesday,1,Partly Cloudy
2016-02-04 00:00:00,1,0,0,0,314,20.5,10.2,2.1,19.6,5.1,21.4,2016,2,February,4,Thursday,1,Mainly Clear
2016-02-05 00:00:00,0,0,0,0,294,24.1,10.5,3.2,19.9,5.9,21.9,2016,2,February,5,Friday,1,Clear Sky
2016-02-06 00:00:00,1,0,0,0,131,19.8,9,4.5,19.3,6.7,20.8,2016,2,February,6,Saturday,1,Mainly Clear
2016-02-07 00:00:00,1,0,0,0,68,20.5,10.9,5.1,20,7.2,20.5,2016,2,February,7,Sunday,1,Mainly Clear
2016-02-08 00:00:00,3,0,0,0,35,14.4,7.1,5.9,20.7,7.3,20.7,2016,2,February,8,Monday,1,Overcast
2016-02-09 00:00:00,0,0,0,0,303,18.7,8.3,5.7,21.8,7.5,21.9,2016,2,February,9,Tuesday,1,Clear Sky
2016-02-10 00:00:00,51,0.9,0.9,0,117,30.2,15.9,6.9,20.6,8.3,21.6,2016,2,February,10,Wednesday,1,Light Drizzle
2016-02-11 00:00:00,51,0.2,0.2,0,230,38.2,19.6,5.2,15,7.1,17.8,2016,2,February,11,Thursday,1,Light Drizzle
2016-02-12 00:00:00,3,0,0,0,334,27.4,11.5,3.6,17.8,5.9,18.9,2016,2,February,12,Friday,1,Overcast
2016-02-13 00:00:00,2,0,0,0,336,18.4,9.7,5.1,18.8,7.2,19.8,2016,2,February,13,Saturday,1,Partly Cloudy
2016-02-14 00:00:00,0,0,0,0,318,21.6,10.8,3.9,19.6,6,20.8,2016,2,February,14,Sunday,1,Clear Sky
2016-02-15 00:00:00,2,0,0,0,310,24.1,11.1,4.4,19.6,6.6,21.3,2016,2,February,15,Monday,1,Partly Cloudy
2016-02-16 00:00:00,0,0,0,0,348,15.1,9.3,3.6,20.9,6.2,21.6,2016,2,February,16,Tuesday,1,Clear Sky
2016-02-17 00:00:00,0,0,0,0,9,15.8,7.7,6.6,21.8,8,22.1,2016,2,February,17,Wednesday,1,Clear Sky
2016-02-18 00:00:00,3,0,0,0,358,19.4,9,4.6,23.2,6.9,23.6,2016,2,February,18,Thursday,1,Overcast
2016-02-19 00:00:00,61,14.2,14.2,0,21,38.5,16.6,13,22.7,13.7,22.7,2016,2,February,19,Friday,1,Slight Rain
2016-02-20 00:00:00,1,0,0,0,312,34.6,16.4,10.2,23.4,11.6,23.5,2016,2,February,20,Saturday,1,Mainly Clear
2016-02-21 00:00:00,0,0,0,0,295,26.3,12.4,7.9,23.4,9.5,24.4,2016,2,February,21,Sunday,1,Clear Sky
2016-02-22 00:00:00,0,0,0,0,291,33.5,17.3,7.8,22.9,10,25.3,2016,2,February,22,Monday,1,Clear Sky
2016-02-23 00:00:00,0,0,0,0,305,30.6,14.8,5.8,22.6,8.3,24.5,2016,2,February,23,Tuesday,1,Clear Sky
2016-02-24 00:00:00,0,0,0,0,98,26.3,11.2,7.4,25.4,8.9,25.8,2016,2,February,24,Wednesday,1,Clear Sky
2016-02-25 00:00:00,3,0,0,0,80,24.1,9.6,9,26.6,10.2,26.2,2016,2,February,25,Thursday,1,Overcast
2016-02-26 00:00:00,0,0,0,0,40,16.9,9.4,10.7,27.7,11.4,26.5,2016,2,February,26,Friday,1,Clear Sky
2016-02-27 00:00:00,0,0,0,0,63,14.4,8.9,13.9,28.9,13.6,26.7,2016,2,February,27,Saturday,1,Clear Sky
2016-02-28 00:00:00,3,0,0,0,55,18.4,9,12.5,28.1,12.9,27,2016,2,February,28,Sunday,1,Overcast
2016-02-29 00:00:00,2,0,0,0,23,16.2,8.8,11.4,29.3,11.7,27.2,2016,2,February,29,Monday,1,Partly Cloudy
2016-03-01 00:00:00,3,0,0,0,25,16.9,9.1,14,29.3,14,27.7,2016,3,March,1,Tuesday,1,Overcast
2016-03-02 00:00:00,3,0,0,0,24,19.4,9.4,14.8,28.5,14.6,27.8,2016,3,March,2,Wednesday,1,Overcast
2016-03-03 00:00:00,3,0,0,0,345,29.2,12.6,14.4,28.2,14.3,28.1,2016,3,March,3,Thursday,1,Overcast
2016-03-04 00:00:00,61,2.3,2.3,0,270,29.5,13.1,13.4,29.4,13.6,28.9,2016,3,March,4,Friday,1,Slight Rain
2016-03-05 00:00:00,63,13.6,13.6,0,59,34.6,13.7,15,24.7,14.6,24,2016,3,March,5,Saturday,1,Moderate Rain
2016-03-06 00:00:00,55,2,2,0,52,32.4,11.5,12.8,24.7,13.1,23.9,2016,3,March,6,Sunday,1,Dense Drizzle
2016-03-07 00:00:00,51,0.1,0.1,0,345,21.2,9.6,12.1,26.3,12.8,25.3,2016,3,March,7,Monday,1,Light Drizzle
2016-03-08 00:00:00,3,0,0,0,303,19.4,9.2,12.7,28.2,13.1,26.9,2016,3,March,8,Tuesday,1,Overcast
2016-03-09 00:00:00,3,0,0,0,272,23,9.3,15,27.6,15,27.1,2016,3,March,9,Wednesday,1,Overcast
2016-03-10 00:00:00,51,0.5,0.5,0,355,19.8,10.5,15.3,29.7,15.2,28,2016,3,March,10,Thursday,1,Light Drizzle
2016-03-11 00:00:00,63,27,27,0,90,49.3,18.1,17,23.5,16.8,23.8,2016,3,March,11,Friday,1,Moderate Rain
2016-03-12 00:00:00,63,23.6,23.6,0,120,42.8,21,13.1,19.8,12.7,20.6,2016,3,March,12,Saturday,1,Moderate Rain
2016-03-13 00:00:00,61,10.3,10.3,0,72,33.8,9,12.7,21.8,12.8,20.7,2016,3,March,13,Sunday,1,Slight Rain
2016-03-14 00:00:00,55,1.8,1.8,0,15,34.9,14.2,11.3,24.6,12.1,22.5,2016,3,March,14,Monday,1,Dense Drizzle
2016-03-15 00:00:00,3,0,0,0,338,23.8,11.1,11.3,25.3,12.1,24,2016,3,March,15,Tuesday,1,Overcast
2016-03-16 00:00:00,3,0,0,0,324,21.6,10.3,10.8,24.7,12,24.6,2016,3,March,16,Wednesday,1,Overcast
2016-03-17 00:00:00,51,0.6,0.6,0,48,34.6,18,14,21.8,14.9,21.8,2016,3,March,17,Thursday,1,Light Drizzle
2016-03-18 00:00:00,51,0.2,0.2,0,89,32,15.8,14.5,27.5,15.3,26.3,2016,3,March,18,Friday,1,Light Drizzle
2016-03-19 00:00:00,1,0,0,0,68,30.6,12,15.6,29.2,15.1,26.8,2016,3,March,19,Saturday,1,Mainly Clear
2016-03-20 00:00:00,61,3.5,3.5,0,8,35.6,12.4,14.2,29.7,14.7,26.3,2016,3,March,20,Sunday,1,Slight Rain
2016-03-21 00:00:00,2,0,0,0,318,37.8,19.5,11.1,24.5,13.7,25.6,2016,3,March,21,Monday,1,Partly Cloudy
2016-03-22 00:00:00,3,0,0,0,295,40,20.9,10,24.9,12.7,26.9,2016,3,March,22,Tuesday,1,Overcast
2016-03-23 00:00:00,3,0,0,0,13,21.6,9,11.4,29.9,12.5,28.9,2016,3,March,23,Wednesday,1,Overcast
2016-03-24 00:00:00,51,0.1,0.1,0,25,23.8,14.8,14.9,29.1,15.1,28.4,2016,3,March,24,Thursday,1,Light Drizzle
2016-03-25 00:00:00,61,1.8,1.8,0,328,47.9,25.1,15.8,25.3,16.7,26.7,2016,3,March,25,Friday,1,Slight Rain
2016-03-26 00:00:00,51,0.4,0.4,0,308,22.7,13,15.7,28.8,15.8,26.9,2016,3,March,26,Saturday,1,Light Drizzle
2016-03-27 00:00:00,2,0,0,0,266,25.6,11.9,14.6,29.6,14.7,28.8,2016,3,March,27,Sunday,1,Partly Cloudy
2016-03-28 00:00:00,3,0,0,0,306,20.5,8.9,17.4,30.7,16.8,29.4,2016,3,March,28,Monday,1,Overcast
2016-03-29 00:00:00,3,0,0,0,304,25.6,11,17,31.3,16.9,31.1,2016,3,March,29,Tuesday,1,Overcast
2016-03-30 00:00:00,3,0,0,0,27,18.4,8.7,16.8,34.4,16.8,32,2016,3,March,30,Wednesday,1,Overcast
2016-03-31 00:00:00,3,0,0,0,346,22.7,13.6,18.5,34.4,17.6,31.9,2016,3,March,31,Thursday,1,Overcast
2016-04-01 00:00:00,3,0,0,0,337,32.8,15.8,19,33.5,19.9,32.7,2016,4,April,1,Friday,2,Overcast
2016-04-02 00:00:00,3,0,0,0,33,20.5,11.3,20.3,36.8,19.7,34.6,2016,4,April,2,Saturday,2,Overcast
2016-04-03 00:00:00,3,0,0,0,351,36.4,21.9,20.2,37.2,20.6,34.4,2016,4,April,3,Sunday,2,Overcast
2016-04-04 00:00:00,3,0,0,0,339,24.1,11.9,20,34.9,20,32.6,2016,4,April,4,Monday,2,Overcast
2016-04-05 00:00:00,3,0,0,0,347,24.5,10.2,20.2,32,19,32.4,2016,4,April,5,Tuesday,2,Overcast
2016-04-06 00:00:00,53,1.2,1.2,0,344,36.4,24,15.7,25.7,17.1,28.1,2016,4,April,6,Wednesday,2,Moderate Drizzle
2016-04-07 00:00:00,51,0.1,0.1,0,338,32.8,14.8,15,31.3,16,31.4,2016,4,April,7,Thursday,2,Light Drizzle
2016-04-08 00:00:00,3,0,0,0,2,38.2,15.1,15.2,32.6,15.2,32.1,2016,4,April,8,Friday,2,Overcast
2016-04-09 00:00:00,3,0,0,0,356,34.2,19.4,17.8,30.7,18.4,30.3,2016,4,April,9,Saturday,2,Overcast
2016-04-10 00:00:00,51,0.5,0.5,0,323,36,18.7,17.5,28.6,18.4,30.4,2016,4,April,10,Sunday,2,Light Drizzle
2016-04-11 00:00:00,1,0,0,0,311,27,11.8,18.2,31.5,17.4,30.1,2016,4,April,11,Monday,2,Mainly Clear
2016-04-12 00:00:00,0,0,0,0,309,38.5,18.5,17.7,31.7,18.4,33,2016,4,April,12,Tuesday,2,Clear Sky
2016-04-13 00:00:00,1,0,0,0,321,33.1,14.8,17.9,34.6,17.9,35,2016,4,April,13,Wednesday,2,Mainly Clear
2016-04-14 00:00:00,3,0,0,0,360,28.1,11.8,18.2,36.5,18.3,36.8,2016,4,April,14,Thursday,2,Overcast
2016-04-15 00:00:00,3,0,0,0,355,28.1,11.7,20.3,38.6,20.3,38.4,2016,4,April,15,Friday,2,Overcast
2016-04-16 00:00:00,51,0.2,0.2,0,14,21.6,12.1,23.2,41.7,22.7,39.6,2016,4,April,16,Saturday,2,Light Drizzle
2016-04-17 00:00:00,3,0,0,0,351,51.8,27.5,23.1,35.1,23.7,35.9,2016,4,April,17,Sunday,2,Overcast
2016-04-18 00:00:00,3,0,0,0,356,25.6,13.8,22.4,38.3,23,37,2016,4,April,18,Monday,2,Overcast
2016-04-19 00:00:00,3,0,0,0,352,50,26.1,21.8,32.4,22.3,35.4,2016,4,April,19,Tuesday,2,Overcast
2016-04-20 00:00:00,2,0,0,0,319,36,16.7,21.7,35.5,22.6,36.3,2016,4,April,20,Wednesday,2,Partly Cloudy
2016-04-21 00:00:00,53,0.9,0.9,0,297,33.5,16.3,20.3,36.9,21.6,37.4,2016,4,April,21,Thursday,2,Moderate Drizzle
2016-04-22 00:00:00,2,0,0,0,328,34.9,19.2,18.1,35.1,19.2,34.8,2016,4,April,22,Friday,2,Partly Cloudy
2016-04-23 00:00:00,1,0,0,0,350,31.7,13.3,16.3,32.5,18.3,34.3,2016,4,April,23,Saturday,2,Mainly Clear
2016-04-24 00:00:00,1,0,0,0,352,33.5,15.8,15,32.9,17.2,34.9,2016,4,April,24,Sunday,2,Mainly Clear
2016-04-25 00:00:00,3,0,0,0,3,28.1,11.6,16.4,35.1,18.2,36.5,2016,4,April,25,Monday,2,Overcast
2016-04-26 00:00:00,3,0,0,0,23,26.3,9.8,18.4,37.6,20.3,37.7,2016,4,April,26,Tuesday,2,Overcast
2016-04-27 00:00:00,3,0,0,0,349,25.9,13.4,18.5,37.8,20.7,38.1,2016,4,April,27,Wednesday,2,Overcast
2016-04-28 00:00:00,3,0,0,0,333,34.2,14.6,18.3,35.8,20,37.8,2016,4,April,28,Thursday,2,Overcast
2016-04-29 00:00:00,0,0,0,0,348,31,15,18.4,37.1,20.5,38.9,2016,4,April,29,Friday,2,Clear Sky
2016-04-30 00:00:00,0,0,0,0,333,31.3,13.7,20.7,38.6,22.2,40.4,2016,4,April,30,Saturday,2,Clear Sky
2016-05-01 00:00:00,2,0,0,0,289,29.9,12.6,20.4,41.2,21.7,42.2,2016,5,May,1,Sunday,2,Partly Cloudy
2016-05-02 00:00:00,3,0,0,0,248,33.5,18.4,23.8,42.2,24.6,42.9,2016,5,May,2,Monday,2,Overcast
2016-05-03 00:00:00,53,1.9,1.9,0,51,43.2,15.8,22.9,36.9,23.1,38,2016,5,May,3,Tuesday,2,Moderate Drizzle
2016-05-04 00:00:00,51,0.2,0.2,0,0,34.2,14.5,22.4,37.4,22.7,36.5,2016,5,May,4,Wednesday,2,Light Drizzle
2016-05-05 00:00:00,3,0,0,0,10,27.7,11.8,22.8,37.2,22.4,35.2,2016,5,May,5,Thursday,2,Overcast
2016-05-06 00:00:00,1,0,0,0,49,19.4,8.2,24.1,37.3,21.7,35.7,2016,5,May,6,Friday,2,Mainly Clear
2016-05-07 00:00:00,2,0,0,0,213,22.3,8.8,23.9,39.7,23.4,38.6,2016,5,May,7,Saturday,2,Partly Cloudy
2016-05-08 00:00:00,2,0,0,0,105,24.8,8.9,25.2,42.2,24.6,41.3,2016,5,May,8,Sunday,2,Partly Cloudy
2016-05-09 00:00:00,53,0.5,0.5,0,121,28.4,14.2,25.7,43.6,26.1,41.2,2016,5,May,9,Monday,2,Moderate Drizzle
2016-05-10 00:00:00,51,0.5,0.5,0,119,34.6,15.9,27.5,43.2,27.4,40.7,2016,5,May,10,Tuesday,2,Light Drizzle
2016-05-11 00:00:00,3,0,0,0,70,25.2,10.7,27.8,41.2,26.8,37.2,2016,5,May,11,Wednesday,2,Overcast
2016-05-12 00:00:00,51,0.6,0.6,0,260,29.2,16.4,26.5,41.1,24.3,38.4,2016,5,May,12,Thursday,2,Light Drizzle
2016-05-13 00:00:00,3,0,0,0,43,23,18.5,26.2,42.3,24,40,2016,5,May,13,Friday,2,Overcast
2016-05-14 00:00:00,0,0,0,0,346,31.3,13.3,26,42.5,25.9,40.8,2016,5,May,14,Saturday,2,Clear Sky
2016-05-15 00:00:00,0,0,0,0,328,28.8,13,24.6,40.9,25.6,40.8,2016,5,May,15,Sunday,2,Clear Sky
2016-05-16 00:00:00,2,0,0,0,311,32.8,14.6,23.8,40.8,24.4,41.1,2016,5,May,16,Monday,2,Partly Cloudy
2016-05-17 00:00:00,0,0,0,0,318,28.1,13,23.3,42.6,23.9,42.9,2016,5,May,17,Tuesday,2,Clear Sky
2016-05-18 00:00:00,0,0,0,0,294,24.5,9.3,25.1,44.4,26.1,44.4,2016,5,May,18,Wednesday,2,Clear Sky
2016-05-19 00:00:00,3,0,0,0,122,33.1,16.4,25.6,45.4,26.2,44.4,2016,5,May,19,Thursday,2,Overcast
2016-05-20 00:00:00,2,0,0,0,121,32,12.6,25.6,45.2,26.2,43.9,2016,5,May,20,Friday,2,Partly Cloudy
2016-05-21 00:00:00,53,0.5,0.5,0,123,32.4,13,26.7,46.1,26.4,44.6,2016,5,May,21,Saturday,2,Moderate Drizzle
2016-05-22 00:00:00,51,0.3,0.3,0,128,30.2,21.2,26.3,47.6,27.1,43.5,2016,5,May,22,Sunday,2,Light Drizzle
2016-05-23 00:00:00,61,3.1,3.1,0,103,34.6,12.7,29.5,43.8,27.2,41.5,2016,5,May,23,Monday,2,Slight Rain
2016-05-24 00:00:00,51,0.1,0.1,0,67,36.7,14.3,26.6,40.8,24.5,36.2,2016,5,May,24,Tuesday,2,Light Drizzle
2016-05-25 00:00:00,0,0,0,0,323,19.4,8.6,26.1,39.8,24.1,37.6,2016,5,May,25,Wednesday,2,Clear Sky
2016-05-26 00:00:00,55,1,1,0,342,19.1,8.5,25.6,42.1,24.8,39.3,2016,5,May,26,Thursday,2,Dense Drizzle
2016-05-27 00:00:00,1,0,0,0,290,24.1,10.6,26.6,42.4,25.9,40.8,2016,5,May,27,Friday,2,Mainly Clear
2016-05-28 00:00:00,55,2,2,0,150,34.2,8,29,43.3,27.2,40.6,2016,5,May,28,Saturday,2,Dense Drizzle
2016-05-29 00:00:00,51,0.2,0.2,0,120,31.7,19.2,28.3,42.1,26.1,39.7,2016,5,May,29,Sunday,2,Light Drizzle
2016-05-30 00:00:00,51,0.3,0.3,0,115,33.5,15.8,27.4,40.3,25.3,36.3,2016,5,May,30,Monday,2,Light Drizzle
2016-05-31 00:00:00,0,0,0,0,258,18,7.5,27,42.2,24.8,39.1,2016,5,May,31,Tuesday,2,Clear Sky
2016-06-01 00:00:00,3,0,0,0,288,25.9,13,28.6,43.5,26.5,41.6,2016,6,June,1,Wednesday,2,Overcast
2016-06-02 00:00:00,3,0,0,0,313,31,14,29.7,43.1,28.8,42,2016,6,June,2,Thursday,2,Overcast
2016-06-03 00:00:00,1,0,0,0,298,27,13.3,29.2,43.7,28.3,42,2016,6,June,3,Friday,2,Mainly Clear
2016-06-04 00:00:00,2,0,0,0,299,28.4,12.4,28.3,44.6,28.8,43.7,2016,6,June,4,Saturday,2,Partly Cloudy
2016-06-05 00:00:00,1,0,0,0,306,21.6,9.6,27.6,45.2,28.1,43.9,2016,6,June,5,Sunday,2,Mainly Clear
2016-06-06 00:00:00,53,0.9,0.9,0,122,35.6,12.8,28.3,44.9,28,42,2016,6,June,6,Monday,2,Moderate Drizzle
2016-06-07 00:00:00,61,2.5,2.5,0,111,37.4,21.7,28.6,44.4,27.9,41.6,2016,6,June,7,Tuesday,2,Slight Rain
2016-06-08 00:00:00,53,1,1,0,111,35.3,16.9,29.2,44.1,28.2,41.4,2016,6,June,8,Wednesday,2,Moderate Drizzle
2016-06-09 00:00:00,3,0,0,0,117,34.9,20.8,29.5,44.1,28.6,40.6,2016,6,June,9,Thursday,2,Overcast
2016-06-10 00:00:00,53,0.6,0.6,0,81,26.6,16.8,30.5,43.9,27.9,41.2,2016,6,June,10,Friday,2,Moderate Drizzle
2016-06-11 00:00:00,1,0,0,0,135,19.8,8.4,31.7,43.7,27.7,39.1,2016,6,June,11,Saturday,2,Mainly Clear
2016-06-12 00:00:00,1,0,0,0,222,21.6,13,31.9,44.9,28.7,40,2016,6,June,12,Sunday,2,Mainly Clear
2016-06-13 00:00:00,51,0.2,0.2,0,229,28.8,11.9,33.8,44.8,29.9,40.9,2016,6,June,13,Monday,2,Light Drizzle
2016-06-14 00:00:00,53,0.6,0.6,0,176,28.1,18.5,33,44.5,29.8,40.4,2016,6,June,14,Tuesday,2,Moderate Drizzle
2016-06-15 00:00:00,2,0,0,0,121,41.8,21.3,31.3,44.1,28.1,38.8,2016,6,June,15,Wednesday,2,Partly Cloudy
2016-06-16 00:00:00,51,0.7,0.7,0,109,46.4,19.7,31.4,44.2,28,39.7,2016,6,June,16,Thursday,2,Light Drizzle
2016-06-17 00:00:00,53,1.1,1.1,0,83,29.5,13.8,32.9,43.1,29.5,38,2016,6,June,17,Friday,2,Moderate Drizzle
2016-06-18 00:00:00,1,0,0,0,110,31,14.1,34.1,44.3,29.7,39.2,2016,6,June,18,Saturday,2,Mainly Clear
2016-06-19 00:00:00,51,0.6,0.6,0,111,34.2,14.8,35.2,43.4,30.6,37.7,2016,6,June,19,Sunday,2,Light Drizzle
2016-06-20 00:00:00,1,0,0,0,114,34.2,14,34.8,43.9,30.4,38.8,2016,6,June,20,Monday,2,Mainly Clear
2016-06-21 00:00:00,63,4.7,4.7,0,94,38.2,19.5,30.7,43.4,26.4,37.5,2016,6,June,21,Tuesday,2,Moderate Rain
2016-06-22 00:00:00,63,7.9,7.9,0,107,41,19.4,32.3,40.2,27.1,34.5,2016,6,June,22,Wednesday,2,Moderate Rain
2016-06-23 00:00:00,2,0,0,0,114,18.7,8.7,32.5,44.1,27.1,37.6,2016,6,June,23,Thursday,2,Partly Cloudy
2016-06-24 00:00:00,1,0,0,0,265,20.9,7.1,35.2,44.4,28.8,39.8,2016,6,June,24,Friday,2,Mainly Clear
2016-06-25 00:00:00,2,0,0,0,143,24.8,12.3,34.8,46.4,29.9,40.5,2016,6,June,25,Saturday,2,Partly Cloudy
2016-06-26 00:00:00,61,4,4,0,113,32.4,17.9,31.4,44.7,27,39.3,2016,6,June,26,Sunday,2,Slight Rain
2016-06-27 00:00:00,63,17,17,0,114,32.8,17.8,30.3,43.3,26.4,36.8,2016,6,June,27,Monday,2,Moderate Rain
2016-06-28 00:00:00,63,5.1,5.1,0,114,33.8,10,32.5,41.5,26.7,34.7,2016,6,June,28,Tuesday,2,Moderate Rain
2016-06-29 00:00:00,51,0.6,0.6,0,135,21.2,8.7,34.7,43.4,28.3,36.6,2016,6,June,29,Wednesday,2,Light Drizzle
2016-06-30 00:00:00,2,0,0,0,140,23.4,8.6,36.2,44.7,30.2,38.4,2016,6,June,30,Thursday,2,Partly Cloudy
2016-07-01 00:00:00,63,12.7,12.7,0,114,36.7,16.3,30.9,45.5,26.4,38.8,2016,7,July,1,Friday,3,Moderate Rain
2016-07-02 00:00:00,63,25.5,25.5,0,121,38.9,17.7,30,37.1,24.9,31.9,2016,7,July,2,Saturday,3,Moderate Rain
2016-07-03 00:00:00,61,2.7,2.7,0,120,35.3,12.1,29,36,24.5,30.6,2016,7,July,3,Sunday,3,Slight Rain
2016-07-04 00:00:00,51,0.1,0.1,0,220,18.7,7.6,32.1,40.5,26.3,35.2,2016,7,July,4,Monday,3,Light Drizzle
2016-07-05 00:00:00,63,5.2,5.2,0,168,37.8,16.6,29.8,43.5,25.7,36.4,2016,7,July,5,Tuesday,3,Moderate Rain
2016-07-06 00:00:00,61,2.3,2.3,0,91,22.3,10,30.6,43.2,25.8,36.2,2016,7,July,6,Wednesday,3,Slight Rain
2016-07-07 00:00:00,55,3.5,3.5,0,91,27.4,14.5,33.2,41.4,27.4,34.5,2016,7,July,7,Thursday,3,Dense Drizzle
2016-07-08 00:00:00,55,1.9,1.9,0,133,20.5,9.2,34.3,44.7,27.7,37,2016,7,July,8,Friday,3,Dense Drizzle
2016-07-09 00:00:00,61,4.3,4.3,0,112,29.5,15,32.9,40.8,27.2,33.6,2016,7,July,9,Saturday,3,Slight Rain
2016-07-10 00:00:00,1,0,0,0,109,20.5,6.9,33.2,41.9,27,34.7,2016,7,July,10,Sunday,3,Mainly Clear
2016-07-11 00:00:00,51,0.1,0.1,0,103,29.2,15.5,31.9,43.4,27.4,35.6,2016,7,July,11,Monday,3,Light Drizzle
2016-07-12 00:00:00,3,0,0,0,119,27.7,15.5,31.8,41.9,27.3,35.2,2016,7,July,12,Tuesday,3,Overcast
2016-07-13 00:00:00,51,0.7,0.7,0,119,24.5,10.3,33.9,43,28.2,35,2016,7,July,13,Wednesday,3,Light Drizzle
2016-07-14 00:00:00,55,2.8,2.8,0,113,23.8,14.1,31.3,42.4,26.3,35.9,2016,7,July,14,Thursday,3,Dense Drizzle
2016-07-15 00:00:00,61,5.9,5.9,0,97,23.8,12.8,31,40.4,25.9,33.6,2016,7,July,15,Friday,3,Slight Rain
2016-07-16 00:00:00,53,5.6,5.6,0,126,28.1,11.7,31.9,38.8,26,32.5,2016,7,July,16,Saturday,3,Moderate Drizzle
2016-07-17 00:00:00,61,3.1,3.1,0,103,25.9,11,31,39.9,25.6,33.1,2016,7,July,17,Sunday,3,Slight Rain
2016-07-18 00:00:00,53,2.3,2.3,0,188,22.3,10,31.1,39.3,25.4,32.6,2016,7,July,18,Monday,3,Moderate Drizzle
2016-07-19 00:00:00,53,1.3,1.3,0,257,21.2,7.4,31.1,40.9,25.3,34.1,2016,7,July,19,Tuesday,3,Moderate Drizzle
2016-07-20 00:00:00,1,0,0,0,232,22.7,8.6,32.7,42.3,27,36.5,2016,7,July,20,Wednesday,3,Mainly Clear
2016-07-21 00:00:00,51,0.8,0.8,0,161,23.8,12.6,33.8,43.4,28.3,36.5,2016,7,July,21,Thursday,3,Light Drizzle
2016-07-22 00:00:00,63,10.4,10.4,0,91,32.8,19.1,31.2,42.9,26.2,36.2,2016,7,July,22,Friday,3,Moderate Rain
2016-07-23 00:00:00,53,0.9,0.9,0,104,40.3,16.3,31,38.9,25.8,33.7,2016,7,July,23,Saturday,3,Moderate Drizzle
2016-07-24 00:00:00,53,0.6,0.6,0,114,22,11.8,30.7,41.3,25.9,33.9,2016,7,July,24,Sunday,3,Moderate Drizzle
2016-07-25 00:00:00,51,0.6,0.6,0,76,24.5,9.7,34.5,42.5,27.8,34.5,2016,7,July,25,Monday,3,Light Drizzle
2016-07-26 00:00:00,63,11.1,11.1,0,101,33.8,18,28.5,42.6,24.7,35.2,2016,7,July,26,Tuesday,3,Moderate Rain
2016-07-27 00:00:00,63,28.3,28.3,0,108,27.7,23.7,28,36.5,24.8,30.8,2016,7,July,27,Wednesday,3,Moderate Rain
2016-07-28 00:00:00,65,17.6,17.6,0,87,23,8,30.6,37,25.4,30.9,2016,7,July,28,Thursday,3,Heavy Rain
2016-07-29 00:00:00,55,1.9,1.9,0,133,19.8,11.8,30.4,41.2,25.3,33.6,2016,7,July,29,Friday,3,Dense Drizzle
2016-07-30 00:00:00,53,2.1,2.1,0,105,24.1,12.3,30.4,39,25.6,32.6,2016,7,July,30,Saturday,3,Moderate Drizzle
2016-07-31 00:00:00,53,2,2,0,105,22,11.9,31.4,42.3,26.3,33.7,2016,7,July,31,Sunday,3,Moderate Drizzle
2016-08-01 00:00:00,51,0.3,0.3,0,121,28.8,13.5,31,41,25.9,33.4,2016,8,August,1,Monday,3,Light Drizzle
2016-08-02 00:00:00,51,0.9,0.9,0,99,28.1,16.7,30.3,39,26.2,32.8,2016,8,August,2,Tuesday,3,Light Drizzle
2016-08-03 00:00:00,61,8,8,0,77,27,8.3,31.6,40,26.1,33.6,2016,8,August,3,Wednesday,3,Slight Rain
2016-08-04 00:00:00,51,0.3,0.3,0,304,19.8,6.9,33.6,42.3,27.3,35,2016,8,August,4,Thursday,3,Light Drizzle
2016-08-05 00:00:00,63,8.6,8.6,0,194,19.4,8.7,35.4,43.3,28.3,34.8,2016,8,August,5,Friday,3,Moderate Rain
2016-08-06 00:00:00,63,10.9,10.9,0,139,31.3,16.1,32.3,37.1,26.6,31.7,2016,8,August,6,Saturday,3,Moderate Rain
2016-08-07 00:00:00,63,12.6,12.6,0,103,27,13.7,30.6,35.4,25.8,30.2,2016,8,August,7,Sunday,3,Moderate Rain
2016-08-08 00:00:00,61,1.8,1.8,0,130,19.4,7.4,31.1,40.4,25.9,33.4,2016,8,August,8,Monday,3,Slight Rain
2016-08-09 00:00:00,61,3.9,3.9,0,86,20.2,7.4,33,39.2,26.6,32.3,2016,8,August,9,Tuesday,3,Slight Rain
2016-08-10 00:00:00,61,8.2,8.2,0,97,24.1,9.4,31,39.5,25.5,33,2016,8,August,10,Wednesday,3,Slight Rain
2016-08-11 00:00:00,61,3.8,3.8,0,96,26.6,12.4,30.2,37.2,25,30.9,2016,8,August,11,Thursday,3,Slight Rain
2016-08-12 00:00:00,51,0.5,0.5,0,124,19.8,8.7,31.7,38.8,25.9,32.2,2016,8,August,12,Friday,3,Light Drizzle
2016-08-13 00:00:00,2,0,0,0,144,15.5,6.4,31.8,41.8,25.7,33.9,2016,8,August,13,Saturday,3,Partly Cloudy
2016-08-14 00:00:00,61,3.5,3.5,0,156,19.1,6.9,31.7,42.6,25.8,34.7,2016,8,August,14,Sunday,3,Slight Rain
2016-08-15 00:00:00,51,0.4,0.4,0,275,27.4,10.3,31,41.3,25.3,34.1,2016,8,August,15,Monday,3,Light Drizzle
2016-08-16 00:00:00,53,1.6,1.6,0,205,23.4,8,31.6,41.4,26.2,34.3,2016,8,August,16,Tuesday,3,Moderate Drizzle
2016-08-17 00:00:00,53,0.7,0.7,0,115,20.9,11.7,30.7,41.9,25.3,34.5,2016,8,August,17,Wednesday,3,Moderate Drizzle
2016-08-18 00:00:00,51,0.1,0.1,0,5,19.1,7.1,30.5,40.2,25.1,33.6,2016,8,August,18,Thursday,3,Light Drizzle
2016-08-19 00:00:00,3,0,0,0,245,15.1,5.8,32.9,40.1,26.9,34.5,2016,8,August,19,Friday,3,Overcast
2016-08-20 00:00:00,51,0.2,0.2,0,113,29.9,11.2,33.2,41.6,27.1,34.5,2016,8,August,20,Saturday,3,Light Drizzle
2016-08-21 00:00:00,2,0,0,0,96,27,7.6,33.1,40.9,26.9,34.3,2016,8,August,21,Sunday,3,Partly Cloudy
2016-08-22 00:00:00,63,9.4,9.4,0,119,24.8,10.5,30.9,41.9,25.3,33.9,2016,8,August,22,Monday,3,Moderate Rain
2016-08-23 00:00:00,61,6.8,6.8,0,115,24.1,10,30.5,40.5,25.1,32.4,2016,8,August,23,Tuesday,3,Slight Rain
2016-08-24 00:00:00,63,10.3,10.3,0,107,25.2,12.8,31.2,40.6,25.6,32.9,2016,8,August,24,Wednesday,3,Moderate Rain
2016-08-25 00:00:00,63,14.8,14.8,0,53,28.4,11.2,30,35.9,25.3,30.1,2016,8,August,25,Thursday,3,Moderate Rain
2016-08-26 00:00:00,63,9.1,9.1,0,91,23.8,7.8,31.1,40.6,25.5,33,2016,8,August,26,Friday,3,Moderate Rain
2016-08-27 00:00:00,63,13.4,13.4,0,88,29.9,16.7,29.7,34.6,25.1,29.5,2016,8,August,27,Saturday,3,Moderate Rain
2016-08-28 00:00:00,3,0,0,0,350,20.9,7.4,30.6,38.2,24.9,31.9,2016,8,August,28,Sunday,3,Overcast
2016-08-29 00:00:00,65,17.4,17.4,0,161,23.4,8,30,39.3,24.5,31.6,2016,8,August,29,Monday,3,Heavy Rain
2016-08-30 00:00:00,51,0.4,0.4,0,91,18.7,6.8,29.5,39.6,24.1,32.1,2016,8,August,30,Tuesday,3,Light Drizzle
2016-08-31 00:00:00,51,1.2,1.2,0,78,24.5,10.1,29.4,39.7,24.6,32.6,2016,8,August,31,Wednesday,3,Light Drizzle
2016-09-01 00:00:00,51,0.3,0.3,0,223,17.3,10.1,29.6,39,24.1,31.9,2016,9,September,1,Thursday,3,Light Drizzle
2016-09-02 00:00:00,3,0,0,0,266,23,8.8,29,37.7,23.9,31.9,2016,9,September,2,Friday,3,Overcast
2016-09-03 00:00:00,0,0,0,0,228,22.3,9.5,28.7,38.6,24.3,33.6,2016,9,September,3,Saturday,3,Clear Sky
2016-09-04 00:00:00,2,0,0,0,184,18,8.3,29.5,39.5,25.4,33.6,2016,9,September,4,Sunday,3,Partly Cloudy
2016-09-05 00:00:00,1,0,0,0,214,20.9,8.3,30.2,39.5,25.7,34,2016,9,September,5,Monday,3,Mainly Clear
2016-09-06 00:00:00,0,0,0,0,228,19.4,9,30.2,39.9,25.5,34,2016,9,September,6,Tuesday,3,Clear Sky
2016-09-07 00:00:00,0,0,0,0,236,20.9,9.4,29.8,40.5,25.9,34.5,2016,9,September,7,Wednesday,3,Clear Sky
2016-09-08 00:00:00,1,0,0,0,231,18.7,8.9,30.1,40.1,26.3,34.5,2016,9,September,8,Thursday,3,Mainly Clear
2016-09-09 00:00:00,1,0,0,0,234,21.6,9.5,29.7,40.5,26.4,35.2,2016,9,September,9,Friday,3,Mainly Clear
2016-09-10 00:00:00,0,0,0,0,220,20.2,10.6,29.5,40,26,34.9,2016,9,September,10,Saturday,3,Clear Sky
2016-09-11 00:00:00,2,0,0,0,227,23.4,9.8,29.7,39.5,25.5,34.8,2016,9,September,11,Sunday,3,Partly Cloudy
2016-09-12 00:00:00,53,0.7,0.7,0,163,24.5,6.6,30.4,39.4,25.3,33.4,2016,9,September,12,Monday,3,Moderate Drizzle
2016-09-13 00:00:00,51,0.2,0.2,0,130,21.6,12.7,29,40.2,25.4,34.6,2016,9,September,13,Tuesday,3,Light Drizzle
2016-09-14 00:00:00,1,0,0,0,7,23.8,8.5,28.9,37.5,24.7,32,2016,9,September,14,Wednesday,3,Mainly Clear
2016-09-15 00:00:00,1,0,0,0,196,19.8,6.9,29.2,39.8,24.5,34.2,2016,9,September,15,Thursday,3,Mainly Clear
2016-09-16 00:00:00,1,0,0,0,240,19.8,7.1,29.9,40.9,25.2,35.4,2016,9,September,16,Friday,3,Mainly Clear
2016-09-17 00:00:00,0,0,0,0,156,16.6,8.2,30.2,41,25.2,35,2016,9,September,17,Saturday,3,Clear Sky
2016-09-18 00:00:00,1,0,0,0,103,22.3,8.6,30.3,41,25.7,35,2016,9,September,18,Sunday,3,Mainly Clear
2016-09-19 00:00:00,1,0,0,0,124,22.7,10.4,30.9,40.7,26.5,34.4,2016,9,September,19,Monday,3,Mainly Clear
2016-09-20 00:00:00,1,0,0,0,147,16.9,8.2,31,40.4,25.8,34.9,2016,9,September,20,Tuesday,3,Mainly Clear
2016-09-21 00:00:00,1,0,0,0,91,22.3,13.1,29.7,40.7,26,35.1,2016,9,September,21,Wednesday,3,Mainly Clear
2016-09-22 00:00:00,55,1.2,1.2,0,101,34.2,12.2,28.9,39.4,24.9,32.9,2016,9,September,22,Thursday,3,Dense Drizzle
2016-09-23 00:00:00,51,0.5,0.5,0,83,22.7,10.7,28.1,37,23.7,32.8,2016,9,September,23,Friday,3,Light Drizzle
2016-09-24 00:00:00,51,0.4,0.4,0,94,21.2,7.9,27.4,38.7,23.4,32.8,2016,9,September,24,Saturday,3,Light Drizzle
2016-09-25 00:00:00,1,0,0,0,69,18.4,6.9,27.6,38.2,23.5,33.3,2016,9,September,25,Sunday,3,Mainly Clear
2016-09-26 00:00:00,1,0,0,0,117,18.7,8.8,28.1,38.1,24.1,33,2016,9,September,26,Monday,3,Mainly Clear
2016-09-27 00:00:00,1,0,0,0,101,25.6,10.1,28.7,38.4,24.9,33.2,2016,9,September,27,Tuesday,3,Mainly Clear
2016-09-28 00:00:00,1,0,0,0,120,22.7,8.6,28.9,40,24.8,33.6,2016,9,September,28,Wednesday,3,Mainly Clear
2016-09-29 00:00:00,1,0,0,0,81,22,14.9,28.5,38.9,25.1,33.6,2016,9,September,29,Thursday,3,Mainly Clear
2016-09-30 00:00:00,1,0,0,0,194,22.7,9.7,29.1,38.9,24.9,34.3,2016,9,September,30,Friday,3,Mainly Clear
2016-10-01 00:00:00,0,0,0,0,190,18,7.6,30.2,40.3,25.5,35.6,2016,10,October,1,Saturday,4,Clear Sky
2016-10-02 00:00:00,51,0.3,0.3,0,173,18.4,5.9,30.1,40.4,24.9,34.5,2016,10,October,2,Sunday,4,Light Drizzle
2016-10-03 00:00:00,2,0,0,0,210,19.1,14.1,30.1,39.9,25.9,35,2016,10,October,3,Monday,4,Partly Cloudy
2016-10-04 00:00:00,51,0.2,0.2,0,203,20.5,10.6,29.6,41,25.3,35.5,2016,10,October,4,Tuesday,4,Light Drizzle
2016-10-05 00:00:00,51,0.5,0.5,0,6,25.9,7.3,28.3,39.3,23.8,34.6,2016,10,October,5,Wednesday,4,Light Drizzle
2016-10-06 00:00:00,1,0,0,0,77,17.6,6.9,27.7,38.2,23.2,33.5,2016,10,October,6,Thursday,4,Mainly Clear
2016-10-07 00:00:00,0,0,0,0,298,25.9,11,26.5,37.3,23.3,34,2016,10,October,7,Friday,4,Clear Sky
2016-10-08 00:00:00,55,1.5,1.5,0,314,28.8,11.5,24.4,37.5,21.9,33.6,2016,10,October,8,Saturday,4,Dense Drizzle
2016-10-09 00:00:00,63,5.2,5.2,0,305,23.4,7.3,22.1,37.4,19.7,33.5,2016,10,October,9,Sunday,4,Moderate Rain
2016-10-10 00:00:00,2,0,0,0,274,19.8,9.7,20.2,35.2,19.2,32.9,2016,10,October,10,Monday,4,Partly Cloudy
2016-10-11 00:00:00,0,0,0,0,252,21.6,9.3,20.1,35,19.2,33.3,2016,10,October,11,Tuesday,4,Clear Sky
2016-10-12 00:00:00,0,0,0,0,189,20.2,9.4,21.4,35.5,20.9,33.5,2016,10,October,12,Wednesday,4,Clear Sky
2016-10-13 00:00:00,0,0,0,0,263,15.5,5.8,19.4,35.2,18.4,33.5,2016,10,October,13,Thursday,4,Clear Sky
2016-10-14 00:00:00,0,0,0,0,259,20.2,9.5,18.3,33.9,17.5,33.1,2016,10,October,14,Friday,4,Clear Sky
2016-10-15 00:00:00,0,0,0,0,265,22,10.3,18.5,34.4,17.7,33.4,2016,10,October,15,Saturday,4,Clear Sky
2016-10-16 00:00:00,0,0,0,0,125,20.5,9,18.6,33.6,17.6,32.8,2016,10,October,16,Sunday,4,Clear Sky
2016-10-17 00:00:00,0,0,0,0,249,20.9,9.1,19.6,33.2,18,32.6,2016,10,October,17,Monday,4,Clear Sky
2016-10-18 00:00:00,0,0,0,0,144,17.6,8.2,19,33.6,17.3,32.3,2016,10,October,18,Tuesday,4,Clear Sky
2016-10-19 00:00:00,0,0,0,0,119,18.4,9.7,19.3,33.9,18.6,32.5,2016,10,October,19,Wednesday,4,Clear Sky
2016-10-20 00:00:00,0,0,0,0,69,17.6,9.1,19.9,34.1,18.6,32,2016,10,October,20,Thursday,4,Clear Sky
2016-10-21 00:00:00,0,0,0,0,55,14.4,8.8,19.4,34.1,18.4,31.6,2016,10,October,21,Friday,4,Clear Sky
2016-10-22 00:00:00,0,0,0,0,286,15.8,8.4,19.3,33.7,17.5,31.7,2016,10,October,22,Saturday,4,Clear Sky
2016-10-23 00:00:00,0,0,0,0,280,24.8,11.3,19.9,32.6,18.8,32.1,2016,10,October,23,Sunday,4,Clear Sky
2016-10-24 00:00:00,1,0,0,0,357,16.6,8.7,19,32.7,18.2,31.3,2016,10,October,24,Monday,4,Mainly Clear
2016-10-25 00:00:00,0,0,0,0,67,15.1,5.8,18,32.6,17.2,31.1,2016,10,October,25,Tuesday,4,Clear Sky
2016-10-26 00:00:00,1,0,0,0,305,18.4,7.5,18.1,32.4,16.9,31.2,2016,10,October,26,Wednesday,4,Mainly Clear
2016-10-27 00:00:00,0,0,0,0,288,27.4,14,17.1,31.2,16.5,31.4,2016,10,October,27,Thursday,4,Clear Sky
2016-10-28 00:00:00,0,0,0,0,257,25.2,11.7,16.8,30.6,16.9,30.5,2016,10,October,28,Friday,4,Clear Sky
2016-10-29 00:00:00,3,0,0,0,88,19.4,8.9,16.7,31.3,16.3,30.2,2016,10,October,29,Saturday,4,Overcast
2016-10-30 00:00:00,3,0,0,0,75,12.6,8.8,17.3,30.9,16.5,29.2,2016,10,October,30,Sunday,4,Overcast
2016-10-31 00:00:00,0,0,0,0,13,13.3,6.8,16.7,30.9,16,28.9,2016,10,October,31,Monday,4,Clear Sky
2016-11-01 00:00:00,0,0,0,0,238,16.6,6,17.4,31,16.4,29.2,2016,11,November,1,Tuesday,4,Clear Sky
2016-11-02 00:00:00,2,0,0,0,57,14.8,6.9,19.2,31.4,17.4,28.8,2016,11,November,2,Wednesday,4,Partly Cloudy
2016-11-03 00:00:00,2,0,0,0,343,17.6,6.6,18.4,31.2,17.1,29,2016,11,November,3,Thursday,4,Partly Cloudy
2016-11-04 00:00:00,3,0,0,0,298,28.4,13.7,17.1,29.2,16.5,27.5,2016,11,November,4,Friday,4,Overcast
2016-11-05 00:00:00,0,0,0,0,290,18.4,9.7,15.6,29.4,15.4,28.9,2016,11,November,5,Saturday,4,Clear Sky
2016-11-06 00:00:00,0,0,0,0,316,15.1,8.2,14.7,30,14.4,28.8,2016,11,November,6,Sunday,4,Clear Sky
2016-11-07 00:00:00,0,0,0,0,293,27.7,14.3,13.9,27.4,14.6,28.8,2016,11,November,7,Monday,4,Clear Sky
2016-11-08 00:00:00,0,0,0,0,281,26.3,13,12.7,27.2,13.4,29,2016,11,November,8,Tuesday,4,Clear Sky
2016-11-09 00:00:00,2,0,0,0,315,17.3,9.7,12,28.7,12.6,28.6,2016,11,November,9,Wednesday,4,Partly Cloudy
2016-11-10 00:00:00,2,0,0,0,71,14,7.8,12.9,28.4,13.1,27.6,2016,11,November,10,Thursday,4,Partly Cloudy
2016-11-11 00:00:00,1,0,0,0,99,22.7,13.3,12.6,27.5,13.1,28.1,2016,11,November,11,Friday,4,Mainly Clear
2016-11-12 00:00:00,51,0.9,0.9,0,24,41.4,21.7,12.5,21.5,13.1,23.8,2016,11,November,12,Saturday,4,Light Drizzle
2016-11-13 00:00:00,0,0,0,0,327,20.5,9.7,11.6,26,12.7,27.2,2016,11,November,13,Sunday,4,Clear Sky
2016-11-14 00:00:00,0,0,0,0,296,19.8,9.7,11.1,25.8,11.8,26.8,2016,11,November,14,Monday,4,Clear Sky
2016-11-15 00:00:00,1,0,0,0,302,23.4,10.7,10.6,24.7,11.3,26.2,2016,11,November,15,Tuesday,4,Mainly Clear
2016-11-16 00:00:00,0,0,0,0,301,22,10.2,11,25.2,11.8,26.3,2016,11,November,16,Wednesday,4,Clear Sky
2016-11-17 00:00:00,0,0,0,0,283,25.2,11.6,12,25,12.6,26.4,2016,11,November,17,Thursday,4,Clear Sky
2016-11-18 00:00:00,0,0,0,0,274,22.3,10.9,11.3,25.3,12,26.5,2016,11,November,18,Friday,4,Clear Sky
2016-11-19 00:00:00,2,0,0,0,162,17.6,7.7,10.6,26,11.4,26.4,2016,11,November,19,Saturday,4,Partly Cloudy
2016-11-20 00:00:00,3,0,0,0,97,22,9.9,11.3,25.7,12.1,26.3,2016,11,November,20,Sunday,4,Overcast
2016-11-21 00:00:00,3,0,0,0,95,23,11.1,14.3,26.7,14.5,27.1,2016,11,November,21,Monday,4,Overcast
2016-11-22 00:00:00,3,0,0,0,323,18,9.4,14.9,27,14.8,26.6,2016,11,November,22,Tuesday,4,Overcast
2016-11-23 00:00:00,3,0,0,0,306,20.5,8.1,12.4,24.9,12.9,25.5,2016,11,November,23,Wednesday,4,Overcast
2016-11-24 00:00:00,3,0,0,0,311,26.6,13,11.3,23.2,12,25.2,2016,11,November,24,Thursday,4,Overcast
2016-11-25 00:00:00,3,0,0,0,302,27.4,13.4,11.7,24.7,13.4,27,2016,11,November,25,Friday,4,Overcast
2016-11-26 00:00:00,3,0,0,0,296,25.2,12.4,12.5,25.2,13.8,27.5,2016,11,November,26,Saturday,4,Overcast
2016-11-27 00:00:00,3,0,0,0,299,26.3,12.8,10.3,23.9,12.3,26.4,2016,11,November,27,Sunday,4,Overcast
2016-11-28 00:00:00,3,0,0,0,292,24.1,11.9,8.8,23.9,11,26.4,2016,11,November,28,Monday,4,Overcast
2016-11-29 00:00:00,3,0,0,0,70,11.9,7.6,10.1,24.9,11.1,25.6,2016,11,November,29,Tuesday,4,Overcast
2016-11-30 00:00:00,0,0,0,0,71,16.9,8.8,9.2,25,10.3,25.4,2016,11,November,30,Wednesday,4,Clear Sky
2016-12-01 00:00:00,0,0,0,0,324,18.7,10.1,10.6,24.6,11.8,24.8,2016,12,December,1,Thursday,4,Clear Sky
2016-12-02 00:00:00,0,0,0,0,296,19.4,10,8.4,23.4,9.9,25,2016,12,December,2,Friday,4,Clear Sky
2016-12-03 00:00:00,3,0,0,0,298,16.9,6.2,10.2,23.5,11.1,24.8,2016,12,December,3,Saturday,4,Overcast
2016-12-04 00:00:00,3,0,0,0,293,17.6,8.6,11,24.1,11.9,24.6,2016,12,December,4,Sunday,4,Overcast
2016-12-05 00:00:00,3,0,0,0,273,23,10.6,12.5,23.9,12.6,25,2016,12,December,5,Monday,4,Overcast
2016-12-06 00:00:00,3,0,0,0,101,12.6,6.2,10.8,24.6,11.5,24.5,2016,12,December,6,Tuesday,4,Overcast
2016-12-07 00:00:00,2,0,0,0,155,18,7,10.4,24.5,11,24.4,2016,12,December,7,Wednesday,4,Partly Cloudy
2016-12-08 00:00:00,2,0,0,0,81,13.7,8,9.2,24.3,10,23.2,2016,12,December,8,Thursday,4,Partly Cloudy
2016-12-09 00:00:00,3,0,0,0,67,15.1,8.8,9.1,24.3,9.9,22.9,2016,12,December,9,Friday,4,Overcast
2016-12-10 00:00:00,0,0,0,0,121,34.6,17.7,10.7,24.7,11.7,25.7,2016,12,December,10,Saturday,4,Clear Sky
2016-12-11 00:00:00,3,0,0,0,293,22.3,10.6,13.2,24.7,13.4,24,2016,12,December,11,Sunday,4,Overcast
2016-12-12 00:00:00,51,0.4,0.4,0,193,19.4,5.8,10.4,22,10.9,21.5,2016,12,December,12,Monday,4,Light Drizzle
2016-12-13 00:00:00,3,0,0,0,309,20.9,9.7,9.8,21.2,10.3,21.4,2016,12,December,13,Tuesday,4,Overcast
2016-12-14 00:00:00,1,0,0,0,288,23.8,11.6,6.9,20.5,8.7,22.3,2016,12,December,14,Wednesday,4,Mainly Clear
2016-12-15 00:00:00,3,0,0,0,263,22.3,10.1,5.5,20.1,7.7,21.6,2016,12,December,15,Thursday,4,Overcast
2016-12-16 00:00:00,3,0,0,0,22,16.9,7,7,20.4,8.3,21.5,2016,12,December,16,Friday,4,Overcast
2016-12-17 00:00:00,3,0,0,0,306,21.6,8.7,5.3,19.4,7.1,21,2016,12,December,17,Saturday,4,Overcast
2016-12-18 00:00:00,3,0,0,0,305,22.3,10.4,6.3,20.2,8,21.8,2016,12,December,18,Sunday,4,Overcast
2016-12-19 00:00:00,3,0,0,0,298,23,10.7,5.8,20.8,7.7,22.6,2016,12,December,19,Monday,4,Overcast
2016-12-20 00:00:00,3,0,0,0,293,26.6,14,7.3,20.9,9.1,23.6,2016,12,December,20,Tuesday,4,Overcast
2016-12-21 00:00:00,2,0,0,0,282,21.2,12,4.8,21.5,7.7,23.8,2016,12,December,21,Wednesday,4,Partly Cloudy
2016-12-22 00:00:00,1,0,0,0,291,19.4,11.7,5.3,22.5,7.7,24.2,2016,12,December,22,Thursday,4,Mainly Clear
2016-12-23 00:00:00,0,0,0,0,53,13.3,8.1,6.6,22.1,8.1,22.9,2016,12,December,23,Friday,4,Clear Sky
2016-12-24 00:00:00,2,0,0,0,54,14.8,7.9,6.2,20.9,7.6,21.2,2016,12,December,24,Saturday,4,Partly Cloudy
2016-12-25 00:00:00,0,0,0,0,3,19.8,10.1,6.7,19.7,8.5,20.6,2016,12,December,25,Sunday,4,Clear Sky
2016-12-26 00:00:00,0,0,0,0,283,20.2,11.6,4.3,18.4,6.5,21.1,2016,12,December,26,Monday,4,Clear Sky
2016-12-27 00:00:00,3,0,0,0,273,13.7,7.5,5.3,20.7,7.6,21.7,2016,12,December,27,Tuesday,4,Overcast
2016-12-28 00:00:00,3,0,0,0,237,19.1,7.9,5.8,21.3,7.6,22.3,2016,12,December,28,Wednesday,4,Overcast
2016-12-29 00:00:00,2,0,0,0,97,17.3,9.4,6.4,22.1,8,21.8,2016,12,December,29,Thursday,4,Partly Cloudy
2016-12-30 00:00:00,3,0,0,0,89,22.3,12.7,8.4,21.1,9.9,21.2,2016,12,December,30,Friday,4,Overcast
2016-12-31 00:00:00,3,0,0,0,82,24.1,10.7,9.3,21.1,10.5,21.5,2016,12,December,31,Saturday,4,Overcast
2017-01-01 00:00:00,51,0.2,0.2,0,86,29.5,11.2,10.1,21.2,10.8,21.3,2017,1,January,1,Sunday,1,Light Drizzle
2017-01-02 00:00:00,3,0,0,0,341,15.8,7.6,10.5,22.1,10.9,21.7,2017,1,January,2,Monday,1,Overcast
2017-01-03 00:00:00,3,0,0,0,101,16.9,10.2,11.6,21.6,12,21.3,2017,1,January,3,Tuesday,1,Overcast
2017-01-04 00:00:00,55,4.9,4.9,0,68,27.7,16.1,10.6,19.8,11.3,20.4,2017,1,January,4,Wednesday,1,Dense Drizzle
2017-01-05 00:00:00,63,9.4,9.4,0,42,22.7,10.5,10.8,20,12.1,20.3,2017,1,January,5,Thursday,1,Moderate Rain
2017-01-06 00:00:00,65,24.3,24.3,0,115,37.4,16.2,10.3,16.3,11.7,16.9,2017,1,January,6,Friday,1,Heavy Rain
2017-01-07 00:00:00,51,0.5,0.5,0,89,18,8.4,6.2,15.9,7.9,16.2,2017,1,January,7,Saturday,1,Light Drizzle
2017-01-08 00:00:00,51,0.1,0.1,0,25,23.8,10.6,4.5,15.2,7.1,16.2,2017,1,January,8,Sunday,1,Light Drizzle
2017-01-09 00:00:00,0,0,0,0,316,27.4,12.5,1.3,12.8,5,16.4,2017,1,January,9,Monday,1,Clear Sky
2017-01-10 00:00:00,0,0,0,0,299,26.6,11.6,0.5,11.9,3.9,15.6,2017,1,January,10,Tuesday,1,Clear Sky
2017-01-11 00:00:00,0,0,0,0,298,22.7,10.9,-0.1,13,3,16.4,2017,1,January,11,Wednesday,1,Clear Sky
2017-01-12 00:00:00,0,0,0,0,335,24.1,10.5,1.5,13.7,4.2,16.8,2017,1,January,12,Thursday,1,Clear Sky
2017-01-13 00:00:00,3,0,0,0,13,20.2,9.9,2.1,14.7,4.5,17.2,2017,1,January,13,Friday,1,Overcast
2017-01-14 00:00:00,3,0,0,0,349,31.3,18,4.7,12.6,6.8,15.9,2017,1,January,14,Saturday,1,Overcast
2017-01-15 00:00:00,61,6,6,0,10,40.3,18.9,5.3,18,9.2,19.8,2017,1,January,15,Sunday,1,Slight Rain
2017-01-16 00:00:00,51,0.8,0.8,0,303,20.9,9.4,5.7,13.1,7.4,14.8,2017,1,January,16,Monday,1,Light Drizzle
2017-01-17 00:00:00,53,0.9,0.9,0,190,27.4,12.7,4.5,12.5,6.6,15.3,2017,1,January,17,Tuesday,1,Moderate Drizzle
2017-01-18 00:00:00,3,0,0,0,13,18.7,10.9,4,15.3,6,16.7,2017,1,January,18,Wednesday,1,Overcast
2017-01-19 00:00:00,0,0,0,0,319,32,15.1,3,13.7,5.8,16.8,2017,1,January,19,Thursday,1,Clear Sky
2017-01-20 00:00:00,3,0,0,0,312,24.5,11.5,3.3,16,6.1,18.6,2017,1,January,20,Friday,1,Overcast
2017-01-21 00:00:00,3,0,0,0,310,22,10.1,4.1,14.1,6.6,16.8,2017,1,January,21,Saturday,1,Overcast
2017-01-22 00:00:00,3,0,0,0,353,15.8,8.9,4.9,18.5,7.1,19.4,2017,1,January,22,Sunday,1,Overcast
2017-01-23 00:00:00,3,0,0,0,325,23.8,14.2,4.8,18.6,7,19.7,2017,1,January,23,Monday,1,Overcast
2017-01-24 00:00:00,53,2.4,2.4,0,350,31,16.1,9.2,15.8,10.5,18.1,2017,1,January,24,Tuesday,1,Moderate Drizzle
2017-01-25 00:00:00,63,10.4,10.4,0,95,29.9,15.3,10,15.5,11.6,15.9,2017,1,January,25,Wednesday,1,Moderate Rain
2017-01-26 00:00:00,61,9.8,9.8,0,276,31,8.5,9.9,16.5,10.6,15.9,2017,1,January,26,Thursday,1,Slight Rain
2017-01-27 00:00:00,51,0.1,0.1,0,262,20.5,12.1,6.4,16.5,8.3,16.9,2017,1,January,27,Friday,1,Light Drizzle
2017-01-28 00:00:00,3,0,0,0,314,26.6,13.2,8.3,18.1,9.3,19.1,2017,1,January,28,Saturday,1,Overcast
2017-01-29 00:00:00,3,0,0,0,283,25.2,11.3,8.2,17.9,9.9,19.4,2017,1,January,29,Sunday,1,Overcast
2017-01-30 00:00:00,51,1.3,1.3,0,347,19.1,8.7,7.3,17.8,8.7,18.2,2017,1,January,30,Monday,1,Light Drizzle
2017-01-31 00:00:00,1,0,0,0,314,23.8,10.2,7.3,18.7,8.9,19.7,2017,1,January,31,Tuesday,1,Mainly Clear
2017-02-01 00:00:00,3,0,0,0,309,18,8.7,7.1,19.9,8.6,20.3,2017,2,February,1,Wednesday,1,Overcast
2017-02-02 00:00:00,3,0,0,0,332,15.8,10.3,7.5,19.6,9.3,20.2,2017,2,February,2,Thursday,1,Overcast
2017-02-03 00:00:00,3,0,0,0,55,21.6,12.5,7.3,20.4,8.9,20.4,2017,2,February,3,Friday,1,Overcast
2017-02-04 00:00:00,61,7,7,0,136,62.6,34.9,9.3,19.2,11.3,21.7,2017,2,February,4,Saturday,1,Slight Rain
2017-02-05 00:00:00,51,0.7,0.7,0,126,38.5,21,9.1,19.3,10,20.8,2017,2,February,5,Sunday,1,Light Drizzle
2017-02-06 00:00:00,3,0,0,0,294,19.8,9.6,6.7,17.6,8.6,18.5,2017,2,February,6,Monday,1,Overcast
2017-02-07 00:00:00,3,0,0,0,295,25.2,10.9,6.8,17.7,8.5,19.2,2017,2,February,7,Tuesday,1,Overcast
2017-02-08 00:00:00,2,0,0,0,215,24.8,10.2,7.4,18.6,9.1,20.1,2017,2,February,8,Wednesday,1,Partly Cloudy
2017-02-09 00:00:00,51,0.1,0.1,0,307,25.9,11.4,5.7,19.1,7.9,20.2,2017,2,February,9,Thursday,1,Light Drizzle
2017-02-10 00:00:00,0,0,0,0,299,23,10.1,4.7,19.2,7.2,21,2017,2,February,10,Friday,1,Clear Sky
2017-02-11 00:00:00,0,0,0,0,315,18.4,10.5,4.2,20.2,6.5,21.2,2017,2,February,11,Saturday,1,Clear Sky
2017-02-12 00:00:00,0,0,0,0,327,18.4,12,7,21.2,8.6,21.7,2017,2,February,12,Sunday,1,Clear Sky
2017-02-13 00:00:00,2,0,0,0,310,28.8,14.5,4.9,21.6,7.3,23.2,2017,2,February,13,Monday,1,Partly Cloudy
2017-02-14 00:00:00,3,0,0,0,320,21.2,12.2,7.5,21.1,9.9,22.7,2017,2,February,14,Tuesday,1,Overcast
2017-02-15 00:00:00,3,0,0,0,325,26.6,11.5,9.2,23.8,11.3,25.3,2017,2,February,15,Wednesday,1,Overcast
2017-02-16 00:00:00,3,0,0,0,306,28.4,15.3,12.1,25.4,13.3,26.2,2017,2,February,16,Thursday,1,Overcast
2017-02-17 00:00:00,3,0,0,0,324,29.5,14.3,12.7,25.4,13.6,26.3,2017,2,February,17,Friday,1,Overcast
2017-02-18 00:00:00,3,0,0,0,332,23.4,9.7,13.2,26.9,13.9,27.3,2017,2,February,18,Saturday,1,Overcast
2017-02-19 00:00:00,61,6.2,6.2,0,82,40.3,14.8,14.8,27.4,15.5,27.3,2017,2,February,19,Sunday,1,Slight Rain
2017-02-20 00:00:00,53,1.3,1.3,0,37,33.8,17.8,12.7,22,12.8,21.7,2017,2,February,20,Monday,1,Moderate Drizzle
2017-02-21 00:00:00,0,0,0,0,36,27.4,15.8,9.6,23.1,10.8,23.3,2017,2,February,21,Tuesday,1,Clear Sky
2017-02-22 00:00:00,0,0,0,0,347,30.6,14.8,8,22.2,10.7,23.7,2017,2,February,22,Wednesday,1,Clear Sky
2017-02-23 00:00:00,3,0,0,0,329,34.9,16.8,8.4,20.8,10.7,24.2,2017,2,February,23,Thursday,1,Overcast
2017-02-24 00:00:00,3,0,0,0,315,38.5,18.9,7.8,21.1,10.5,25.1,2017,2,February,24,Friday,1,Overcast
2017-02-25 00:00:00,1,0,0,0,311,33.8,16.1,7.4,22.9,10,26,2017,2,February,25,Saturday,1,Mainly Clear
2017-02-26 00:00:00,2,0,0,0,318,34.2,16.2,8.3,23.9,10.9,26.9,2017,2,February,26,Sunday,1,Partly Cloudy
2017-02-27 00:00:00,3,0,0,0,346,33.5,21.1,9.8,25.6,11.6,27.6,2017,2,February,27,Monday,1,Overcast
2017-02-28 00:00:00,51,0.3,0.3,0,16,39.6,16.9,11,22.6,13.8,24.5,2017,2,February,28,Tuesday,1,Light Drizzle
2017-03-01 00:00:00,51,0.1,0.1,0,5,29.9,13.6,10.5,25.3,12.2,25.8,2017,3,March,1,Wednesday,1,Light Drizzle
2017-03-02 00:00:00,2,0,0,0,338,32.8,14.4,9.4,24.1,11.9,25.5,2017,3,March,2,Thursday,1,Partly Cloudy
2017-03-03 00:00:00,3,0,0,0,338,25.6,10.1,8.6,22.8,11.3,25.1,2017,3,March,3,Friday,1,Overcast
2017-03-04 00:00:00,3,0,0,0,320,29.9,14,9.6,23.4,12.4,26.1,2017,3,March,4,Saturday,1,Overcast
2017-03-05 00:00:00,1,0,0,0,324,33.5,14.8,9.1,23.2,12.1,26.8,2017,3,March,5,Sunday,1,Mainly Clear
2017-03-06 00:00:00,51,0.4,0.4,0,308,43.2,12.7,9.4,24,12.3,26.8,2017,3,March,6,Monday,1,Light Drizzle
2017-03-07 00:00:00,53,2.5,2.5,0,16,39.6,13.8,10.8,20.4,12.4,21.7,2017,3,March,7,Tuesday,1,Moderate Drizzle
2017-03-08 00:00:00,51,0.2,0.2,0,107,34.6,16.3,10.4,22.9,12.1,23.9,2017,3,March,8,Wednesday,1,Light Drizzle
2017-03-09 00:00:00,61,4.9,4.9,0,72,32.8,15.4,9.9,20.3,11.6,20.5,2017,3,March,9,Thursday,1,Slight Rain
2017-03-10 00:00:00,63,4.5,4.5,0,79,30.2,15.9,8.1,17.6,9.6,19.1,2017,3,March,10,Friday,1,Moderate Rain
2017-03-11 00:00:00,51,0.1,0.1,0,23,28.1,9.6,7.1,18.5,8.5,18.5,2017,3,March,11,Saturday,1,Light Drizzle
2017-03-12 00:00:00,3,0,0,0,354,28.4,11.9,7.4,19.3,8.9,21.3,2017,3,March,12,Sunday,1,Overcast
2017-03-13 00:00:00,2,0,0,0,321,24.8,10.5,6.7,21,8.9,22.6,2017,3,March,13,Monday,1,Partly Cloudy
2017-03-14 00:00:00,3,0,0,0,26,22.7,10.1,9.1,23.4,10.6,24.3,2017,3,March,14,Tuesday,1,Overcast
2017-03-15 00:00:00,51,1.1,1.1,0,1,27.4,15.3,9.3,21.3,11,23.7,2017,3,March,15,Wednesday,1,Light Drizzle
2017-03-16 00:00:00,51,0.6,0.6,0,320,28.4,12.7,10.7,22.7,11.4,23.5,2017,3,March,16,Thursday,1,Light Drizzle
2017-03-17 00:00:00,53,0.9,0.9,0,331,38.9,21.6,10.5,25.2,11.7,26.2,2017,3,March,17,Friday,1,Moderate Drizzle
2017-03-18 00:00:00,3,0,0,0,33,34.9,18.6,10.6,26.8,11.6,28.3,2017,3,March,18,Saturday,1,Overcast
2017-03-19 00:00:00,3,0,0,0,331,51.1,25.2,12.3,28.7,13.7,29.3,2017,3,March,19,Sunday,1,Overcast
2017-03-20 00:00:00,3,0,0,0,321,31,13.7,12,29.3,14,31,2017,3,March,20,Monday,1,Overcast
2017-03-21 00:00:00,3,0,0,0,71,21.6,12.4,15.8,32.7,16.5,32.1,2017,3,March,21,Tuesday,1,Overcast
2017-03-22 00:00:00,3,0,0,0,357,35.6,20.8,16.3,33.4,18.3,32.3,2017,3,March,22,Wednesday,1,Overcast
2017-03-23 00:00:00,51,0.1,0.1,0,340,31.3,13.9,16.9,32.6,18.5,32.5,2017,3,March,23,Thursday,1,Light Drizzle
2017-03-24 00:00:00,3,0,0,0,309,29.5,14.5,16.2,31.6,17.5,32.4,2017,3,March,24,Friday,1,Overcast
2017-03-25 00:00:00,2,0,0,0,324,31.7,14.3,15.9,31.2,16.9,32.7,2017,3,March,25,Saturday,1,Partly Cloudy
2017-03-26 00:00:00,2,0,0,0,301,39.2,19.4,16.7,32.6,19.1,34.8,2017,3,March,26,Sunday,1,Partly Cloudy
2017-03-27 00:00:00,51,0.4,0.4,0,323,31,14.4,19.6,36.9,20,36.3,2017,3,March,27,Monday,1,Light Drizzle
2017-03-28 00:00:00,51,0.2,0.2,0,358,35.6,18.6,21.6,37.2,21.7,36.6,2017,3,March,28,Tuesday,1,Light Drizzle
2017-03-29 00:00:00,3,0,0,0,325,41.8,21.5,20.7,36.4,21.2,36,2017,3,March,29,Wednesday,1,Overcast
2017-03-30 00:00:00,3,0,0,0,330,29.2,13.9,20.8,35.8,21,36.3,2017,3,March,30,Thursday,1,Overcast
2017-03-31 00:00:00,51,0.6,0.6,0,348,33.5,17.6,21.5,37.8,21.6,37.2,2017,3,March,31,Friday,1,Light Drizzle
2017-04-01 00:00:00,51,0.2,0.2,0,326,49.3,25.2,18.5,35.4,20.4,35.8,2017,4,April,1,Saturday,2,Light Drizzle
2017-04-02 00:00:00,2,0,0,0,320,31.7,14.6,17.8,34.5,19.2,35.5,2017,4,April,2,Sunday,2,Partly Cloudy
2017-04-03 00:00:00,51,0.1,0.1,0,344,28.4,12.4,20,36.6,20.7,36.3,2017,4,April,3,Monday,2,Light Drizzle
2017-04-04 00:00:00,51,0.2,0.2,0,107,46.8,23.2,18.5,34.6,21,34.8,2017,4,April,4,Tuesday,2,Light Drizzle
2017-04-05 00:00:00,61,4.4,4.4,0,89,52.2,25.9,17.1,33.5,18.3,34.2,2017,4,April,5,Wednesday,2,Slight Rain
2017-04-06 00:00:00,51,0.6,0.6,0,42,47.9,24.3,16.3,27.7,17.1,29.5,2017,4,April,6,Thursday,2,Light Drizzle
2017-04-07 00:00:00,2,0,0,0,18,32.4,19.2,14,28.5,16,27.6,2017,4,April,7,Friday,2,Partly Cloudy
2017-04-08 00:00:00,1,0,0,0,338,41.4,20.1,11.8,26.5,15.5,28.3,2017,4,April,8,Saturday,2,Mainly Clear
2017-04-09 00:00:00,0,0,0,0,319,43.6,21.9,11.5,26.7,15.4,30,2017,4,April,9,Sunday,2,Clear Sky
2017-04-10 00:00:00,0,0,0,0,316,45.7,23.5,13,28.9,16.4,32.2,2017,4,April,10,Monday,2,Clear Sky
2017-04-11 00:00:00,2,0,0,0,312,42.5,22,15.2,33.2,17.4,35.8,2017,4,April,11,Tuesday,2,Partly Cloudy
2017-04-12 00:00:00,0,0,0,0,327,42.1,21,17,35.8,17.6,38.1,2017,4,April,12,Wednesday,2,Clear Sky
2017-04-13 00:00:00,3,0,0,0,19,27,11.5,17.9,38.4,17.9,38.9,2017,4,April,13,Thursday,2,Overcast
2017-04-14 00:00:00,3,0,0,0,36,28.4,13.1,19.7,40.7,21.3,39.5,2017,4,April,14,Friday,2,Overcast
2017-04-15 00:00:00,0,0,0,0,325,39.2,18.9,20.4,39.1,21.3,41.1,2017,4,April,15,Saturday,2,Clear Sky
2017-04-16 00:00:00,0,0,0,0,358,29.9,13.7,22.1,41.1,22.9,42,2017,4,April,16,Sunday,2,Clear Sky
2017-04-17 00:00:00,0,0,0,0,76,31.7,13.1,23.3,42.9,23.2,42.1,2017,4,April,17,Monday,2,Clear Sky
2017-04-18 00:00:00,2,0,0,0,111,20.2,10.5,23.5,44.2,23.4,43.4,2017,4,April,18,Tuesday,2,Partly Cloudy
2017-04-19 00:00:00,3,0,0,0,181,38.5,18.6,25,41.2,25.6,43.7,2017,4,April,19,Wednesday,2,Overcast
2017-04-20 00:00:00,3,0,0,0,65,48.2,20.8,24.6,43.1,26.4,43.6,2017,4,April,20,Thursday,2,Overcast
2017-04-21 00:00:00,55,1.4,1.4,0,44,35.3,18.4,25.2,43.7,27,42.7,2017,4,April,21,Friday,2,Dense Drizzle
2017-04-22 00:00:00,61,2.3,2.3,0,53,35.6,20.5,23.8,40.8,22.8,38.7,2017,4,April,22,Saturday,2,Slight Rain
2017-04-23 00:00:00,61,3.2,3.2,0,327,38.9,20.3,21.6,36.1,22,34.6,2017,4,April,23,Sunday,2,Slight Rain
2017-04-24 00:00:00,53,0.6,0.6,0,337,45.7,23.2,19.4,35.6,18.4,33.8,2017,4,April,24,Monday,2,Moderate Drizzle
2017-04-25 00:00:00,55,1.3,1.3,0,316,31.3,12.1,20.3,34.7,21.8,34.4,2017,4,April,25,Tuesday,2,Dense Drizzle
2017-04-26 00:00:00,3,0,0,0,345,41.4,20.9,19.1,35.7,19.9,35.7,2017,4,April,26,Wednesday,2,Overcast
2017-04-27 00:00:00,3,0,0,0,17,41,21.4,20.3,37,21.3,37.2,2017,4,April,27,Thursday,2,Overcast
2017-04-28 00:00:00,55,1.2,1.2,0,47,54.7,29.2,20.8,38.2,21.7,37.7,2017,4,April,28,Friday,2,Dense Drizzle
2017-04-29 00:00:00,3,0,0,0,13,44.3,25.3,20.8,38.1,22,38.8,2017,4,April,29,Saturday,2,Overcast
2017-04-30 00:00:00,3,0,0,0,48,60.8,32.2,19.7,36.6,20.5,36,2017,4,April,30,Sunday,2,Overcast
2017-05-01 00:00:00,3,0,0,0,51,29.2,11.9,19.9,36.1,20.5,37.1,2017,5,May,1,Monday,2,Overcast
2017-05-02 00:00:00,3,0,0,0,85,29.5,17.4,20.3,39.2,22.9,38.4,2017,5,May,2,Tuesday,2,Overcast
2017-05-03 00:00:00,3,0,0,0,29,50,26.1,22,35.1,22.4,35.7,2017,5,May,3,Wednesday,2,Overcast
2017-05-04 00:00:00,3,0,0,0,338,30.2,14.1,22.3,36.8,22.9,36.8,2017,5,May,4,Thursday,2,Overcast
2017-05-05 00:00:00,3,0,0,0,315,34.9,15.9,23.1,38.6,24.3,39,2017,5,May,5,Friday,2,Overcast
2017-05-06 00:00:00,3,0,0,0,322,42.1,20.7,23.2,41.6,24.4,40.9,2017,5,May,6,Saturday,2,Overcast
2017-05-07 00:00:00,51,0.1,0.1,0,2,35.6,16.3,25,42,25.9,41.1,2017,5,May,7,Sunday,2,Light Drizzle
2017-05-08 00:00:00,3,0,0,0,344,33.5,16.1,24.7,43.1,25.3,42.4,2017,5,May,8,Monday,2,Overcast
2017-05-09 00:00:00,51,0.5,0.5,0,46,45.4,21,26.4,42.3,26.5,42.5,2017,5,May,9,Tuesday,2,Light Drizzle
2017-05-10 00:00:00,51,0.6,0.6,0,92,34.2,16.8,27.3,42.7,26.2,40.6,2017,5,May,10,Wednesday,2,Light Drizzle
2017-05-11 00:00:00,3,0,0,0,320,40.7,19.9,26.6,40.2,25.4,38.6,2017,5,May,11,Thursday,2,Overcast
2017-05-12 00:00:00,3,0,0,0,319,31,14.4,25.5,41.9,25.6,40,2017,5,May,12,Friday,2,Overcast
2017-05-13 00:00:00,51,0.2,0.2,0,297,39.2,18.7,25.6,41.7,25.7,40.3,2017,5,May,13,Saturday,2,Light Drizzle
2017-05-14 00:00:00,3,0,0,0,359,41.8,20.4,25.9,41.4,25.9,40.9,2017,5,May,14,Sunday,2,Overcast
2017-05-15 00:00:00,3,0,0,0,16,35.6,14.1,26.5,43.5,26.3,42.1,2017,5,May,15,Monday,2,Overcast
2017-05-16 00:00:00,55,2,2,0,1,30.6,14.8,26.9,40.6,25.3,38.2,2017,5,May,16,Tuesday,2,Dense Drizzle
2017-05-17 00:00:00,61,2.8,2.8,0,311,38.2,16.2,25.9,35,24.4,35.1,2017,5,May,17,Wednesday,2,Slight Rain
2017-05-18 00:00:00,3,0,0,0,143,24.8,11,25.4,40.4,24.5,37.3,2017,5,May,18,Thursday,2,Overcast
2017-05-19 00:00:00,3,0,0,0,112,42.1,19.7,26.2,42.2,25.1,40.3,2017,5,May,19,Friday,2,Overcast
2017-05-20 00:00:00,53,0.8,0.8,0,76,40.7,21,25.8,41.3,25.1,40,2017,5,May,20,Saturday,2,Moderate Drizzle
2017-05-21 00:00:00,53,0.9,0.9,0,308,32.4,15,26,38.5,25.3,37.7,2017,5,May,21,Sunday,2,Moderate Drizzle
2017-05-22 00:00:00,53,0.5,0.5,0,329,30.2,10,25.1,37.1,23.2,35.8,2017,5,May,22,Monday,2,Moderate Drizzle
2017-05-23 00:00:00,2,0,0,0,88,27.4,11.1,26.9,41.5,24.2,37.8,2017,5,May,23,Tuesday,2,Partly Cloudy
2017-05-24 00:00:00,3,0,0,0,82,37.1,17.8,26.2,41.6,25,40.2,2017,5,May,24,Wednesday,2,Overcast
2017-05-25 00:00:00,3,0,0,0,151,29.5,14.5,26.7,44.8,25.7,42.2,2017,5,May,25,Thursday,2,Overcast
2017-05-26 00:00:00,3,0,0,0,296,34.6,16.6,25.4,45.5,26.8,44.7,2017,5,May,26,Friday,2,Overcast
2017-05-27 00:00:00,51,0.1,0.1,0,121,32.8,17,26.7,45.1,26.8,44.4,2017,5,May,27,Saturday,2,Light Drizzle
2017-05-28 00:00:00,3,0,0,0,120,46.8,22,27.9,44,27.7,41.6,2017,5,May,28,Sunday,2,Overcast
2017-05-29 00:00:00,53,0.5,0.5,0,126,35.3,16.7,28.1,42.4,26.6,39.6,2017,5,May,29,Monday,2,Moderate Drizzle
2017-05-30 00:00:00,3,0,0,0,125,28.1,13.9,28.1,42.3,26.8,39,2017,5,May,30,Tuesday,2,Overcast
2017-05-31 00:00:00,55,3.5,3.5,0,83,57.6,28.5,26.1,39.2,25.6,37.2,2017,5,May,31,Wednesday,2,Dense Drizzle
2017-06-01 00:00:00,51,0.2,0.2,0,342,30.2,10,26,40.8,24.8,37.4,2017,6,June,1,Thursday,2,Light Drizzle
2017-06-02 00:00:00,1,0,0,0,301,30.6,13.2,25.3,42,25.3,40.7,2017,6,June,2,Friday,2,Mainly Clear
2017-06-03 00:00:00,0,0,0,0,284,31.3,16.4,28.7,44.5,28.4,44.4,2017,6,June,3,Saturday,2,Clear Sky
2017-06-04 00:00:00,3,0,0,0,244,25.6,15.3,31.9,47.7,30.5,46.5,2017,6,June,4,Sunday,2,Overcast
2017-06-05 00:00:00,61,1.4,1.4,0,203,38.2,17.9,33.1,46.4,32.8,45.2,2017,6,June,5,Monday,2,Slight Rain
2017-06-06 00:00:00,61,3.2,3.2,0,143,43.6,18.3,29,44.6,26.6,41.4,2017,6,June,6,Tuesday,2,Slight Rain
2017-06-07 00:00:00,61,4.9,4.9,0,106,36.7,17.3,28.3,36.5,24.3,33.4,2017,6,June,7,Wednesday,2,Slight Rain
2017-06-08 00:00:00,51,0.2,0.2,0,106,31.7,12,30,41.9,25.8,37.7,2017,6,June,8,Thursday,2,Light Drizzle
2017-06-09 00:00:00,63,5.2,5.2,0,199,42.5,16.4,28.4,38.5,25.6,34,2017,6,June,9,Friday,2,Moderate Rain
2017-06-10 00:00:00,3,0,0,0,18,37.4,21.8,26.9,39.5,25,36.5,2017,6,June,10,Saturday,2,Overcast
2017-06-11 00:00:00,51,0.5,0.5,0,300,27.4,13,25.2,40.1,23.6,36.1,2017,6,June,11,Sunday,2,Light Drizzle
2017-06-12 00:00:00,51,0.2,0.2,0,289,31.7,15.6,27.5,40.8,25.2,38.2,2017,6,June,12,Monday,2,Light Drizzle
2017-06-13 00:00:00,51,0.2,0.2,0,62,48.2,23.2,28.8,43.5,26.4,40,2017,6,June,13,Tuesday,2,Light Drizzle
2017-06-14 00:00:00,63,3.3,3.3,0,232,40.7,22.2,29.5,44.2,27.3,41.4,2017,6,June,14,Wednesday,2,Moderate Rain
2017-06-15 00:00:00,3,0,0,0,147,39.6,17.5,28.9,42.1,27.2,39.2,2017,6,June,15,Thursday,2,Overcast
2017-06-16 00:00:00,2,0,0,0,131,42.8,22.1,29,41.7,27.7,39.9,2017,6,June,16,Friday,2,Partly Cloudy
2017-06-17 00:00:00,51,0.2,0.2,0,132,25.9,11.7,31.8,42.3,28.8,38,2017,6,June,17,Saturday,2,Light Drizzle
2017-06-18 00:00:00,1,0,0,0,159,26.3,11.3,32.3,43.2,27.5,37.4,2017,6,June,18,Sunday,2,Mainly Clear
2017-06-19 00:00:00,63,5.8,5.8,0,120,28.8,13.7,29.8,43.4,25.4,38.2,2017,6,June,19,Monday,2,Moderate Rain
2017-06-20 00:00:00,63,8.9,8.9,0,129,40.3,19.2,27.4,40.5,24.1,34.5,2017,6,June,20,Tuesday,2,Moderate Rain
2017-06-21 00:00:00,63,12.7,12.7,0,25,34.2,18.4,25.8,35.7,23.3,30.6,2017,6,June,21,Wednesday,2,Moderate Rain
2017-06-22 00:00:00,51,0.1,0.1,0,238,25.9,9.2,26,37.3,23.6,33,2017,6,June,22,Thursday,2,Light Drizzle
2017-06-23 00:00:00,0,0,0,0,210,15.1,8.2,29.7,41.2,24.6,35.2,2017,6,June,23,Friday,2,Clear Sky
2017-06-24 00:00:00,0,0,0,0,147,20.2,8.7,31.4,42.9,26.7,36.8,2017,6,June,24,Saturday,2,Clear Sky
2017-06-25 00:00:00,1,0,0,0,111,23.8,9.7,33.4,43.8,28,38.5,2017,6,June,25,Sunday,2,Mainly Clear
2017-06-26 00:00:00,55,1.6,1.6,0,97,39.2,20.1,32.1,44.4,27.9,38.6,2017,6,June,26,Monday,2,Dense Drizzle
2017-06-27 00:00:00,65,17.7,17.7,0,120,35.3,17.2,33,43.7,27,37.8,2017,6,June,27,Tuesday,2,Heavy Rain
2017-06-28 00:00:00,65,14.7,14.7,0,77,33.5,10.9,31.5,39.7,25.7,32.7,2017,6,June,28,Wednesday,2,Heavy Rain
2017-06-29 00:00:00,61,3.3,3.3,0,71,33.5,17.2,27.6,32.9,24.3,29.4,2017,6,June,29,Thursday,2,Slight Rain
2017-06-30 00:00:00,53,1,1,0,90,23.4,10.8,27.6,36.6,24.4,31.7,2017,6,June,30,Friday,2,Moderate Drizzle
2017-07-01 00:00:00,1,0,0,0,155,20.2,11,32.5,41.3,25.9,34.5,2017,7,July,1,Saturday,3,Mainly Clear
2017-07-02 00:00:00,51,0.3,0.3,0,120,24.5,14.5,33.5,42.8,27.7,35.8,2017,7,July,2,Sunday,3,Light Drizzle
2017-07-03 00:00:00,2,0,0,0,147,27.4,9.5,33.7,44.1,27.9,36.3,2017,7,July,3,Monday,3,Partly Cloudy
2017-07-04 00:00:00,63,8.5,8.5,0,110,36.4,14.2,31.5,44.4,26.7,38,2017,7,July,4,Tuesday,3,Moderate Rain
2017-07-05 00:00:00,63,11.9,11.9,0,125,32,19.3,28.8,42.9,25.6,35.9,2017,7,July,5,Wednesday,3,Moderate Rain
2017-07-06 00:00:00,61,4.1,4.1,0,126,37.4,13.4,31.7,43.3,26.5,37,2017,7,July,6,Thursday,3,Slight Rain
2017-07-07 00:00:00,55,2.1,2.1,0,186,25.9,12.2,32.4,41.9,26.2,35.5,2017,7,July,7,Friday,3,Dense Drizzle
2017-07-08 00:00:00,51,0.1,0.1,0,236,20.5,6.6,33.6,42.4,27.2,36.3,2017,7,July,8,Saturday,3,Light Drizzle
2017-07-09 00:00:00,51,0.1,0.1,0,213,20.5,11.4,35.2,43.9,28.8,37.3,2017,7,July,9,Sunday,3,Light Drizzle
2017-07-10 00:00:00,63,3.8,3.8,0,101,28.1,12.7,35.3,44.1,29.1,38.8,2017,7,July,10,Monday,3,Moderate Rain
2017-07-11 00:00:00,63,9.3,9.3,0,105,34.9,15.2,31.8,42.4,26.9,37,2017,7,July,11,Tuesday,3,Moderate Rain
2017-07-12 00:00:00,55,2.3,2.3,0,106,33.8,16.3,30.2,36.4,25.6,32.6,2017,7,July,12,Wednesday,3,Dense Drizzle
2017-07-13 00:00:00,61,5.8,5.8,0,81,23.4,11.5,30.9,36.5,25.5,31.2,2017,7,July,13,Thursday,3,Slight Rain
2017-07-14 00:00:00,1,0,0,0,138,17.6,8.1,32.2,42,26.4,34.7,2017,7,July,14,Friday,3,Mainly Clear
2017-07-15 00:00:00,51,0.2,0.2,0,116,18,10.6,33.9,41.3,27.3,34.2,2017,7,July,15,Saturday,3,Light Drizzle
2017-07-16 00:00:00,51,0.5,0.5,0,106,26.6,13.1,33.9,41.5,27.8,34.3,2017,7,July,16,Sunday,3,Light Drizzle
2017-07-17 00:00:00,61,3.4,3.4,0,113,24.8,13.4,32.8,42.6,27,35.1,2017,7,July,17,Monday,3,Slight Rain
2017-07-18 00:00:00,63,7.6,7.6,0,78,27.7,13.8,31.4,39.2,26.3,32.9,2017,7,July,18,Tuesday,3,Moderate Rain
2017-07-19 00:00:00,3,0,0,0,256,16.2,7.6,32.7,42.5,26.7,34.6,2017,7,July,19,Wednesday,3,Overcast
2017-07-20 00:00:00,63,4.2,4.2,0,124,27.7,11.5,31.9,40,26.6,33.4,2017,7,July,20,Thursday,3,Moderate Rain
2017-07-21 00:00:00,53,0.6,0.6,0,111,22,9.2,32.2,40.2,26.6,33.5,2017,7,July,21,Friday,3,Moderate Drizzle
2017-07-22 00:00:00,55,3,3,0,105,29.9,14.1,33,37.9,27.7,32.6,2017,7,July,22,Saturday,3,Dense Drizzle
2017-07-23 00:00:00,51,0.6,0.6,0,100,28.1,11.6,33,40.9,27.4,34.8,2017,7,July,23,Sunday,3,Light Drizzle
2017-07-24 00:00:00,61,3.4,3.4,0,103,32,12.1,32.3,36.6,27,31.7,2017,7,July,24,Monday,3,Slight Rain
2017-07-25 00:00:00,61,2,2,0,100,30.2,13.7,31.7,40.2,26,33.2,2017,7,July,25,Tuesday,3,Slight Rain
2017-07-26 00:00:00,51,0.1,0.1,0,92,29.2,13.3,31.8,40.6,26.7,33.3,2017,7,July,26,Wednesday,3,Light Drizzle
2017-07-27 00:00:00,61,5.2,5.2,0,106,31.3,15,32.4,40.8,26.6,33.5,2017,7,July,27,Thursday,3,Slight Rain
2017-07-28 00:00:00,63,7,7,0,108,24.8,10.6,33.2,40.6,26.7,33.3,2017,7,July,28,Friday,3,Moderate Rain
2017-07-29 00:00:00,53,0.8,0.8,0,96,36,17.7,33.2,39.5,27.3,32.8,2017,7,July,29,Saturday,3,Moderate Drizzle
2017-07-30 00:00:00,51,0.6,0.6,0,122,21.2,12.5,33.1,40.3,27.3,33.5,2017,7,July,30,Sunday,3,Light Drizzle
2017-07-31 00:00:00,63,26.4,26.4,0,119,31.3,14.4,31.2,37.7,25.8,31.8,2017,7,July,31,Monday,3,Moderate Rain
2017-08-01 00:00:00,65,144.9,144.9,0,129,32,14,30.9,38.2,26.1,31.1,2017,8,August,1,Tuesday,3,Heavy Rain
2017-08-02 00:00:00,65,48.3,48.3,0,136,29.5,11.9,31.4,38,26,31.5,2017,8,August,2,Wednesday,3,Heavy Rain
2017-08-03 00:00:00,63,3.8,3.8,0,113,35.3,10.8,31.6,40.1,25.8,33.3,2017,8,August,3,Thursday,3,Moderate Rain
2017-08-04 00:00:00,51,1.7,1.7,0,152,27.7,15,32.2,41.8,27,35.2,2017,8,August,4,Friday,3,Light Drizzle
2017-08-05 00:00:00,53,0.9,0.9,0,142,28.1,12.5,33.9,43.2,27.6,35.3,2017,8,August,5,Saturday,3,Moderate Drizzle
2017-08-06 00:00:00,53,1.7,1.7,0,122,23.4,10.8,34.5,42,27.8,34.4,2017,8,August,6,Sunday,3,Moderate Drizzle
2017-08-07 00:00:00,61,6.7,6.7,0,121,26.6,13,33.9,41.1,27.3,33.9,2017,8,August,7,Monday,3,Slight Rain
2017-08-08 00:00:00,61,3.4,3.4,0,115,23.8,10.5,33.3,42,27,33.1,2017,8,August,8,Tuesday,3,Slight Rain
2017-08-09 00:00:00,53,3.4,3.4,0,114,22.3,10.7,33.2,42.1,26.9,33.8,2017,8,August,9,Wednesday,3,Moderate Drizzle
2017-08-10 00:00:00,53,1.3,1.3,0,102,28.8,10.1,34,42.4,27.2,34.7,2017,8,August,10,Thursday,3,Moderate Drizzle
2017-08-11 00:00:00,63,11.9,11.9,0,220,24.1,9.3,32.9,42.9,26.5,36.4,2017,8,August,11,Friday,3,Moderate Rain
2017-08-12 00:00:00,61,3.8,3.8,0,220,25.6,10.8,31.8,41.8,26.4,35.9,2017,8,August,12,Saturday,3,Slight Rain
2017-08-13 00:00:00,63,16.7,16.7,0,130,33.8,17.6,30.3,42.5,25.5,34.6,2017,8,August,13,Sunday,3,Moderate Rain
2017-08-14 00:00:00,63,3.1,3.1,0,44,27.4,13,30.1,39.1,24.9,32.1,2017,8,August,14,Monday,3,Moderate Rain
2017-08-15 00:00:00,0,0,0,0,267,24.5,10.9,31.8,39.7,26.1,33.7,2017,8,August,15,Tuesday,3,Clear Sky
2017-08-16 00:00:00,0,0,0,0,252,20.5,9.4,31.8,41.5,26.6,35.6,2017,8,August,16,Wednesday,3,Clear Sky
2017-08-17 00:00:00,0,0,0,0,161,22,10.5,31.9,42.2,27,36,2017,8,August,17,Thursday,3,Clear Sky
2017-08-18 00:00:00,0,0,0,0,128,20.2,11.7,32.3,42.8,27.3,36.2,2017,8,August,18,Friday,3,Clear Sky
2017-08-19 00:00:00,53,0.7,0.7,0,109,34.9,18,30.8,41.9,26.3,34.4,2017,8,August,19,Saturday,3,Moderate Drizzle
2017-08-20 00:00:00,51,0.3,0.3,0,94,32,16,31,36.4,26.2,31.6,2017,8,August,20,Sunday,3,Light Drizzle
2017-08-21 00:00:00,51,0.7,0.7,0,99,30.6,15.4,31.1,38.9,26,32.7,2017,8,August,21,Monday,3,Light Drizzle
2017-08-22 00:00:00,51,0.6,0.6,0,107,28.4,13.5,31.9,39.9,26.4,33.3,2017,8,August,22,Tuesday,3,Light Drizzle
2017-08-23 00:00:00,51,0.5,0.5,0,115,25.6,12,32.4,39.6,26.7,33.5,2017,8,August,23,Wednesday,3,Light Drizzle
2017-08-24 00:00:00,63,8.9,8.9,0,108,27.4,12.8,31.8,39.8,26,32.7,2017,8,August,24,Thursday,3,Moderate Rain
2017-08-25 00:00:00,63,9.7,9.7,0,98,31.3,11.1,31.7,40,25.6,32.5,2017,8,August,25,Friday,3,Moderate Rain
2017-08-26 00:00:00,63,7.1,7.1,0,77,24.1,12,30.8,38.6,25.9,32.6,2017,8,August,26,Saturday,3,Moderate Rain
2017-08-27 00:00:00,1,0,0,0,187,22.7,10.4,31,41.2,25.6,34.5,2017,8,August,27,Sunday,3,Mainly Clear
2017-08-28 00:00:00,1,0,0,0,102,20.5,11.8,30.4,40,25.6,33.9,2017,8,August,28,Monday,3,Mainly Clear
2017-08-29 00:00:00,61,5.7,5.7,0,48,36.7,18.5,27.5,32.5,24.9,28.8,2017,8,August,29,Tuesday,3,Slight Rain
2017-08-30 00:00:00,63,8.1,8.1,0,51,29.2,12.8,28.8,39.4,24.8,32.5,2017,8,August,30,Wednesday,3,Moderate Rain
2017-08-31 00:00:00,61,1.9,1.9,0,67,25.2,11.2,30,38.5,25.4,33.1,2017,8,August,31,Thursday,3,Slight Rain
2017-09-01 00:00:00,63,5.5,5.5,0,115,22.3,9.4,29.7,37.4,24.7,30.9,2017,9,September,1,Friday,3,Moderate Rain
2017-09-02 00:00:00,53,1.7,1.7,0,150,19.8,10.4,27.7,37,23.7,31.4,2017,9,September,2,Saturday,3,Moderate Drizzle
2017-09-03 00:00:00,51,0.5,0.5,0,170,21.6,9.3,28.7,36.6,23.8,31.3,2017,9,September,3,Sunday,3,Light Drizzle
2017-09-04 00:00:00,53,1.2,1.2,0,218,31.3,8.4,30.1,38.7,25.1,32.2,2017,9,September,4,Monday,3,Moderate Drizzle
2017-09-05 00:00:00,51,1.1,1.1,0,223,18.7,8.7,30.1,37.6,24.9,31.9,2017,9,September,5,Tuesday,3,Light Drizzle
2017-09-06 00:00:00,55,1.3,1.3,0,183,30.2,14.4,30.9,38.5,25.1,31.9,2017,9,September,6,Wednesday,3,Dense Drizzle
2017-09-07 00:00:00,63,3.9,3.9,0,140,29.5,13.5,29.4,37.7,24.6,30.7,2017,9,September,7,Thursday,3,Moderate Rain
2017-09-08 00:00:00,53,0.7,0.7,0,262,18.7,7.6,29.9,39.6,24.6,33.4,2017,9,September,8,Friday,3,Moderate Drizzle
2017-09-09 00:00:00,51,0.1,0.1,0,221,20.5,7.2,30.8,39,25.9,33.8,2017,9,September,9,Saturday,3,Light Drizzle
2017-09-10 00:00:00,53,0.6,0.6,0,86,28.8,12.9,30.1,40.7,25.3,33.6,2017,9,September,10,Sunday,3,Moderate Drizzle
2017-09-11 00:00:00,3,0,0,0,303,23,9,29,38.9,24.6,33.2,2017,9,September,11,Monday,3,Overcast
2017-09-12 00:00:00,1,0,0,0,251,16.6,7.5,29.6,39.1,24.6,32.9,2017,9,September,12,Tuesday,3,Mainly Clear
2017-09-13 00:00:00,53,1,1,0,335,31,18.1,29.2,39.3,24.4,33.2,2017,9,September,13,Wednesday,3,Moderate Drizzle
2017-09-14 00:00:00,3,0,0,0,330,19.8,7.9,26.4,38.4,24,33.2,2017,9,September,14,Thursday,3,Overcast
2017-09-15 00:00:00,0,0,0,0,328,20.5,8.6,24.8,38.2,22.6,34.8,2017,9,September,15,Friday,3,Clear Sky
2017-09-16 00:00:00,1,0,0,0,316,19.4,10.9,24.4,38.6,23.2,35.4,2017,9,September,16,Saturday,3,Mainly Clear
2017-09-17 00:00:00,0,0,0,0,321,20.9,10.5,24.5,37.9,23,36.4,2017,9,September,17,Sunday,3,Clear Sky
2017-09-18 00:00:00,0,0,0,0,306,19.4,10.1,24.7,38.2,23.1,36.7,2017,9,September,18,Monday,3,Clear Sky
2017-09-19 00:00:00,0,0,0,0,135,18,11.2,23.8,39.1,22.8,35.7,2017,9,September,19,Tuesday,3,Clear Sky
2017-09-20 00:00:00,0,0,0,0,166,16.2,11,22.2,37.1,22,35,2017,9,September,20,Wednesday,3,Clear Sky
2017-09-21 00:00:00,0,0,0,0,136,18.4,9.5,22.7,37.8,22.1,34.6,2017,9,September,21,Thursday,3,Clear Sky
2017-09-22 00:00:00,3,0,0,0,131,19.4,9.8,27.2,38.3,23.3,33.9,2017,9,September,22,Friday,3,Overcast
2017-09-23 00:00:00,1,0,0,0,126,25.2,9.7,27.8,38.4,23.2,33.8,2017,9,September,23,Saturday,3,Mainly Clear
2017-09-24 00:00:00,0,0,0,0,129,22.7,9.4,26.9,38.6,23,33.3,2017,9,September,24,Sunday,3,Clear Sky
2017-09-25 00:00:00,0,0,0,0,173,13,7.8,28.4,38.8,23.9,33.8,2017,9,September,25,Monday,3,Clear Sky
2017-09-26 00:00:00,1,0,0,0,252,14,9.4,27.3,38.8,24,35.1,2017,9,September,26,Tuesday,3,Mainly Clear
2017-09-27 00:00:00,0,0,0,0,229,19.1,9.4,26.3,38.4,23.7,35.3,2017,9,September,27,Wednesday,3,Clear Sky
2017-09-28 00:00:00,0,0,0,0,261,17.3,9.7,25.7,38.9,23.9,35.7,2017,9,September,28,Thursday,3,Clear Sky
2017-09-29 00:00:00,0,0,0,0,256,12.6,10.2,24.4,39.9,24.1,35.8,2017,9,September,29,Friday,3,Clear Sky
2017-09-30 00:00:00,0,0,0,0,170,19.1,9.5,22.4,38,21.8,35.7,2017,9,September,30,Saturday,3,Clear Sky
2017-10-01 00:00:00,0,0,0,0,158,20.2,10.7,23.1,37.7,21.8,35.6,2017,10,October,1,Sunday,4,Clear Sky
2017-10-02 00:00:00,0,0,0,0,177,16.9,11.2,24.1,37.6,21.8,34.8,2017,10,October,2,Monday,4,Clear Sky
2017-10-03 00:00:00,0,0,0,0,186,19.1,10,24.1,38.1,22.4,34.9,2017,10,October,3,Tuesday,4,Clear Sky
2017-10-04 00:00:00,0,0,0,0,156,20.2,8.7,23.3,38.2,21.5,35.5,2017,10,October,4,Wednesday,4,Clear Sky
2017-10-05 00:00:00,0,0,0,0,183,14,11.1,24.2,37.8,22.1,34.6,2017,10,October,5,Thursday,4,Clear Sky
2017-10-06 00:00:00,0,0,0,0,286,16.9,9.8,23.8,36.3,22.2,34.8,2017,10,October,6,Friday,4,Clear Sky
2017-10-07 00:00:00,0,0,0,0,288,18.4,10.5,23.1,36.8,22.1,34.7,2017,10,October,7,Saturday,4,Clear Sky
2017-10-08 00:00:00,1,0,0,0,92,44.6,18.3,23.4,37.1,21.6,34.3,2017,10,October,8,Sunday,4,Mainly Clear
2017-10-09 00:00:00,51,0.1,0.1,0,73,38.5,12.3,23.3,37.4,21.1,34.1,2017,10,October,9,Monday,4,Light Drizzle
2017-10-10 00:00:00,1,0,0,0,338,14,9.2,23.3,36.6,21.2,33.6,2017,10,October,10,Tuesday,4,Mainly Clear
2017-10-11 00:00:00,1,0,0,0,20,13.7,8.8,23.2,36.1,21.6,33.6,2017,10,October,11,Wednesday,4,Mainly Clear
2017-10-12 00:00:00,0,0,0,0,290,17.6,10.1,22.2,35.3,21.4,34,2017,10,October,12,Thursday,4,Clear Sky
2017-10-13 00:00:00,51,0.3,0.3,0,19,24.8,10.8,20.6,35.8,20.1,33.5,2017,10,October,13,Friday,4,Light Drizzle
2017-10-14 00:00:00,0,0,0,0,80,16.2,7.9,20.7,35.2,19.6,33.4,2017,10,October,14,Saturday,4,Clear Sky
2017-10-15 00:00:00,2,0,0,0,47,37.1,19.9,20.9,35.6,20.4,33.1,2017,10,October,15,Sunday,4,Partly Cloudy
2017-10-16 00:00:00,0,0,0,0,329,20.2,11,20.9,34,20.1,33.5,2017,10,October,16,Monday,4,Clear Sky
2017-10-17 00:00:00,0,0,0,0,305,22.7,10.5,20.2,33.6,20.2,33.4,2017,10,October,17,Tuesday,4,Clear Sky
2017-10-18 00:00:00,0,0,0,0,260,15.5,8.1,20.5,34.5,19.9,32.8,2017,10,October,18,Wednesday,4,Clear Sky
2017-10-19 00:00:00,0,0,0,0,80,18.7,10.9,20.9,34.5,19.7,32.5,2017,10,October,19,Thursday,4,Clear Sky
2017-10-20 00:00:00,0,0,0,0,334,16.2,10,19.3,33.7,19.2,32.3,2017,10,October,20,Friday,4,Clear Sky
2017-10-21 00:00:00,0,0,0,0,278,15.8,12.1,19.7,33.2,19,32.3,2017,10,October,21,Saturday,4,Clear Sky
2017-10-22 00:00:00,51,0.3,0.3,0,103,35.3,17.6,18.4,32.8,18,31.7,2017,10,October,22,Sunday,4,Light Drizzle
2017-10-23 00:00:00,0,0,0,0,45,18,10.2,18.1,31.7,17.4,31.2,2017,10,October,23,Monday,4,Clear Sky
2017-10-24 00:00:00,0,0,0,0,298,29.9,15,16.3,30.1,17,32,2017,10,October,24,Tuesday,4,Clear Sky
2017-10-25 00:00:00,0,0,0,0,65,16.2,9.7,16,31.1,16.6,30.3,2017,10,October,25,Wednesday,4,Clear Sky
2017-10-26 00:00:00,0,0,0,0,97,19.8,11.5,17.4,30.9,17,30.6,2017,10,October,26,Thursday,4,Clear Sky
2017-10-27 00:00:00,0,0,0,0,90,16.2,10.4,16.4,29.8,16.3,29.8,2017,10,October,27,Friday,4,Clear Sky
2017-10-28 00:00:00,0,0,0,0,106,15.5,8.7,16.2,30.6,15.8,29.4,2017,10,October,28,Saturday,4,Clear Sky
2017-10-29 00:00:00,1,0,0,0,128,17.3,8.7,16.6,30.7,16.2,29.5,2017,10,October,29,Sunday,4,Mainly Clear
2017-10-30 00:00:00,0,0,0,0,150,15.5,7.1,17.6,30.5,16.6,28.7,2017,10,October,30,Monday,4,Clear Sky
2017-10-31 00:00:00,3,0,0,0,100,18,8.9,18.6,29.7,17.5,28.7,2017,10,October,31,Tuesday,4,Overcast
2017-11-01 00:00:00,3,0,0,0,80,18,9.2,17.9,30,16.9,28.5,2017,11,November,1,Wednesday,4,Overcast
2017-11-02 00:00:00,0,0,0,0,199,14,8.8,17.1,30.1,16.5,28.2,2017,11,November,2,Thursday,4,Clear Sky
2017-11-03 00:00:00,0,0,0,0,87,15.5,9,18.7,30.4,17.5,27.7,2017,11,November,3,Friday,4,Clear Sky
2017-11-04 00:00:00,0,0,0,0,349,16.2,8.5,17.4,29.6,16.3,27.8,2017,11,November,4,Saturday,4,Clear Sky
2017-11-05 00:00:00,1,0,0,0,278,16.2,8.8,17.2,29.8,16.4,27.7,2017,11,November,5,Sunday,4,Mainly Clear
2017-11-06 00:00:00,2,0,0,0,269,17.3,8.3,17.9,29.6,16.7,27.8,2017,11,November,6,Monday,4,Partly Cloudy
2017-11-07 00:00:00,2,0,0,0,273,14.8,8.4,17.3,28.8,16.4,27.1,2017,11,November,7,Tuesday,4,Partly Cloudy
2017-11-08 00:00:00,3,0,0,0,318,15.5,9.6,17,28.9,16.3,27,2017,11,November,8,Wednesday,4,Overcast
2017-11-09 00:00:00,3,0,0,0,290,19.4,8,14.3,27.9,14.1,26.6,2017,11,November,9,Thursday,4,Overcast
2017-11-10 00:00:00,3,0,0,0,329,12.6,7.3,14.1,27.6,13.9,25.7,2017,11,November,10,Friday,4,Overcast
2017-11-11 00:00:00,3,0,0,0,316,15.8,8.7,15.7,27.5,15,25.7,2017,11,November,11,Saturday,4,Overcast
2017-11-12 00:00:00,3,0,0,0,281,17.3,9.1,13.7,26.8,13.7,25.2,2017,11,November,12,Sunday,4,Overcast
2017-11-13 00:00:00,3,0,0,0,114,18.4,10.9,14.2,25.7,14.1,24.6,2017,11,November,13,Monday,4,Overcast
2017-11-14 00:00:00,61,2.6,2.6,0,77,40.7,16.4,12.9,22.4,14.2,23,2017,11,November,14,Tuesday,4,Slight Rain
2017-11-15 00:00:00,61,4.4,4.4,0,42,36,18.7,12,22.3,12.7,22.1,2017,11,November,15,Wednesday,4,Slight Rain
2017-11-16 00:00:00,1,0,0,0,23,27.7,13,11.7,22.2,12.3,22,2017,11,November,16,Thursday,4,Mainly Clear
2017-11-17 00:00:00,3,0,0,0,338,17.3,10.2,11.2,22.5,11.6,21.9,2017,11,November,17,Friday,4,Overcast
2017-11-18 00:00:00,0,0,0,0,319,22.7,9,10,20.7,11.3,22.5,2017,11,November,18,Saturday,4,Clear Sky
2017-11-19 00:00:00,0,0,0,0,294,21.6,9.7,8.7,20.5,10.2,22.3,2017,11,November,19,Sunday,4,Clear Sky
2017-11-20 00:00:00,2,0,0,0,299,17.3,10.6,9.7,21.7,11.4,22.8,2017,11,November,20,Monday,4,Partly Cloudy
2017-11-21 00:00:00,0,0,0,0,296,23.4,11.7,8.4,20.5,9.8,23.1,2017,11,November,21,Tuesday,4,Clear Sky
2017-11-22 00:00:00,3,0,0,0,296,21.6,11,7.3,20.2,8.7,22.7,2017,11,November,22,Wednesday,4,Overcast
2017-11-23 00:00:00,3,0,0,0,310,15.5,9.7,8.1,20.9,10,22.6,2017,11,November,23,Thursday,4,Overcast
2017-11-24 00:00:00,0,0,0,0,308,20.9,10.7,6.6,21.7,8.8,23.2,2017,11,November,24,Friday,4,Clear Sky
2017-11-25 00:00:00,0,0,0,0,258,16.6,9.4,7.5,22.4,9.4,23.3,2017,11,November,25,Saturday,4,Clear Sky
2017-11-26 00:00:00,0,0,0,0,324,12.2,10.2,8.7,22.2,9.7,22.9,2017,11,November,26,Sunday,4,Clear Sky
2017-11-27 00:00:00,0,0,0,0,293,19.1,11.3,8.4,22.7,9.8,24,2017,11,November,27,Monday,4,Clear Sky
2017-11-28 00:00:00,3,0,0,0,17,13,8.6,9.4,22.5,10.7,23.5,2017,11,November,28,Tuesday,4,Overcast
2017-11-29 00:00:00,0,0,0,0,3,12.2,9.7,8.7,23.1,9.8,23.3,2017,11,November,29,Wednesday,4,Clear Sky
2017-11-30 00:00:00,0,0,0,0,309,19.4,11.9,8.5,21.8,9.9,23.4,2017,11,November,30,Thursday,4,Clear Sky
2017-12-01 00:00:00,0,0,0,0,318,15.1,8.1,7.3,21.4,8.9,23.1,2017,12,December,1,Friday,4,Clear Sky
2017-12-02 00:00:00,0,0,0,0,80,15.5,7.6,7.4,22.1,8.8,22.9,2017,12,December,2,Saturday,4,Clear Sky
2017-12-03 00:00:00,3,0,0,0,344,15.8,9.6,7.2,21,8.8,22.3,2017,12,December,3,Sunday,4,Overcast
2017-12-04 00:00:00,3,0,0,0,313,17.6,10,7.2,20,9.1,21.4,2017,12,December,4,Monday,4,Overcast
2017-12-05 00:00:00,3,0,0,0,325,24.5,12.8,5.7,18.8,8.5,21.7,2017,12,December,5,Tuesday,4,Overcast
2017-12-06 00:00:00,0,0,0,0,309,24.5,12,4.1,17.3,7,21.2,2017,12,December,6,Wednesday,4,Clear Sky
2017-12-07 00:00:00,0,0,0,0,284,19.4,11.7,3.8,18.8,6.4,21.7,2017,12,December,7,Thursday,4,Clear Sky
2017-12-08 00:00:00,0,0,0,0,291,24.5,11.6,5.2,20.5,8,23.3,2017,12,December,8,Friday,4,Clear Sky
2017-12-09 00:00:00,3,0,0,0,79,18,10.4,5.8,21,7.7,22.5,2017,12,December,9,Saturday,4,Overcast
2017-12-10 00:00:00,53,1.6,1.6,0,8,23,10.1,7,19.2,8.4,21.9,2017,12,December,10,Sunday,4,Moderate Drizzle
2017-12-11 00:00:00,61,18.4,18.4,0,88,25.6,13.9,10.4,16.5,12.4,16.4,2017,12,December,11,Monday,4,Slight Rain
2017-12-12 00:00:00,51,0.2,0.2,0,142,21.2,10.2,8.4,17.1,9.3,18.7,2017,12,December,12,Tuesday,4,Light Drizzle
2017-12-13 00:00:00,3,0,0,0,6,20.2,11.5,6.2,16.4,8.3,17.3,2017,12,December,13,Wednesday,4,Overcast
2017-12-14 00:00:00,3,0,0,0,327,23.4,10.1,5.3,15.8,7.6,18.1,2017,12,December,14,Thursday,4,Overcast
2017-12-15 00:00:00,3,0,0,0,319,29.5,14.3,4,14.7,6.6,18.1,2017,12,December,15,Friday,4,Overcast
2017-12-16 00:00:00,3,0,0,0,306,27.7,13.8,3.6,15.3,6.8,18.7,2017,12,December,16,Saturday,4,Overcast
2017-12-17 00:00:00,2,0,0,0,322,26.3,13.8,3.1,16.8,6.7,20.2,2017,12,December,17,Sunday,4,Partly Cloudy
2017-12-18 00:00:00,3,0,0,0,316,28.8,14.2,4.6,19.3,8.1,22.5,2017,12,December,18,Monday,4,Overcast
2017-12-19 00:00:00,3,0,0,0,315,20.2,10.7,6.1,20.6,9.2,22.4,2017,12,December,19,Tuesday,4,Overcast
2017-12-20 00:00:00,1,0,0,0,315,20.9,10.2,8.1,22.7,10,23.9,2017,12,December,20,Wednesday,4,Mainly Clear
2017-12-21 00:00:00,0,0,0,0,318,18.7,11.2,8.3,21.7,9.8,22.7,2017,12,December,21,Thursday,4,Clear Sky
2017-12-22 00:00:00,0,0,0,0,310,31,15.3,6.9,20.1,9.2,23.1,2017,12,December,22,Friday,4,Clear Sky
2017-12-23 00:00:00,3,0,0,0,306,19.8,8.9,5.3,18.4,7.4,21,2017,12,December,23,Saturday,4,Overcast
2017-12-24 00:00:00,3,0,0,0,49,16.6,10.5,5.8,20.2,8,20.7,2017,12,December,24,Sunday,4,Overcast
2017-12-25 00:00:00,3,0,0,0,305,22,11.6,5.7,19.4,7.5,21.6,2017,12,December,25,Monday,4,Overcast
2017-12-26 00:00:00,3,0,0,0,346,17.3,7.9,4.7,19.8,7,21.4,2017,12,December,26,Tuesday,4,Overcast
2017-12-27 00:00:00,3,0,0,0,154,13.3,8.4,7.6,20.6,9.1,21,2017,12,December,27,Wednesday,4,Overcast
2017-12-28 00:00:00,3,0,0,0,335,19.4,10.1,5.1,19.4,7.6,20.8,2017,12,December,28,Thursday,4,Overcast
2017-12-29 00:00:00,0,0,0,0,318,22,11.6,3.9,19.6,6.4,21.3,2017,12,December,29,Friday,4,Clear Sky
2017-12-30 00:00:00,3,0,0,0,358,14.4,9.2,4.6,19.2,7.1,20.6,2017,12,December,30,Saturday,4,Overcast
2017-12-31 00:00:00,3,0,0,0,341,13,8.6,4.8,18.8,7.1,20.1,2017,12,December,31,Sunday,4,Overcast
2018-01-01 00:00:00,0,0,0,0,94,14.4,9.7,5.4,19,7.1,19.6,2018,1,January,1,Monday,1,Clear Sky
2018-01-02 00:00:00,2,0,0,0,97,14,9.6,3.1,18.8,5.4,19.6,2018,1,January,2,Tuesday,1,Partly Cloudy
2018-01-03 00:00:00,3,0,0,0,129,13.3,10.1,4,17.4,5.7,18.3,2018,1,January,3,Wednesday,1,Overcast
2018-01-04 00:00:00,51,0.1,0.1,0,89,20.2,11.2,3,17.3,5.4,18.7,2018,1,January,4,Thursday,1,Light Drizzle
2018-01-05 00:00:00,3,0,0,0,355,21.2,10.1,3.8,15.9,5.7,18.6,2018,1,January,5,Friday,1,Overcast
2018-01-06 00:00:00,0,0,0,0,311,22.7,12,3.9,16.4,6.7,18.9,2018,1,January,6,Saturday,1,Clear Sky
2018-01-07 00:00:00,0,0,0,0,299,22,10.5,3,16.1,5.4,19.2,2018,1,January,7,Sunday,1,Clear Sky
2018-01-08 00:00:00,0,0,0,0,314,20.9,10.4,2.3,17.1,5,19.6,2018,1,January,8,Monday,1,Clear Sky
2018-01-09 00:00:00,0,0,0,0,307,23,10.2,2.1,18,5.1,20.7,2018,1,January,9,Tuesday,1,Clear Sky
2018-01-10 00:00:00,2,0,0,0,293,27.7,13.9,3.5,18.1,5.9,21.9,2018,1,January,10,Wednesday,1,Partly Cloudy
2018-01-11 00:00:00,3,0,0,0,297,20.9,9.8,2.4,18.8,5.3,22,2018,1,January,11,Thursday,1,Overcast
2018-01-12 00:00:00,3,0,0,0,188,16.9,9.7,6.4,19.6,8.7,21.3,2018,1,January,12,Friday,1,Overcast
2018-01-13 00:00:00,0,0,0,0,291,22,9.3,4.8,18.9,7,21.4,2018,1,January,13,Saturday,1,Clear Sky
2018-01-14 00:00:00,0,0,0,0,344,16.9,11.6,5.5,19.9,7.2,21.4,2018,1,January,14,Sunday,1,Clear Sky
2018-01-15 00:00:00,0,0,0,0,314,26.3,12.2,2.6,19.2,5.6,22.3,2018,1,January,15,Monday,1,Clear Sky
2018-01-16 00:00:00,0,0,0,0,112,24.1,14.6,1.7,19.5,4.9,21.8,2018,1,January,16,Tuesday,1,Clear Sky
2018-01-17 00:00:00,3,0,0,0,111,38.2,20.2,6.6,18.2,9.3,21,2018,1,January,17,Wednesday,1,Overcast
2018-01-18 00:00:00,3,0,0,0,333,20.5,12,5.8,19.9,8.2,22,2018,1,January,18,Thursday,1,Overcast
2018-01-19 00:00:00,0,0,0,0,316,20.9,12.9,4.1,18.5,6.4,21.4,2018,1,January,19,Friday,1,Clear Sky
2018-01-20 00:00:00,0,0,0,0,276,23.4,12.3,3.1,19.3,6,23,2018,1,January,20,Saturday,1,Clear Sky
2018-01-21 00:00:00,0,0,0,0,169,20.2,11.3,2.5,19.7,5.6,21.7,2018,1,January,21,Sunday,1,Clear Sky
2018-01-22 00:00:00,0,0,0,0,101,18.4,10.7,3.8,18.7,6,20.5,2018,1,January,22,Monday,1,Clear Sky
2018-01-23 00:00:00,63,9.3,9.3,0,41,37.1,19.7,4.1,12.3,6.4,14.3,2018,1,January,23,Tuesday,1,Moderate Rain
2018-01-24 00:00:00,1,0,0,0,13,16.9,10,4.6,16.6,6.5,17.8,2018,1,January,24,Wednesday,1,Mainly Clear
2018-01-25 00:00:00,0,0,0,0,285,22.7,10.7,3.2,16.8,5.7,18.8,2018,1,January,25,Thursday,1,Clear Sky
2018-01-26 00:00:00,0,0,0,0,271,18.4,9,4.1,18.2,6.4,19.8,2018,1,January,26,Friday,1,Clear Sky
2018-01-27 00:00:00,2,0,0,0,298,16.2,8.7,4.5,18.4,6.6,19.4,2018,1,January,27,Saturday,1,Partly Cloudy
2018-01-28 00:00:00,3,0,0,0,323,21.2,10.2,4.7,18.3,6.6,19.6,2018,1,January,28,Sunday,1,Overcast
2018-01-29 00:00:00,3,0,0,0,359,18.7,8.7,5.6,19.5,7.4,20,2018,1,January,29,Monday,1,Overcast
2018-01-30 00:00:00,3,0,0,0,314,28.8,14.3,6.6,20.4,8.6,22.2,2018,1,January,30,Tuesday,1,Overcast
2018-01-31 00:00:00,3,0,0,0,337,18.7,10.3,7.7,20.4,9.6,21.5,2018,1,January,31,Wednesday,1,Overcast
2018-02-01 00:00:00,1,0,0,0,336,26.6,13.5,8,20.7,10.5,22.5,2018,2,February,1,Thursday,1,Mainly Clear
2018-02-02 00:00:00,0,0,0,0,304,23,10.5,6.4,19.6,8.6,22,2018,2,February,2,Friday,1,Clear Sky
2018-02-03 00:00:00,0,0,0,0,333,19.4,11.7,5.2,19.8,8.2,21.9,2018,2,February,3,Saturday,1,Clear Sky
2018-02-04 00:00:00,3,0,0,0,309,25.6,14.3,2.8,18.9,6.6,22.2,2018,2,February,4,Sunday,1,Overcast
2018-02-05 00:00:00,3,0,0,0,6,14.8,9.4,2.9,19.3,6.2,21.4,2018,2,February,5,Monday,1,Overcast
2018-02-06 00:00:00,1,0,0,0,315,23.8,11,2.7,18.1,5.6,21.2,2018,2,February,6,Tuesday,1,Mainly Clear
2018-02-07 00:00:00,3,0,0,0,250,17.3,11.2,4,18.1,6.9,20.4,2018,2,February,7,Wednesday,1,Overcast
2018-02-08 00:00:00,3,0,0,0,344,16.2,10,3,19.6,5.6,21.5,2018,2,February,8,Thursday,1,Overcast
2018-02-09 00:00:00,1,0,0,0,115,18.4,10.3,4.6,19.9,7,22,2018,2,February,9,Friday,1,Mainly Clear
2018-02-10 00:00:00,3,0,0,0,54,22.7,11.4,4.7,19.5,7.1,21.9,2018,2,February,10,Saturday,1,Overcast
2018-02-11 00:00:00,55,2.4,2.4,0,341,62.3,28,5.8,19.7,8,21.1,2018,2,February,11,Sunday,1,Dense Drizzle
2018-02-12 00:00:00,63,14.8,14.8,0,120,55.1,29.6,7.7,14.8,10,17.1,2018,2,February,12,Monday,1,Moderate Rain
2018-02-13 00:00:00,3,0,0,0,12,29.2,14.6,6.9,19.4,9.2,19.6,2018,2,February,13,Tuesday,1,Overcast
2018-02-14 00:00:00,2,0,0,0,305,29.5,13.7,6.2,17.6,8.9,19.8,2018,2,February,14,Wednesday,1,Partly Cloudy
2018-02-15 00:00:00,3,0,0,0,295,22,9.9,7.6,20.1,9.5,21.6,2018,2,February,15,Thursday,1,Overcast
2018-02-16 00:00:00,3,0,0,0,295,22.3,10.5,8.1,22.2,9.7,23.1,2018,2,February,16,Friday,1,Overcast
2018-02-17 00:00:00,3,0,0,0,307,23.8,14.4,7.6,22.5,9.9,23.7,2018,2,February,17,Saturday,1,Overcast
2018-02-18 00:00:00,3,0,0,0,349,22,12.5,7,22.5,9.3,23.9,2018,2,February,18,Sunday,1,Overcast
2018-02-19 00:00:00,3,0,0,0,309,19.4,10.5,10.2,24.3,11.5,24.3,2018,2,February,19,Monday,1,Overcast
2018-02-20 00:00:00,3,0,0,0,19,20.5,9.3,10.1,24.7,11.3,25,2018,2,February,20,Tuesday,1,Overcast
2018-02-21 00:00:00,3,0,0,0,350,21.6,10.5,11.4,25.9,12.1,26.2,2018,2,February,21,Wednesday,1,Overcast
2018-02-22 00:00:00,3,0,0,0,355,20.9,10.8,11.8,24.7,13.1,25.3,2018,2,February,22,Thursday,1,Overcast
2018-02-23 00:00:00,51,0.3,0.3,0,347,20.2,11.7,11.5,24.3,13.1,25.6,2018,2,February,23,Friday,1,Light Drizzle
2018-02-24 00:00:00,61,3.7,3.7,0,33,38.9,15.3,11.3,20.8,12.4,21,2018,2,February,24,Saturday,1,Slight Rain
2018-02-25 00:00:00,2,0,0,0,319,27.4,13.2,11,23.8,11.7,23.7,2018,2,February,25,Sunday,1,Partly Cloudy
2018-02-26 00:00:00,3,0,0,0,284,28.4,13.2,10.7,24.7,12.1,25.6,2018,2,February,26,Monday,1,Overcast
2018-02-27 00:00:00,3,0,0,0,301,25.6,10.8,12.3,26.9,13.4,26.2,2018,2,February,27,Tuesday,1,Overcast
2018-02-28 00:00:00,3,0,0,0,332,16.2,8.6,12.3,27.1,13.3,26.6,2018,2,February,28,Wednesday,1,Overcast
2018-03-01 00:00:00,53,1.7,1.7,0,14,37.4,22.5,12.3,22.8,14.8,23.3,2018,3,March,1,Thursday,1,Moderate Drizzle
2018-03-02 00:00:00,51,0.6,0.6,0,80,29.5,13.2,13.9,28.1,14.9,27.6,2018,3,March,2,Friday,1,Light Drizzle
2018-03-03 00:00:00,53,1.4,1.4,0,25,30.6,13.7,11.2,22.8,11.8,22.4,2018,3,March,3,Saturday,1,Moderate Drizzle
2018-03-04 00:00:00,3,0,0,0,325,25.6,11.8,10.9,24.3,12.1,24.3,2018,3,March,4,Sunday,1,Overcast
2018-03-05 00:00:00,53,0.9,0.9,0,318,25.6,11,11.6,24.7,13.1,24.2,2018,3,March,5,Monday,1,Moderate Drizzle
2018-03-06 00:00:00,2,0,0,0,299,29.2,13,11.9,25.1,13.6,26.5,2018,3,March,6,Tuesday,1,Partly Cloudy
2018-03-07 00:00:00,0,0,0,0,289,25.9,10.9,12.3,26.5,13.4,27.6,2018,3,March,7,Wednesday,1,Clear Sky
2018-03-08 00:00:00,3,0,0,0,359,22,13,13,28.7,13.5,28.1,2018,3,March,8,Thursday,1,Overcast
2018-03-09 00:00:00,3,0,0,0,352,40,21.6,13.8,27.1,15.5,27.8,2018,3,March,9,Friday,1,Overcast
2018-03-10 00:00:00,3,0,0,0,312,30.6,14.2,13.4,27.5,14.6,28.9,2018,3,March,10,Saturday,1,Overcast
2018-03-11 00:00:00,3,0,0,0,303,23.8,10.7,13.6,28.7,15.4,29.5,2018,3,March,11,Sunday,1,Overcast
2018-03-12 00:00:00,3,0,0,0,15,19.8,10.8,15.2,31.6,15.9,31,2018,3,March,12,Monday,1,Overcast
2018-03-13 00:00:00,61,1.5,1.5,0,100,28.1,16.4,15.8,33.2,15.9,32.6,2018,3,March,13,Tuesday,1,Slight Rain
2018-03-14 00:00:00,3,0,0,0,34,39.6,15.2,14.6,32.1,16.8,30.8,2018,3,March,14,Wednesday,1,Overcast
2018-03-15 00:00:00,55,1,1,0,55,37.8,19.6,13.9,27.5,14.2,26.3,2018,3,March,15,Thursday,1,Dense Drizzle
2018-03-16 00:00:00,3,0,0,0,325,31,14.2,12.4,27.7,14.6,28.1,2018,3,March,16,Friday,1,Overcast
2018-03-17 00:00:00,3,0,0,0,326,34.2,15.8,12,26.9,13.8,29.5,2018,3,March,17,Saturday,1,Overcast
2018-03-18 00:00:00,3,0,0,0,1,28.4,14,12.7,28.2,14.7,29.6,2018,3,March,18,Sunday,1,Overcast
2018-03-19 00:00:00,3,0,0,0,322,28.1,12.1,13.5,29.6,14.7,30.5,2018,3,March,19,Monday,1,Overcast
2018-03-20 00:00:00,51,0.6,0.6,0,324,44.6,18.5,15,26.9,16.6,28.2,2018,3,March,20,Tuesday,1,Light Drizzle
2018-03-21 00:00:00,63,12.8,12.8,0,29,39.6,19.9,12.6,24.9,13.2,23,2018,3,March,21,Wednesday,1,Moderate Rain
2018-03-22 00:00:00,51,0.4,0.4,0,8,28.8,12.8,14.2,27.1,14.5,25.1,2018,3,March,22,Thursday,1,Light Drizzle
2018-03-23 00:00:00,0,0,0,0,297,23.4,11.1,14.9,28.9,15.6,28.3,2018,3,March,23,Friday,1,Clear Sky
2018-03-24 00:00:00,61,1.5,1.5,0,304,31.7,15.2,14.9,30.3,16.2,30.3,2018,3,March,24,Saturday,1,Slight Rain
2018-03-25 00:00:00,0,0,0,0,297,30.6,14.2,15.9,31,16.4,31.8,2018,3,March,25,Sunday,1,Clear Sky
2018-03-26 00:00:00,0,0,0,0,289,27,12.1,16.4,32.9,16.6,33.2,2018,3,March,26,Monday,1,Clear Sky
2018-03-27 00:00:00,3,0,0,0,102,23.8,9.8,16.6,33.8,16.6,33.7,2018,3,March,27,Tuesday,1,Overcast
2018-03-28 00:00:00,1,0,0,0,325,28.1,13.1,16.3,34.3,17.4,33.4,2018,3,March,28,Wednesday,1,Mainly Clear
2018-03-29 00:00:00,2,0,0,0,297,37.4,19.1,15.4,32.1,19.1,34.6,2018,3,March,29,Thursday,1,Partly Cloudy
2018-03-30 00:00:00,0,0,0,0,306,33.5,20.4,15.3,34,16.8,34.6,2018,3,March,30,Friday,1,Clear Sky
2018-03-31 00:00:00,0,0,0,0,121,37.1,17.7,17.3,34,18.3,34.3,2018,3,March,31,Saturday,1,Clear Sky
2018-04-01 00:00:00,2,0,0,0,114,32,14.3,18.9,33.5,18.6,32.6,2018,4,April,1,Sunday,2,Partly Cloudy
2018-04-02 00:00:00,51,0.4,0.4,0,97,32.8,15.5,20.7,35.5,19.5,33.8,2018,4,April,2,Monday,2,Light Drizzle
2018-04-03 00:00:00,61,1.6,1.6,0,17,37.1,18.2,20.8,34.4,20.4,32.2,2018,4,April,3,Tuesday,2,Slight Rain
2018-04-04 00:00:00,53,0.5,0.5,0,318,32.8,17.6,21.1,35.7,19.7,34.1,2018,4,April,4,Wednesday,2,Moderate Drizzle
2018-04-05 00:00:00,55,1.2,1.2,0,20,29.9,14,20.3,35.8,19.3,33.1,2018,4,April,5,Thursday,2,Dense Drizzle
2018-04-06 00:00:00,53,1.7,1.7,0,73,33.1,15.3,19.7,35.8,19.2,33.7,2018,4,April,6,Friday,2,Moderate Drizzle
2018-04-07 00:00:00,3,0,0,0,96,27.4,12.5,20.7,34.9,19.8,33.5,2018,4,April,7,Saturday,2,Overcast
2018-04-08 00:00:00,51,0.4,0.4,0,95,41.4,22.3,21.4,34.8,21.2,32.1,2018,4,April,8,Sunday,2,Light Drizzle
2018-04-09 00:00:00,51,0.3,0.3,0,55,42.5,24.5,18.9,34.6,20.2,31.7,2018,4,April,9,Monday,2,Light Drizzle
2018-04-10 00:00:00,63,6.8,6.8,0,50,41.4,19.3,20.8,34.5,20.3,30.9,2018,4,April,10,Tuesday,2,Moderate Rain
2018-04-11 00:00:00,53,1,1,0,39,55.8,28.7,17.4,28.5,18.2,29,2018,4,April,11,Wednesday,2,Moderate Drizzle
2018-04-12 00:00:00,3,0,0,0,6,28.8,14.1,15.1,30,16.2,30.5,2018,4,April,12,Thursday,2,Overcast
2018-04-13 00:00:00,3,0,0,0,350,24.5,10.7,15.5,31.5,16.3,31.5,2018,4,April,13,Friday,2,Overcast
2018-04-14 00:00:00,61,1.7,1.7,0,349,33.8,15.6,19.3,33.5,19.5,33,2018,4,April,14,Saturday,2,Slight Rain
2018-04-15 00:00:00,63,3,3,0,22,30.6,18,20.5,35.9,20.1,34.5,2018,4,April,15,Sunday,2,Moderate Rain
2018-04-16 00:00:00,51,0.4,0.4,0,356,50.4,26.9,18.7,32.3,20,32.1,2018,4,April,16,Monday,2,Light Drizzle
2018-04-17 00:00:00,55,1.2,1.2,0,342,30.6,17.8,18.7,34.2,19,33.3,2018,4,April,17,Tuesday,2,Dense Drizzle
2018-04-18 00:00:00,55,1.1,1.1,0,324,40,20.4,20.7,35.2,20,33.8,2018,4,April,18,Wednesday,2,Dense Drizzle
2018-04-19 00:00:00,2,0,0,0,93,31,16,19.4,34.8,20.6,32.7,2018,4,April,19,Thursday,2,Partly Cloudy
2018-04-20 00:00:00,53,1.3,1.3,0,22,56.9,22.6,16.1,26.4,15.7,26.8,2018,4,April,20,Friday,2,Moderate Drizzle
2018-04-21 00:00:00,0,0,0,0,329,35.6,16.7,15.1,29,15.3,30.2,2018,4,April,21,Saturday,2,Clear Sky
2018-04-22 00:00:00,0,0,0,0,315,27.7,12,15.4,30.1,16.8,31.2,2018,4,April,22,Sunday,2,Clear Sky
2018-04-23 00:00:00,0,0,0,0,311,32.8,14.6,17.2,33.2,18.8,35.1,2018,4,April,23,Monday,2,Clear Sky
2018-04-24 00:00:00,3,0,0,0,15,26.3,10.2,19.1,36.7,19.8,36.9,2018,4,April,24,Tuesday,2,Overcast
2018-04-25 00:00:00,3,0,0,0,26,48.6,21.4,20.9,39.7,21.5,38.9,2018,4,April,25,Wednesday,2,Overcast
2018-04-26 00:00:00,1,0,0,0,356,26.3,12.3,21.6,38.7,22.2,38.8,2018,4,April,26,Thursday,2,Mainly Clear
2018-04-27 00:00:00,3,0,0,0,84,34.2,19.2,22.3,39.4,23,39.3,2018,4,April,27,Friday,2,Overcast
2018-04-28 00:00:00,51,0.1,0.1,0,34,41,19.8,22.8,40.5,22.7,39.2,2018,4,April,28,Saturday,2,Light Drizzle
2018-04-29 00:00:00,51,0.3,0.3,0,298,40.7,21,23,39.6,23.2,39.3,2018,4,April,29,Sunday,2,Light Drizzle
2018-04-30 00:00:00,3,0,0,0,42,23,12.8,22.3,40.8,23.8,40.3,2018,4,April,30,Monday,2,Overcast
2018-05-01 00:00:00,3,0,0,0,117,36.7,22,22.2,40.8,23.9,40,2018,5,May,1,Tuesday,2,Overcast
2018-05-02 00:00:00,63,2.6,2.6,0,106,52.6,25.3,25.3,41.5,23.5,38.6,2018,5,May,2,Wednesday,2,Moderate Rain
2018-05-03 00:00:00,51,0.2,0.2,0,73,37.8,15.9,24.1,37.6,23,36,2018,5,May,3,Thursday,2,Light Drizzle
2018-05-04 00:00:00,51,0.1,0.1,0,42,43.9,20,24,37.5,23.8,35.4,2018,5,May,4,Friday,2,Light Drizzle
2018-05-05 00:00:00,53,0.6,0.6,0,5,46.8,21.1,23.4,38.5,23.5,37.6,2018,5,May,5,Saturday,2,Moderate Drizzle
2018-05-06 00:00:00,51,0.2,0.2,0,32,55.4,30.1,21.7,36,23.5,36.4,2018,5,May,6,Sunday,2,Light Drizzle
2018-05-07 00:00:00,55,2,2,0,29,51.1,29.2,18.8,34.4,21,34.7,2018,5,May,7,Monday,2,Dense Drizzle
2018-05-08 00:00:00,61,2.1,2.1,0,50,37.8,19.3,22.2,31.3,21.2,30.8,2018,5,May,8,Tuesday,2,Slight Rain
2018-05-09 00:00:00,51,0.1,0.1,0,347,33.8,13.6,21.4,34.7,21.5,33.3,2018,5,May,9,Wednesday,2,Light Drizzle
2018-05-10 00:00:00,0,0,0,0,316,23.8,9.5,22.3,37.5,21.3,36.7,2018,5,May,10,Thursday,2,Clear Sky
2018-05-11 00:00:00,3,0,0,0,5,26.6,10.8,25.3,40.9,24.3,39.6,2018,5,May,11,Friday,2,Overcast
2018-05-12 00:00:00,61,3.5,3.5,0,92,49,25.3,25.5,40.6,25.2,39.3,2018,5,May,12,Saturday,2,Slight Rain
2018-05-13 00:00:00,61,1.5,1.5,0,13,48.6,27.5,23.7,38.7,24.3,38.6,2018,5,May,13,Sunday,2,Slight Rain
2018-05-14 00:00:00,51,0.9,0.9,0,72,30.6,15.7,24.9,39.3,23.5,36.8,2018,5,May,14,Monday,2,Light Drizzle
2018-05-15 00:00:00,2,0,0,0,7,34.9,19.1,24.3,38.5,23.7,37.1,2018,5,May,15,Tuesday,2,Partly Cloudy
2018-05-16 00:00:00,2,0,0,0,326,31.7,14.8,22.6,39.2,23.9,38.1,2018,5,May,16,Wednesday,2,Partly Cloudy
2018-05-17 00:00:00,51,0.1,0.1,0,304,36.7,19.5,24.4,39.4,24.1,38,2018,5,May,17,Thursday,2,Light Drizzle
2018-05-18 00:00:00,3,0,0,0,15,28.4,12.8,22.2,38.3,22.8,36.9,2018,5,May,18,Friday,2,Overcast
2018-05-19 00:00:00,51,0.1,0.1,0,5,28.4,16.8,21.9,38.4,22.7,37.6,2018,5,May,19,Saturday,2,Light Drizzle
2018-05-20 00:00:00,0,0,0,0,337,24.8,13.4,21.9,37.5,22.6,38.3,2018,5,May,20,Sunday,2,Clear Sky
2018-05-21 00:00:00,2,0,0,0,337,31.3,14.8,22.2,37.6,23.6,39.2,2018,5,May,21,Monday,2,Partly Cloudy
2018-05-22 00:00:00,1,0,0,0,343,27,16.1,23.3,39.6,25.3,40.2,2018,5,May,22,Tuesday,2,Mainly Clear
2018-05-23 00:00:00,0,0,0,0,337,38.9,19.2,22.6,37.5,24.8,40.5,2018,5,May,23,Wednesday,2,Clear Sky
2018-05-24 00:00:00,0,0,0,0,336,28.1,12.3,22.8,39.2,24.4,40.3,2018,5,May,24,Thursday,2,Clear Sky
2018-05-25 00:00:00,3,0,0,0,314,25.9,11.9,22.4,40.4,24.3,41.3,2018,5,May,25,Friday,2,Overcast
2018-05-26 00:00:00,2,0,0,0,17,31,15.3,23,40.7,24.9,42,2018,5,May,26,Saturday,2,Partly Cloudy
2018-05-27 00:00:00,0,0,0,0,327,28.8,17.3,23.4,40.3,25.4,42.2,2018,5,May,27,Sunday,2,Clear Sky
2018-05-28 00:00:00,2,0,0,0,297,29.5,13.7,24.5,41.1,25.9,42.4,2018,5,May,28,Monday,2,Partly Cloudy
2018-05-29 00:00:00,3,0,0,0,105,43.2,20.6,25.4,41.1,27.2,42.6,2018,5,May,29,Tuesday,2,Overcast
2018-05-30 00:00:00,3,0,0,0,108,34.6,18.1,26.9,43,26.3,41.9,2018,5,May,30,Wednesday,2,Overcast
2018-05-31 00:00:00,3,0,0,0,117,38.5,20.4,26.7,43.7,26.2,42.4,2018,5,May,31,Thursday,2,Overcast
2018-06-01 00:00:00,51,0.4,0.4,0,114,58,31.5,27.9,44.6,26.7,41.8,2018,6,June,1,Friday,2,Light Drizzle
2018-06-02 00:00:00,0,0,0,0,118,37.1,18.4,27.6,43.4,26.8,40.9,2018,6,June,2,Saturday,2,Clear Sky
2018-06-03 00:00:00,0,0,0,0,125,35.6,18.3,30.3,44.6,28.2,40.8,2018,6,June,3,Sunday,2,Clear Sky
2018-06-04 00:00:00,3,0,0,0,120,41,20.7,32.5,44.9,30.7,41.7,2018,6,June,4,Monday,2,Overcast
2018-06-05 00:00:00,61,2.6,2.6,0,93,39.2,19.4,34.4,43.4,31.9,40.7,2018,6,June,5,Tuesday,2,Slight Rain
2018-06-06 00:00:00,1,0,0,0,117,38.2,19.7,32,44.9,28.6,39.5,2018,6,June,6,Wednesday,2,Mainly Clear
2018-06-07 00:00:00,1,0,0,0,99,23.8,10.3,33.5,43.5,29.4,39.1,2018,6,June,7,Thursday,2,Mainly Clear
2018-06-08 00:00:00,1,0,0,0,105,31.3,18.8,34,45,30,40.8,2018,6,June,8,Friday,2,Mainly Clear
2018-06-09 00:00:00,63,2.9,2.9,0,104,55.8,26.2,30.2,43.9,27.3,38.8,2018,6,June,9,Saturday,2,Moderate Rain
2018-06-10 00:00:00,65,16.1,16.1,0,331,23.8,12.8,31.3,41.7,25.9,35.4,2018,6,June,10,Sunday,2,Heavy Rain
2018-06-11 00:00:00,1,0,0,0,291,31.3,15.6,31.6,41.9,28.7,38.3,2018,6,June,11,Monday,2,Mainly Clear
2018-06-12 00:00:00,0,0,0,0,288,24.5,11.7,30.5,44.3,28,41.2,2018,6,June,12,Tuesday,2,Clear Sky
2018-06-13 00:00:00,1,0,0,0,258,22.7,13,30.6,45.4,27.8,43.3,2018,6,June,13,Wednesday,2,Mainly Clear
2018-06-14 00:00:00,0,0,0,0,206,32.4,15.6,32.9,44.4,29.5,41.9,2018,6,June,14,Thursday,2,Clear Sky
2018-06-15 00:00:00,61,4.2,4.2,0,147,51.8,23.7,27.9,41.8,25.2,39.8,2018,6,June,15,Friday,2,Slight Rain
2018-06-16 00:00:00,63,3.3,3.3,0,116,40.7,21.3,31.3,42,27.8,37.5,2018,6,June,16,Saturday,2,Moderate Rain
2018-06-17 00:00:00,55,1.9,1.9,0,135,30.6,13.7,28.8,39,24.7,34,2018,6,June,17,Sunday,2,Dense Drizzle
2018-06-18 00:00:00,53,1.9,1.9,0,241,27.4,11.7,29.3,39.7,25.4,34.2,2018,6,June,18,Monday,2,Moderate Drizzle
2018-06-19 00:00:00,0,0,0,0,293,21.2,9.8,30.6,40.6,26,37,2018,6,June,19,Tuesday,2,Clear Sky
2018-06-20 00:00:00,3,0,0,0,16,21.2,12.2,32.1,41.8,27.4,37.9,2018,6,June,20,Wednesday,2,Overcast
2018-06-21 00:00:00,2,0,0,0,314,20.2,10,31.1,43.4,27.2,38.8,2018,6,June,21,Thursday,2,Partly Cloudy
2018-06-22 00:00:00,3,0,0,0,3,33.8,15.8,31.8,40.4,28.7,38.7,2018,6,June,22,Friday,2,Overcast
2018-06-23 00:00:00,51,0.1,0.1,0,315,43.9,23.1,28.6,42.2,27.9,39.4,2018,6,June,23,Saturday,2,Light Drizzle
2018-06-24 00:00:00,3,0,0,0,316,40,20.5,31,42.6,27.5,40.4,2018,6,June,24,Sunday,2,Overcast
2018-06-25 00:00:00,1,0,0,0,289,26.6,12.5,31,43.1,28.7,40.4,2018,6,June,25,Monday,2,Mainly Clear
2018-06-26 00:00:00,2,0,0,0,211,52.9,22,32,42.9,28.9,40.3,2018,6,June,26,Tuesday,2,Partly Cloudy
2018-06-27 00:00:00,51,0.1,0.1,0,111,38.9,19.1,28.8,36.2,26.2,33.1,2018,6,June,27,Wednesday,2,Light Drizzle
2018-06-28 00:00:00,65,78.5,78.5,0,55,40.7,16.5,27.1,30.7,23.9,26.1,2018,6,June,28,Thursday,2,Heavy Rain
2018-06-29 00:00:00,63,9.8,9.8,0,37,35.6,15.7,27.8,36.7,23.9,31.4,2018,6,June,29,Friday,2,Moderate Rain
2018-06-30 00:00:00,63,4.5,4.5,0,40,28.1,12.7,28.5,40.3,24.4,33.8,2018,6,June,30,Saturday,2,Moderate Rain
2018-07-01 00:00:00,51,0.2,0.2,0,263,18,9,32.5,42.6,26.7,34.9,2018,7,July,1,Sunday,3,Light Drizzle
2018-07-02 00:00:00,2,0,0,0,145,27.4,14.1,34.6,42.2,28.2,37,2018,7,July,2,Monday,3,Partly Cloudy
2018-07-03 00:00:00,61,9.5,9.5,0,105,40.7,19.5,27.3,36.4,23.5,31.7,2018,7,July,3,Tuesday,3,Slight Rain
2018-07-04 00:00:00,55,3.3,3.3,0,116,26.6,13,27.9,35.3,23.7,29.8,2018,7,July,4,Wednesday,3,Dense Drizzle
2018-07-05 00:00:00,3,0,0,0,275,16.6,10,29.6,39.1,24.6,33,2018,7,July,5,Thursday,3,Overcast
2018-07-06 00:00:00,0,0,0,0,278,24.8,11.4,30.5,41.4,25.2,35.2,2018,7,July,6,Friday,3,Clear Sky
2018-07-07 00:00:00,0,0,0,0,258,22.7,10.8,32.2,42.5,27,37,2018,7,July,7,Saturday,3,Clear Sky
2018-07-08 00:00:00,0,0,0,0,219,20.5,9.1,33.3,43.8,27.7,38.4,2018,7,July,8,Sunday,3,Clear Sky
2018-07-09 00:00:00,1,0,0,0,122,27.7,13.3,34.2,44.7,29.1,38.4,2018,7,July,9,Monday,3,Mainly Clear
2018-07-10 00:00:00,51,0.4,0.4,0,120,34.2,17.9,35,45.3,29.5,38.2,2018,7,July,10,Tuesday,3,Light Drizzle
2018-07-11 00:00:00,55,1.5,1.5,0,102,36.4,17.2,34.3,42.8,28.8,35.8,2018,7,July,11,Wednesday,3,Dense Drizzle
2018-07-12 00:00:00,65,15.4,15.4,0,100,40,17,30.8,40.7,26.4,34.7,2018,7,July,12,Thursday,3,Heavy Rain
2018-07-13 00:00:00,63,6.7,6.7,0,105,41,20.3,32.2,38.2,26.8,32.9,2018,7,July,13,Friday,3,Moderate Rain
2018-07-14 00:00:00,51,0.2,0.2,0,112,23,11.4,32.3,41.6,26.5,34,2018,7,July,14,Saturday,3,Light Drizzle
2018-07-15 00:00:00,51,0.6,0.6,0,106,30.6,14.7,32.9,40.4,27.7,34.5,2018,7,July,15,Sunday,3,Light Drizzle
2018-07-16 00:00:00,61,4.5,4.5,0,115,38.9,20.5,34,39.9,27.6,33.5,2018,7,July,16,Monday,3,Slight Rain
2018-07-17 00:00:00,63,5,5,0,100,24.8,11.9,32.1,39.7,26.6,32.8,2018,7,July,17,Tuesday,3,Moderate Rain
2018-07-18 00:00:00,53,0.6,0.6,0,143,15.5,8.7,33.8,42,26.9,34.2,2018,7,July,18,Wednesday,3,Moderate Drizzle
2018-07-19 00:00:00,51,1,1,0,125,21.2,8.2,34.2,42.1,27.6,34.2,2018,7,July,19,Thursday,3,Light Drizzle
2018-07-20 00:00:00,61,2.7,2.7,0,156,23.4,9.4,34.8,41.7,27.5,34.6,2018,7,July,20,Friday,3,Slight Rain
2018-07-21 00:00:00,63,6.6,6.6,0,145,21.6,12.4,32,41.6,26.3,34.2,2018,7,July,21,Saturday,3,Moderate Rain
2018-07-22 00:00:00,63,13.9,13.9,0,117,29.2,13.8,32.1,39,26.5,32.2,2018,7,July,22,Sunday,3,Moderate Rain
2018-07-23 00:00:00,61,5.2,5.2,0,111,21.6,10.6,33.1,39.2,26.5,32.5,2018,7,July,23,Monday,3,Slight Rain
2018-07-24 00:00:00,63,10.3,10.3,0,89,21.2,8.4,32.3,38.6,26.3,31.8,2018,7,July,24,Tuesday,3,Moderate Rain
2018-07-25 00:00:00,63,12.9,12.9,0,151,25.6,15.1,31.5,41.8,25.8,34.3,2018,7,July,25,Wednesday,3,Moderate Rain
2018-07-26 00:00:00,63,21.2,21.2,0,117,28.4,13.5,31.6,39,25.9,32.4,2018,7,July,26,Thursday,3,Moderate Rain
2018-07-27 00:00:00,63,9.6,9.6,0,124,21.6,10.3,31.3,38.6,25.5,31.9,2018,7,July,27,Friday,3,Moderate Rain
2018-07-28 00:00:00,63,14.5,14.5,0,136,23.4,9.8,31.3,37.7,26,31.9,2018,7,July,28,Saturday,3,Moderate Rain
2018-07-29 00:00:00,51,0.7,0.7,0,290,23.8,9.7,32.7,40.4,26.5,33.1,2018,7,July,29,Sunday,3,Light Drizzle
2018-07-30 00:00:00,51,0.1,0.1,0,259,31,12.3,33.6,40.6,27.1,34.5,2018,7,July,30,Monday,3,Light Drizzle
2018-07-31 00:00:00,61,1.6,1.6,0,177,28.1,13.5,31.9,42,27,35.3,2018,7,July,31,Tuesday,3,Slight Rain
2018-08-01 00:00:00,63,3.5,3.5,0,111,33.1,19.2,31.5,42.2,27,35.6,2018,8,August,1,Wednesday,3,Moderate Rain
2018-08-02 00:00:00,51,0.1,0.1,0,133,20.2,7.2,33.5,41.8,27.4,35.3,2018,8,August,2,Thursday,3,Light Drizzle
2018-08-03 00:00:00,3,0,0,0,146,22,9,34,43.5,27.6,36.2,2018,8,August,3,Friday,3,Overcast
2018-08-04 00:00:00,3,0,0,0,155,19.1,7.8,34.3,42.3,27.9,36.3,2018,8,August,4,Saturday,3,Overcast
2018-08-05 00:00:00,3,0,0,0,186,20.2,11.8,32.7,42.6,27.9,37,2018,8,August,5,Sunday,3,Overcast
2018-08-06 00:00:00,61,7.9,7.9,0,138,33.1,17.7,29.8,40.1,25.8,34.4,2018,8,August,6,Monday,3,Slight Rain
2018-08-07 00:00:00,51,1.3,1.3,0,117,35.3,18.6,29.6,34.1,25.1,30.1,2018,8,August,7,Tuesday,3,Light Drizzle
2018-08-08 00:00:00,51,0.4,0.4,0,91,30.6,14.2,30.4,38.1,25.3,32.5,2018,8,August,8,Wednesday,3,Light Drizzle
2018-08-09 00:00:00,61,5.7,5.7,0,118,28.8,13.2,33.2,39.2,26.7,32.4,2018,8,August,9,Thursday,3,Slight Rain
2018-08-10 00:00:00,51,0.4,0.4,0,165,16.2,6.5,33.8,41.4,26.8,34.7,2018,8,August,10,Friday,3,Light Drizzle
2018-08-11 00:00:00,51,0.5,0.5,0,140,25.2,12,34.8,41.5,28.2,35.2,2018,8,August,11,Saturday,3,Light Drizzle
2018-08-12 00:00:00,63,19.3,19.3,0,102,35.6,15.6,29,41.8,24.9,34.4,2018,8,August,12,Sunday,3,Moderate Rain
2018-08-13 00:00:00,53,2.1,2.1,0,98,31,15.6,30.4,37.7,25.4,32.1,2018,8,August,13,Monday,3,Moderate Drizzle
2018-08-14 00:00:00,61,3.8,3.8,0,69,25.9,9.7,31.7,40.2,25.8,33.4,2018,8,August,14,Tuesday,3,Slight Rain
2018-08-15 00:00:00,61,4,4,0,107,18,8.5,32.4,40.9,26.4,33.2,2018,8,August,15,Wednesday,3,Slight Rain
2018-08-16 00:00:00,51,0.1,0.1,0,100,21.6,8.5,33.7,39,27.2,33.2,2018,8,August,16,Thursday,3,Light Drizzle
2018-08-17 00:00:00,63,7.4,7.4,0,114,26.6,12.6,34.1,41.9,27.1,33.3,2018,8,August,17,Friday,3,Moderate Rain
2018-08-18 00:00:00,65,12.6,12.6,0,123,26.6,12.1,33.7,39.2,26.7,32.5,2018,8,August,18,Saturday,3,Heavy Rain
2018-08-19 00:00:00,51,0.2,0.2,0,194,19.1,5.5,34.2,42.7,26.8,33.9,2018,8,August,19,Sunday,3,Light Drizzle
2018-08-20 00:00:00,53,1.4,1.4,0,125,24.5,14.5,31.9,41.8,26.8,34.4,2018,8,August,20,Monday,3,Moderate Drizzle
2018-08-21 00:00:00,55,2.5,2.5,0,102,28.8,15.2,31.6,40.6,26.2,32.7,2018,8,August,21,Tuesday,3,Dense Drizzle
2018-08-22 00:00:00,51,0.6,0.6,0,128,19.1,10.4,33.5,42.4,26.9,33.6,2018,8,August,22,Wednesday,3,Light Drizzle
2018-08-23 00:00:00,53,2.3,2.3,0,124,28.4,10.9,32.5,42.7,26.6,33.9,2018,8,August,23,Thursday,3,Moderate Drizzle
2018-08-24 00:00:00,55,1.7,1.7,0,123,24.5,12.1,31.9,42.4,26.5,34.8,2018,8,August,24,Friday,3,Dense Drizzle
2018-08-25 00:00:00,53,1.3,1.3,0,105,34.2,18.5,31,41.3,27.2,34.9,2018,8,August,25,Saturday,3,Moderate Drizzle
2018-08-26 00:00:00,53,0.9,0.9,0,98,33.1,17.4,31.6,40.8,26.8,33.9,2018,8,August,26,Sunday,3,Moderate Drizzle
2018-08-27 00:00:00,51,0.3,0.3,0,333,26.6,8.4,32.7,40.6,26.6,34.7,2018,8,August,27,Monday,3,Light Drizzle
2018-08-28 00:00:00,3,0,0,0,98,17.6,7.4,32.8,41.8,26.9,35.6,2018,8,August,28,Tuesday,3,Overcast
2018-08-29 00:00:00,51,0.1,0.1,0,132,17.3,9.2,32.6,41.7,27,35.3,2018,8,August,29,Wednesday,3,Light Drizzle
2018-08-30 00:00:00,3,0,0,0,121,22.7,11,33.1,42.5,27.3,36.7,2018,8,August,30,Thursday,3,Overcast
2018-08-31 00:00:00,3,0,0,0,148,20.5,11.9,33.2,42.8,27.9,38,2018,8,August,31,Friday,3,Overcast
2018-09-01 00:00:00,51,0.1,0.1,0,113,26.6,13.2,33,42.3,27.1,35.6,2018,9,September,1,Saturday,3,Light Drizzle
2018-09-02 00:00:00,51,0.8,0.8,0,113,24.5,13.7,31.1,39.7,26.5,33.8,2018,9,September,2,Sunday,3,Light Drizzle
2018-09-03 00:00:00,51,1.2,1.2,0,101,23,9.8,30.1,39.5,25.3,33.2,2018,9,September,3,Monday,3,Light Drizzle
2018-09-04 00:00:00,51,0.2,0.2,0,128,25.6,8.3,32.2,40.9,26.5,34.2,2018,9,September,4,Tuesday,3,Light Drizzle
2018-09-05 00:00:00,1,0,0,0,126,22.7,8.3,32.4,41,27.1,36.3,2018,9,September,5,Wednesday,3,Mainly Clear
2018-09-06 00:00:00,3,0,0,0,109,19.1,8.5,33.9,40.5,28.3,36.8,2018,9,September,6,Thursday,3,Overcast
2018-09-07 00:00:00,63,8.5,8.5,0,106,41.4,15.6,32,40.1,26.7,34.2,2018,9,September,7,Friday,3,Moderate Rain
2018-09-08 00:00:00,3,0,0,0,82,22.7,9,31.7,39.8,26,33.9,2018,9,September,8,Saturday,3,Overcast
2018-09-09 00:00:00,63,3.8,3.8,0,119,20.5,10.8,32.5,37.5,26.5,32,2018,9,September,9,Sunday,3,Moderate Rain
2018-09-10 00:00:00,51,0.4,0.4,0,131,17.6,8.8,32.5,40.2,26.2,33.3,2018,9,September,10,Monday,3,Light Drizzle
2018-09-11 00:00:00,53,1.8,1.8,0,101,36.4,13.1,29.9,41.2,25.1,34.4,2018,9,September,11,Tuesday,3,Moderate Drizzle
2018-09-12 00:00:00,51,0.1,0.1,0,127,27.4,13.9,30.9,40.7,26,35.1,2018,9,September,12,Wednesday,3,Light Drizzle
2018-09-13 00:00:00,1,0,0,0,110,50,16.7,25.4,40.1,23.2,35.6,2018,9,September,13,Thursday,3,Mainly Clear
2018-09-14 00:00:00,3,0,0,0,99,28.1,14.8,24.7,37.7,22.4,33.4,2018,9,September,14,Friday,3,Overcast
2018-09-15 00:00:00,53,1.7,1.7,0,16,47.5,25.2,24.1,35.1,23.2,31.4,2018,9,September,15,Saturday,3,Moderate Drizzle
2018-09-16 00:00:00,51,0.1,0.1,0,317,20.2,9,24.7,36.8,23.4,33.1,2018,9,September,16,Sunday,3,Light Drizzle
2018-09-17 00:00:00,1,0,0,0,313,25.6,11.8,25.5,36.7,23.5,34.7,2018,9,September,17,Monday,3,Mainly Clear
2018-09-18 00:00:00,0,0,0,0,312,21.2,9.7,25.7,37.6,22.8,35.7,2018,9,September,18,Tuesday,3,Clear Sky
2018-09-19 00:00:00,0,0,0,0,140,22,9.5,25.8,39,23.6,36.1,2018,9,September,19,Wednesday,3,Clear Sky
2018-09-20 00:00:00,0,0,0,0,105,16.9,8.7,26.6,39.7,23.5,36.5,2018,9,September,20,Thursday,3,Clear Sky
2018-09-21 00:00:00,1,0,0,0,99,30.6,13.7,28.6,38.4,25.1,35.2,2018,9,September,21,Friday,3,Mainly Clear
2018-09-22 00:00:00,65,17.4,17.4,0,96,33.1,14.3,23.6,35.7,21.6,32.2,2018,9,September,22,Saturday,3,Heavy Rain
2018-09-23 00:00:00,65,84.2,84.2,0,55,40.7,21.7,23.7,26.2,21.9,23.4,2018,9,September,23,Sunday,3,Heavy Rain
2018-09-24 00:00:00,63,7.8,7.8,0,51,28.8,15.1,24.4,31.5,21.7,29.4,2018,9,September,24,Monday,3,Moderate Rain
2018-09-25 00:00:00,0,0,0,0,220,17.6,7.1,23.9,35.9,21,31,2018,9,September,25,Tuesday,3,Clear Sky
2018-09-26 00:00:00,1,0,0,0,240,18.4,9,25.1,37.1,21.9,33.1,2018,9,September,26,Wednesday,3,Mainly Clear
2018-09-27 00:00:00,1,0,0,0,188,19.4,7.4,26.7,37.5,23,33.7,2018,9,September,27,Thursday,3,Mainly Clear
2018-09-28 00:00:00,51,0.4,0.4,0,287,32.8,18,26.9,37.2,23.2,32.9,2018,9,September,28,Friday,3,Light Drizzle
2018-09-29 00:00:00,1,0,0,0,300,31,7.9,24.7,36.2,21.8,32.3,2018,9,September,29,Saturday,3,Mainly Clear
2018-09-30 00:00:00,2,0,0,0,271,23,10.9,23.2,35.5,21.7,33.7,2018,9,September,30,Sunday,3,Partly Cloudy
2018-10-01 00:00:00,51,0.1,0.1,0,53,24.8,11.7,24.8,37.2,22,32.8,2018,10,October,1,Monday,4,Light Drizzle
2018-10-02 00:00:00,1,0,0,0,81,37.1,15.6,22.9,37.2,20.4,33.6,2018,10,October,2,Tuesday,4,Mainly Clear
2018-10-03 00:00:00,53,0.6,0.6,0,91,29.9,15.8,22,36.2,20,33.7,2018,10,October,3,Wednesday,4,Moderate Drizzle
2018-10-04 00:00:00,2,0,0,0,33,24.5,12.1,21.1,34,20.2,32.1,2018,10,October,4,Thursday,4,Partly Cloudy
2018-10-05 00:00:00,2,0,0,0,344,33.1,18.4,20.7,33.9,19.5,32.5,2018,10,October,5,Friday,4,Partly Cloudy
2018-10-06 00:00:00,3,0,0,0,318,25.6,9.5,20,33.4,19,32.1,2018,10,October,6,Saturday,4,Overcast
2018-10-07 00:00:00,3,0,0,0,145,16.6,10.8,20.7,34.4,19.1,32.7,2018,10,October,7,Sunday,4,Overcast
2018-10-08 00:00:00,61,1.6,1.6,0,94,48.6,20.9,18.9,34,19.3,33,2018,10,October,8,Monday,4,Slight Rain
2018-10-09 00:00:00,53,0.8,0.8,0,17,33.1,16.6,19,32.7,19.1,31.7,2018,10,October,9,Tuesday,4,Moderate Drizzle
2018-10-10 00:00:00,1,0,0,0,63,49,22.6,18.8,32.5,18.6,31.4,2018,10,October,10,Wednesday,4,Mainly Clear
2018-10-11 00:00:00,1,0,0,0,69,36.7,16.8,19.5,32.3,17.7,30.3,2018,10,October,11,Thursday,4,Mainly Clear
2018-10-12 00:00:00,0,0,0,0,359,16.6,9.4,18,31.4,18.6,30,2018,10,October,12,Friday,4,Clear Sky
2018-10-13 00:00:00,0,0,0,0,317,22,10.8,17.6,30.5,18,31.2,2018,10,October,13,Saturday,4,Clear Sky
2018-10-14 00:00:00,0,0,0,0,322,22,10.5,17.6,31.1,17.9,31.3,2018,10,October,14,Sunday,4,Clear Sky
2018-10-15 00:00:00,0,0,0,0,105,20.9,10.2,19.2,32.4,18.7,31.6,2018,10,October,15,Monday,4,Clear Sky
2018-10-16 00:00:00,2,0,0,0,117,32.4,14.2,19.6,32.1,19.3,32.4,2018,10,October,16,Tuesday,4,Partly Cloudy
2018-10-17 00:00:00,3,0,0,0,52,29.9,14.1,19,31.6,18.6,31.1,2018,10,October,17,Wednesday,4,Overcast
2018-10-18 00:00:00,1,0,0,0,17,21.6,9.7,16.6,31.1,16.6,31.2,2018,10,October,18,Thursday,4,Mainly Clear
2018-10-19 00:00:00,0,0,0,0,357,23,10,15.5,29.5,16.6,31.1,2018,10,October,19,Friday,4,Clear Sky
2018-10-20 00:00:00,1,0,0,0,332,22,12,14.8,29.9,15.9,31.1,2018,10,October,20,Saturday,4,Mainly Clear
2018-10-21 00:00:00,0,0,0,0,318,23.4,12.1,15.1,29.1,16.7,30.9,2018,10,October,21,Sunday,4,Clear Sky
2018-10-22 00:00:00,2,0,0,0,301,28.1,14.7,14.7,29.4,16.4,31.1,2018,10,October,22,Monday,4,Partly Cloudy
2018-10-23 00:00:00,2,0,0,0,84,23.8,10.7,14,30.1,14.9,30.7,2018,10,October,23,Tuesday,4,Partly Cloudy
2018-10-24 00:00:00,3,0,0,0,59,18.4,9.9,14.3,29.4,14.7,30,2018,10,October,24,Wednesday,4,Overcast
2018-10-25 00:00:00,3,0,0,0,359,18,9.5,16.1,29.6,16.8,30.1,2018,10,October,25,Thursday,4,Overcast
2018-10-26 00:00:00,3,0,0,0,318,27,11.2,17.6,30.3,17.3,29.9,2018,10,October,26,Friday,4,Overcast
2018-10-27 00:00:00,0,0,0,0,25,16.9,10.2,16.6,30.2,16.6,29.8,2018,10,October,27,Saturday,4,Clear Sky
2018-10-28 00:00:00,0,0,0,0,298,21.2,10.8,17,30.6,16.3,30.5,2018,10,October,28,Sunday,4,Clear Sky
2018-10-29 00:00:00,3,0,0,0,295,18,10.7,19.4,31,18.6,30.3,2018,10,October,29,Monday,4,Overcast
2018-10-30 00:00:00,3,0,0,0,127,16.9,7.2,19.5,31.3,18.3,30.4,2018,10,October,30,Tuesday,4,Overcast
2018-10-31 00:00:00,3,0,0,0,116,20.5,8.7,19.7,31.6,18.4,29.8,2018,10,October,31,Wednesday,4,Overcast
2018-11-01 00:00:00,61,5,5,0,80,44.6,25.2,16.9,30.4,18,30,2018,11,November,1,Thursday,4,Slight Rain
2018-11-02 00:00:00,51,0.8,0.8,0,49,50,26.1,13.7,25.1,15.7,26,2018,11,November,2,Friday,4,Light Drizzle
2018-11-03 00:00:00,51,0.6,0.6,0,24,56.5,27.8,13.9,26.5,14,26.3,2018,11,November,3,Saturday,4,Light Drizzle
2018-11-04 00:00:00,1,0,0,0,354,26.6,11.2,13.3,23.7,13.9,24.3,2018,11,November,4,Sunday,4,Mainly Clear
2018-11-05 00:00:00,0,0,0,0,319,25.9,11,11,23.7,13.3,25.2,2018,11,November,5,Monday,4,Clear Sky
2018-11-06 00:00:00,2,0,0,0,301,28.8,13.3,9.6,23.4,11.6,26.1,2018,11,November,6,Tuesday,4,Partly Cloudy
2018-11-07 00:00:00,3,0,0,0,42,19.1,8.8,8.3,25.4,10.3,26.1,2018,11,November,7,Wednesday,4,Overcast
2018-11-08 00:00:00,3,0,0,0,88,19.1,9.1,11.1,25.7,12.4,26.7,2018,11,November,8,Thursday,4,Overcast
2018-11-09 00:00:00,2,0,0,0,22,18.7,9.3,12.8,25.8,13.2,26.6,2018,11,November,9,Friday,4,Partly Cloudy
2018-11-10 00:00:00,3,0,0,0,76,17.3,8.5,12.2,26.4,12.8,26.5,2018,11,November,10,Saturday,4,Overcast
2018-11-11 00:00:00,3,0,0,0,15,26.3,13.7,13.3,23.8,13.6,24.6,2018,11,November,11,Sunday,4,Overcast
2018-11-12 00:00:00,3,0,0,0,7,25.6,11.3,13.8,24.9,13.8,26,2018,11,November,12,Monday,4,Overcast
2018-11-13 00:00:00,51,1.3,1.3,0,31,33.8,18,14,23.9,14.5,25.4,2018,11,November,13,Tuesday,4,Light Drizzle
2018-11-14 00:00:00,51,1.1,1.1,0,47,27.7,16.8,12.2,23.5,12.9,24.6,2018,11,November,14,Wednesday,4,Light Drizzle
2018-11-15 00:00:00,1,0,0,0,351,27.4,11.9,11.9,23.2,12.8,25,2018,11,November,15,Thursday,4,Mainly Clear
2018-11-16 00:00:00,2,0,0,0,306,29.2,13.8,11.3,22.5,12.5,24.8,2018,11,November,16,Friday,4,Partly Cloudy
2018-11-17 00:00:00,3,0,0,0,33,18.4,8.9,10.5,23.3,11.4,24.3,2018,11,November,17,Saturday,4,Overcast
2018-11-18 00:00:00,3,0,0,0,69,23.4,11.7,11.4,23.5,12.3,25.2,2018,11,November,18,Sunday,4,Overcast
2018-11-19 00:00:00,1,0,0,0,53,22,10.7,13.4,25.7,14.2,27.2,2018,11,November,19,Monday,4,Mainly Clear
2018-11-20 00:00:00,2,0,0,0,314,28.8,14.5,11.7,24.3,12.8,26.8,2018,11,November,20,Tuesday,4,Partly Cloudy
2018-11-21 00:00:00,3,0,0,0,311,24.1,11.9,10.3,24.5,11.5,26.8,2018,11,November,21,Wednesday,4,Overcast
2018-11-22 00:00:00,3,0,0,0,338,20.9,12.4,10.7,24.7,11.7,26.5,2018,11,November,22,Thursday,4,Overcast
2018-11-23 00:00:00,2,0,0,0,310,31.3,15.6,10.4,22.3,12.7,25.8,2018,11,November,23,Friday,4,Partly Cloudy
2018-11-24 00:00:00,0,0,0,0,292,28.8,13.4,9.6,23.6,11.6,27.1,2018,11,November,24,Saturday,4,Clear Sky
2018-11-25 00:00:00,2,0,0,0,58,14.4,10.4,9.2,25.5,10.7,26.1,2018,11,November,25,Sunday,4,Partly Cloudy
2018-11-26 00:00:00,3,0,0,0,71,19.1,8.8,9.8,25,10.9,26.1,2018,11,November,26,Monday,4,Overcast
2018-11-27 00:00:00,3,0,0,0,101,20.9,9,11.5,24.9,12.2,25.7,2018,11,November,27,Tuesday,4,Overcast
2018-11-28 00:00:00,3,0,0,0,41,15.5,9.7,13.1,25,13.6,25.8,2018,11,November,28,Wednesday,4,Overcast
2018-11-29 00:00:00,3,0,0,0,319,28.8,13.8,10.6,22.8,12.3,25.3,2018,11,November,29,Thursday,4,Overcast
2018-11-30 00:00:00,0,0,0,0,311,24.8,11.1,8.7,22.8,10.3,25.7,2018,11,November,30,Friday,4,Clear Sky
2018-12-01 00:00:00,2,0,0,0,308,19.4,9.4,6.8,22.3,8.9,24.4,2018,12,December,1,Saturday,4,Partly Cloudy
2018-12-02 00:00:00,1,0,0,0,96,16.9,9,8.4,23.1,9.9,24.3,2018,12,December,2,Sunday,4,Mainly Clear
2018-12-03 00:00:00,3,0,0,0,60,16.6,7.7,9.3,23.1,10.3,23.7,2018,12,December,3,Monday,4,Overcast
2018-12-04 00:00:00,3,0,0,0,121,15.1,7.8,9.5,23.1,10.5,23.7,2018,12,December,4,Tuesday,4,Overcast
2018-12-05 00:00:00,3,0,0,0,113,14,7.6,11.1,22.2,11.9,22.6,2018,12,December,5,Wednesday,4,Overcast
2018-12-06 00:00:00,51,0.2,0.2,0,24,24.8,10.7,9.6,21.4,10.7,21.5,2018,12,December,6,Thursday,4,Light Drizzle
2018-12-07 00:00:00,1,0,0,0,289,16.6,8.9,7.3,21,9,21.9,2018,12,December,7,Friday,4,Mainly Clear
2018-12-08 00:00:00,0,0,0,0,342,17.6,8,8.2,21.4,9.5,22.5,2018,12,December,8,Saturday,4,Clear Sky
2018-12-09 00:00:00,51,0.2,0.2,0,15,17.6,8,9.4,21.3,10.2,22.2,2018,12,December,9,Sunday,4,Light Drizzle
2018-12-10 00:00:00,53,3.4,3.4,0,61,41.4,18.8,8,15.3,9.5,17.2,2018,12,December,10,Monday,4,Moderate Drizzle
2018-12-11 00:00:00,2,0,0,0,15,23.8,12.4,7.6,18.8,9,20.5,2018,12,December,11,Tuesday,4,Partly Cloudy
2018-12-12 00:00:00,51,0.8,0.8,0,66,27,12.3,7.6,16.8,8.8,18.1,2018,12,December,12,Wednesday,4,Light Drizzle
2018-12-13 00:00:00,3,0,0,0,337,16.2,9.4,6.7,16.4,8.2,17.9,2018,12,December,13,Thursday,4,Overcast
2018-12-14 00:00:00,0,0,0,0,326,23.4,10,5.9,17.1,8,19.6,2018,12,December,14,Friday,4,Clear Sky
2018-12-15 00:00:00,0,0,0,0,323,23.8,10.4,4.7,16.7,7.1,19.9,2018,12,December,15,Saturday,4,Clear Sky
2018-12-16 00:00:00,0,0,0,0,319,17.6,10.9,3.7,17.6,6.3,20.4,2018,12,December,16,Sunday,4,Clear Sky
2018-12-17 00:00:00,0,0,0,0,316,20.9,10.5,2.3,17.8,5,20.5,2018,12,December,17,Monday,4,Clear Sky
2018-12-18 00:00:00,3,0,0,0,293,19.4,10.9,2.1,18.7,4.9,21,2018,12,December,18,Tuesday,4,Overcast
2018-12-19 00:00:00,0,0,0,0,216,18,8.7,2.9,18.5,5.5,20.9,2018,12,December,19,Wednesday,4,Clear Sky
2018-12-20 00:00:00,0,0,0,0,355,15.5,10.2,2.8,17.8,5.4,19.9,2018,12,December,20,Thursday,4,Clear Sky
2018-12-21 00:00:00,0,0,0,0,313,16.6,10.2,2.3,18.4,5.1,20.1,2018,12,December,21,Friday,4,Clear Sky
2018-12-22 00:00:00,0,0,0,0,103,14,9.2,2.1,18.6,4.9,19.9,2018,12,December,22,Saturday,4,Clear Sky
2018-12-23 00:00:00,0,0,0,0,55,19.4,10.5,3.3,16.7,5.8,18.7,2018,12,December,23,Sunday,4,Clear Sky
2018-12-24 00:00:00,0,0,0,0,322,20.9,11.5,2.6,16,5.3,19,2018,12,December,24,Monday,4,Clear Sky
2018-12-25 00:00:00,0,0,0,0,293,22.3,11.2,1,16,4.1,19.4,2018,12,December,25,Tuesday,4,Clear Sky
2018-12-26 00:00:00,3,0,0,0,4,17.6,8.2,2.9,16,5.7,17.9,2018,12,December,26,Wednesday,4,Overcast
2018-12-27 00:00:00,0,0,0,0,322,24.5,11.5,2.2,15.5,4.7,18.3,2018,12,December,27,Thursday,4,Clear Sky
2018-12-28 00:00:00,0,0,0,0,309,25.9,11.3,-0.4,15.5,2.7,18.7,2018,12,December,28,Friday,4,Clear Sky
2018-12-29 00:00:00,3,0,0,0,82,16.6,9.5,1.8,16.8,4.1,18.7,2018,12,December,29,Saturday,4,Overcast
2018-12-30 00:00:00,2,0,0,0,91,17.6,10.1,3.9,17.3,6.2,19.5,2018,12,December,30,Sunday,4,Partly Cloudy
2018-12-31 00:00:00,3,0,0,0,319,20.9,11.6,3,17.3,5.3,19.9,2018,12,December,31,Monday,4,Overcast
2019-01-01 00:00:00,51,0.1,0.1,0,110,18,8.7,5,16.5,6.9,17.7,2019,1,January,1,Tuesday,1,Light Drizzle
2019-01-02 00:00:00,2,0,0,0,43,19.1,10.9,5.9,17.8,8,18.8,2019,1,January,2,Wednesday,1,Partly Cloudy
2019-01-03 00:00:00,3,0,0,0,320,25.2,10.9,3.8,16.6,6.1,19.8,2019,1,January,3,Thursday,1,Overcast
2019-01-04 00:00:00,55,1.4,1.4,0,67,20.2,12.3,3.6,16.9,6,18.2,2019,1,January,4,Friday,1,Dense Drizzle
2019-01-05 00:00:00,55,6.7,6.7,0,62,36.7,19.5,5.2,11.3,7.4,14.2,2019,1,January,5,Saturday,1,Dense Drizzle
2019-01-06 00:00:00,1,0,0,0,6,18,9,3.9,15.6,6.2,17,2019,1,January,6,Sunday,1,Mainly Clear
2019-01-07 00:00:00,51,0.4,0.4,0,323,18.7,9.7,3.2,15.8,5.3,18.1,2019,1,January,7,Monday,1,Light Drizzle
2019-01-08 00:00:00,3,0,0,0,296,30.6,13.1,4.6,14.9,7.1,18,2019,1,January,8,Tuesday,1,Overcast
2019-01-09 00:00:00,1,0,0,0,309,25.6,12,2.5,16,5.4,19.8,2019,1,January,9,Wednesday,1,Mainly Clear
2019-01-10 00:00:00,53,1.6,1.6,0,16,18.4,10.2,3.2,16.4,5.6,18.3,2019,1,January,10,Thursday,1,Moderate Drizzle
2019-01-11 00:00:00,2,0,0,0,49,15.8,8.6,5.4,17,7.3,18.5,2019,1,January,11,Friday,1,Partly Cloudy
2019-01-12 00:00:00,61,5,5,0,29,33.1,16.2,5.4,14.4,7.1,17,2019,1,January,12,Saturday,1,Slight Rain
2019-01-13 00:00:00,1,0,0,0,354,25.6,15.1,2.8,15.7,6.6,18.6,2019,1,January,13,Sunday,1,Mainly Clear
2019-01-14 00:00:00,3,0,0,0,308,30.2,15.5,1.3,14,4.4,18.2,2019,1,January,14,Monday,1,Overcast
2019-01-15 00:00:00,3,0,0,0,277,17.3,10.5,1.2,15.8,4,18.4,2019,1,January,15,Tuesday,1,Overcast
2019-01-16 00:00:00,51,0.4,0.4,0,58,18.4,10.3,3.1,15.8,5.4,18,2019,1,January,16,Wednesday,1,Light Drizzle
2019-01-17 00:00:00,3,0,0,0,324,23,11.2,2,16.4,4.4,19.2,2019,1,January,17,Thursday,1,Overcast
2019-01-18 00:00:00,51,0.4,0.4,0,340,19.1,9.3,2.1,15.4,4.8,17.5,2019,1,January,18,Friday,1,Light Drizzle
2019-01-19 00:00:00,3,0,0,0,342,16.6,9.7,5.4,19.4,7.4,21.4,2019,1,January,19,Saturday,1,Overcast
2019-01-20 00:00:00,51,0.7,0.7,0,15,33.5,17.5,7.4,17.7,8.9,18.9,2019,1,January,20,Sunday,1,Light Drizzle
2019-01-21 00:00:00,61,10.9,10.9,0,76,32.8,13.7,9.1,14.6,10.3,15.6,2019,1,January,21,Monday,1,Slight Rain
2019-01-22 00:00:00,61,5.1,5.1,0,143,24.8,10.5,5,14.8,7,15.8,2019,1,January,22,Tuesday,1,Slight Rain
2019-01-23 00:00:00,51,0.2,0.2,0,6,19.8,10.5,4.8,15.1,6.4,17,2019,1,January,23,Wednesday,1,Light Drizzle
2019-01-24 00:00:00,3,0,0,0,325,17.3,9.1,2.8,15,5.3,16.9,2019,1,January,24,Thursday,1,Overcast
2019-01-25 00:00:00,1,0,0,0,85,15.8,7.6,1.8,14.2,4.5,16,2019,1,January,25,Friday,1,Mainly Clear
2019-01-26 00:00:00,3,0,0,0,329,23.4,11.8,2.6,13.7,5.4,16.9,2019,1,January,26,Saturday,1,Overcast
2019-01-27 00:00:00,3,0,0,0,305,29.5,13.2,1.1,13.6,4.3,17.5,2019,1,January,27,Sunday,1,Overcast
2019-01-28 00:00:00,0,0,0,0,310,27.7,13.5,0.8,14.4,3.6,18.5,2019,1,January,28,Monday,1,Clear Sky
2019-01-29 00:00:00,3,0,0,0,303,22,9.5,0.7,15.9,3.7,19.1,2019,1,January,29,Tuesday,1,Overcast
2019-01-30 00:00:00,51,1.1,1.1,0,7,32.4,20.1,5.8,13.7,7.7,16,2019,1,January,30,Wednesday,1,Light Drizzle
2019-01-31 00:00:00,61,8.9,8.9,0,36,33.8,16,5.4,12.2,7.9,13.2,2019,1,January,31,Thursday,1,Slight Rain
2019-02-01 00:00:00,51,0.4,0.4,0,39,29.9,13.8,4.9,14.9,7.4,17,2019,2,February,1,Friday,1,Light Drizzle
2019-02-02 00:00:00,2,0,0,0,319,21.2,10.2,4.5,17.6,6.9,19.6,2019,2,February,2,Saturday,1,Partly Cloudy
2019-02-03 00:00:00,2,0,0,0,322,23.8,10.2,4.9,19.3,7.3,21.5,2019,2,February,3,Sunday,1,Partly Cloudy
2019-02-04 00:00:00,51,0.4,0.4,0,5,18.4,9,4.7,18.9,7.1,21,2019,2,February,4,Monday,1,Light Drizzle
2019-02-05 00:00:00,51,0.1,0.1,0,103,23,11.2,8.7,20.2,10.6,21.4,2019,2,February,5,Tuesday,1,Light Drizzle
2019-02-06 00:00:00,53,1.8,1.8,0,24,28.8,16.2,8.7,19.7,9.7,20.3,2019,2,February,6,Wednesday,1,Moderate Drizzle
2019-02-07 00:00:00,61,15.7,15.7,0,145,33.5,14,5.4,14.9,7.6,15,2019,2,February,7,Thursday,1,Slight Rain
2019-02-08 00:00:00,53,1.1,1.1,0,306,27.7,14.1,4,15.2,6.6,16.6,2019,2,February,8,Friday,1,Moderate Drizzle
2019-02-09 00:00:00,3,0,0,0,304,28.4,12.5,3.8,16.5,6.1,19.2,2019,2,February,9,Saturday,1,Overcast
2019-02-10 00:00:00,3,0,0,0,263,20.2,8.9,3.8,16.7,6.5,18.9,2019,2,February,10,Sunday,1,Overcast
2019-02-11 00:00:00,3,0,0,0,327,21.2,9.4,5.6,18.7,7.7,20.3,2019,2,February,11,Monday,1,Overcast
2019-02-12 00:00:00,3,0,0,0,336,16.9,7.8,9.3,18.5,10.7,19.8,2019,2,February,12,Tuesday,1,Overcast
2019-02-13 00:00:00,51,0.4,0.4,0,13,22.3,10.9,9.2,18.8,10.2,20.4,2019,2,February,13,Wednesday,1,Light Drizzle
2019-02-14 00:00:00,63,16.7,16.7,0,5,43.2,17.4,6.3,17.3,8,16.8,2019,2,February,14,Thursday,1,Moderate Rain
2019-02-15 00:00:00,3,0,0,0,351,24.1,11.2,6.9,17.4,8.3,18.8,2019,2,February,15,Friday,1,Overcast
2019-02-16 00:00:00,51,0.1,0.1,0,320,20.9,10,8,19.3,9.7,20.2,2019,2,February,16,Saturday,1,Light Drizzle
2019-02-17 00:00:00,55,2.8,2.8,0,330,25.9,15.2,6.7,17.5,8.9,19.7,2019,2,February,17,Sunday,1,Dense Drizzle
2019-02-18 00:00:00,55,5.6,5.6,0,100,34.9,17.2,7.5,16.8,9,19.3,2019,2,February,18,Monday,1,Dense Drizzle
2019-02-19 00:00:00,51,0.1,0.1,0,58,23.8,14,7.7,18.7,8.9,19.7,2019,2,February,19,Tuesday,1,Light Drizzle
2019-02-20 00:00:00,63,14.4,14.4,0,129,43.2,25.2,10.5,20,11.4,21,2019,2,February,20,Wednesday,1,Moderate Rain
2019-02-21 00:00:00,63,13.2,13.2,0,95,36.4,17.4,10,19.5,10.7,19.5,2019,2,February,21,Thursday,1,Moderate Rain
2019-02-22 00:00:00,3,0,0,0,316,26.6,12.7,6.4,17.9,8.8,19.4,2019,2,February,22,Friday,1,Overcast
2019-02-23 00:00:00,2,0,0,0,284,26.6,12.3,5.2,18.8,7.6,20.7,2019,2,February,23,Saturday,1,Partly Cloudy
2019-02-24 00:00:00,51,0.1,0.1,0,261,18,9.7,6.2,19.9,8.3,20.9,2019,2,February,24,Sunday,1,Light Drizzle
2019-02-25 00:00:00,53,1.3,1.3,0,51,27.4,13.9,7,17.6,8.6,19,2019,2,February,25,Monday,1,Moderate Drizzle
2019-02-26 00:00:00,55,2.3,2.3,0,42,31.3,16.8,5,17.9,7.4,18.4,2019,2,February,26,Tuesday,1,Dense Drizzle
2019-02-27 00:00:00,51,0.6,0.6,0,335,37.4,19.5,4.2,16.7,6.2,18.3,2019,2,February,27,Wednesday,1,Light Drizzle
2019-02-28 00:00:00,51,0.1,0.1,0,5,18.7,10.3,5.8,18.4,7.6,19.4,2019,2,February,28,Thursday,1,Light Drizzle
2019-03-01 00:00:00,3,0,0,0,32,31,16.5,5.5,16.4,7.5,18.7,2019,3,March,1,Friday,1,Overcast
2019-03-02 00:00:00,61,5.2,5.2,0,74,24.5,14.2,8.9,14,10.5,16,2019,3,March,2,Saturday,1,Slight Rain
2019-03-03 00:00:00,53,1.6,1.6,0,15,27,9.8,9.1,18,10.4,18.6,2019,3,March,3,Sunday,1,Moderate Drizzle
2019-03-04 00:00:00,51,0.3,0.3,0,312,27,13.3,7.2,19.8,9,20.5,2019,3,March,4,Monday,1,Light Drizzle
2019-03-05 00:00:00,51,0.3,0.3,0,309,20.2,11.1,8.4,20.6,9.7,21.2,2019,3,March,5,Tuesday,1,Light Drizzle
2019-03-06 00:00:00,1,0,0,0,311,24.1,10.7,8.5,21.7,9.9,23.1,2019,3,March,6,Wednesday,1,Mainly Clear
2019-03-07 00:00:00,51,0.1,0.1,0,16,24.5,12.5,9.9,22.1,11.4,22.9,2019,3,March,7,Thursday,1,Light Drizzle
2019-03-08 00:00:00,3,0,0,0,309,18,8.7,8.6,21.6,10.5,22.3,2019,3,March,8,Friday,1,Overcast
2019-03-09 00:00:00,0,0,0,0,304,32.4,14.8,8.8,21.9,10.7,24.3,2019,3,March,9,Saturday,1,Clear Sky
2019-03-10 00:00:00,3,0,0,0,122,22.3,13.7,8.8,24,10.5,24.7,2019,3,March,10,Sunday,1,Overcast
2019-03-11 00:00:00,63,11.2,11.2,0,92,48.2,16.6,8.6,17.8,10.1,19,2019,3,March,11,Monday,1,Moderate Rain
2019-03-12 00:00:00,3,0,0,0,328,25.6,12.6,8.4,22.6,10,23.2,2019,3,March,12,Tuesday,1,Overcast
2019-03-13 00:00:00,3,0,0,0,104,21.6,12.2,9,20.5,10.2,21.9,2019,3,March,13,Wednesday,1,Overcast
2019-03-14 00:00:00,51,0.1,0.1,0,360,26.3,11.4,8.8,21.5,9.8,21.8,2019,3,March,14,Thursday,1,Light Drizzle
2019-03-15 00:00:00,3,0,0,0,314,25.2,11.5,9.3,23,10.3,23.8,2019,3,March,15,Friday,1,Overcast
2019-03-16 00:00:00,3,0,0,0,321,24.1,9.4,9.8,24.4,11.2,25.4,2019,3,March,16,Saturday,1,Overcast
2019-03-17 00:00:00,1,0,0,0,306,20.5,8.8,11.7,27,12.9,27.3,2019,3,March,17,Sunday,1,Mainly Clear
2019-03-18 00:00:00,53,0.6,0.6,0,321,20.2,9.2,11.4,27.3,12.6,28.1,2019,3,March,18,Monday,1,Moderate Drizzle
2019-03-19 00:00:00,51,0.7,0.7,0,36,41.4,24.5,11.6,29,14.7,29.3,2019,3,March,19,Tuesday,1,Light Drizzle
2019-03-20 00:00:00,53,1.6,1.6,0,18,48.2,25.3,11.5,25,13.4,25.7,2019,3,March,20,Wednesday,1,Moderate Drizzle
2019-03-21 00:00:00,0,0,0,0,334,32,15.5,11.6,27.4,13.8,28.7,2019,3,March,21,Thursday,1,Clear Sky
2019-03-22 00:00:00,3,0,0,0,322,34.9,16,12.6,26.2,14.1,28.8,2019,3,March,22,Friday,1,Overcast
2019-03-23 00:00:00,51,0.2,0.2,0,337,40,18.4,13.6,23.1,13.9,25.3,2019,3,March,23,Saturday,1,Light Drizzle
2019-03-24 00:00:00,53,1,1,0,309,27.7,12,13.8,24.1,14.3,25.5,2019,3,March,24,Sunday,1,Moderate Drizzle
2019-03-25 00:00:00,3,0,0,0,299,26.6,13.1,14.4,28.1,14.3,29.1,2019,3,March,25,Monday,1,Overcast
2019-03-26 00:00:00,3,0,0,0,316,40.7,19.9,14.2,28.6,13.8,31.7,2019,3,March,26,Tuesday,1,Overcast
2019-03-27 00:00:00,3,0,0,0,37,24.8,10.2,16.2,34.1,16.2,33.5,2019,3,March,27,Wednesday,1,Overcast
2019-03-28 00:00:00,3,0,0,0,336,27,11,19.6,34.9,18.3,34.3,2019,3,March,28,Thursday,1,Overcast
2019-03-29 00:00:00,3,0,0,0,324,40,19,20.3,34.5,20.1,35,2019,3,March,29,Friday,1,Overcast
2019-03-30 00:00:00,2,0,0,0,323,34.6,17.1,15,33.7,17.5,33.8,2019,3,March,30,Saturday,1,Partly Cloudy
2019-03-31 00:00:00,2,0,0,0,313,41,19.7,14.8,29.4,17.2,32.7,2019,3,March,31,Sunday,1,Partly Cloudy
2019-04-01 00:00:00,2,0,0,0,311,40.3,19.1,14,30.8,16.3,34.3,2019,4,April,1,Monday,2,Partly Cloudy
2019-04-02 00:00:00,2,0,0,0,338,28.4,14.1,14.4,33.7,16.3,35.2,2019,4,April,2,Tuesday,2,Partly Cloudy
2019-04-03 00:00:00,3,0,0,0,329,33.1,14.7,16.4,35.1,17.8,36.6,2019,4,April,3,Wednesday,2,Overcast
2019-04-04 00:00:00,3,0,0,0,54,22,9.9,20.6,38.3,20.9,37.2,2019,4,April,4,Thursday,2,Overcast
2019-04-05 00:00:00,3,0,0,0,201,46.1,24.8,21.4,38.2,20.1,37.2,2019,4,April,5,Friday,2,Overcast
2019-04-06 00:00:00,51,0.4,0.4,0,24,41,22.5,20.7,38.1,20.2,35.6,2019,4,April,6,Saturday,2,Light Drizzle
2019-04-07 00:00:00,3,0,0,0,356,28.1,12.9,22.2,36.5,21.4,37.4,2019,4,April,7,Sunday,2,Overcast
2019-04-08 00:00:00,3,0,0,0,81,44.3,22.8,20.3,33,20.1,32.9,2019,4,April,8,Monday,2,Overcast
2019-04-09 00:00:00,3,0,0,0,72,32.4,19.1,20.5,37.3,20.1,35.8,2019,4,April,9,Tuesday,2,Overcast
2019-04-10 00:00:00,2,0,0,0,331,31.3,14.7,21.3,36.2,21.4,36.1,2019,4,April,10,Wednesday,2,Partly Cloudy
2019-04-11 00:00:00,3,0,0,0,332,41.4,14.8,21.7,35.7,21.5,36,2019,4,April,11,Thursday,2,Overcast
2019-04-12 00:00:00,3,0,0,0,349,28.1,13.4,22.4,35.1,22.7,33.3,2019,4,April,12,Friday,2,Overcast
2019-04-13 00:00:00,51,0.2,0.2,0,346,29.5,14.9,22.6,33.3,22.4,31.9,2019,4,April,13,Saturday,2,Light Drizzle
2019-04-14 00:00:00,51,0.3,0.3,0,340,30.2,14,22.4,35.9,21.9,34.7,2019,4,April,14,Sunday,2,Light Drizzle
2019-04-15 00:00:00,51,0.1,0.1,0,316,47.9,24.3,22.3,37.8,22.6,36.6,2019,4,April,15,Monday,2,Light Drizzle
2019-04-16 00:00:00,63,14.4,14.4,0,121,49,28.7,18.5,28.6,18.5,29.5,2019,4,April,16,Tuesday,2,Moderate Rain
2019-04-17 00:00:00,61,15.7,15.7,0,96,32.8,16.1,16.5,22.5,16.2,22.1,2019,4,April,17,Wednesday,2,Slight Rain
2019-04-18 00:00:00,51,0.3,0.3,0,335,22,8.9,17,29.1,16.2,26.4,2019,4,April,18,Thursday,2,Light Drizzle
2019-04-19 00:00:00,0,0,0,0,295,23.4,8.5,17.3,31.6,17,29.5,2019,4,April,19,Friday,2,Clear Sky
2019-04-20 00:00:00,3,0,0,0,146,21.6,8.4,18.7,33.7,18.4,31.6,2019,4,April,20,Saturday,2,Overcast
2019-04-21 00:00:00,51,0.2,0.2,0,325,38.9,18.3,21.7,35,21.2,33.7,2019,4,April,21,Sunday,2,Light Drizzle
2019-04-22 00:00:00,1,0,0,0,323,31.3,14.3,22.5,37.8,21.5,36.6,2019,4,April,22,Monday,2,Mainly Clear
2019-04-23 00:00:00,3,0,0,0,14,32,15.5,24.2,40.7,22.9,38.5,2019,4,April,23,Tuesday,2,Overcast
2019-04-24 00:00:00,3,0,0,0,18,55.4,31.4,22.1,38.2,24.1,37.7,2019,4,April,24,Wednesday,2,Overcast
2019-04-25 00:00:00,3,0,0,0,6,41.8,19.6,23,39,22.8,37.3,2019,4,April,25,Thursday,2,Overcast
2019-04-26 00:00:00,3,0,0,0,338,37.4,19.8,21.3,37.8,22.3,37.7,2019,4,April,26,Friday,2,Overcast
2019-04-27 00:00:00,1,0,0,0,327,40,20.2,22.5,36.5,22.8,38.6,2019,4,April,27,Saturday,2,Mainly Clear
2019-04-28 00:00:00,2,0,0,0,337,37.4,17.7,22.4,37.1,23.4,39.1,2019,4,April,28,Sunday,2,Partly Cloudy
2019-04-29 00:00:00,3,0,0,0,347,25.2,13.7,22.6,38.4,23.3,39.5,2019,4,April,29,Monday,2,Overcast
2019-04-30 00:00:00,3,0,0,0,20,62.6,31.9,21.5,33.5,24.4,36.6,2019,4,April,30,Tuesday,2,Overcast
2019-05-01 00:00:00,1,0,0,0,22,36.4,21.4,21.7,37.8,23.4,38,2019,5,May,1,Wednesday,2,Mainly Clear
2019-05-02 00:00:00,3,0,0,0,11,32,15.9,20.8,36.2,21.6,38,2019,5,May,2,Thursday,2,Overcast
2019-05-03 00:00:00,2,0,0,0,345,45.4,20.4,20.1,35.8,21,36.4,2019,5,May,3,Friday,2,Partly Cloudy
2019-05-04 00:00:00,0,0,0,0,326,39.6,20.1,19.2,34.3,21.3,36.9,2019,5,May,4,Saturday,2,Clear Sky
2019-05-05 00:00:00,1,0,0,0,334,25.6,10.6,19.2,37.6,21.7,38.4,2019,5,May,5,Sunday,2,Mainly Clear
2019-05-06 00:00:00,1,0,0,0,33,33.1,15.5,21.3,37.5,21.6,39.5,2019,5,May,6,Monday,2,Mainly Clear
2019-05-07 00:00:00,2,0,0,0,73,32,12.9,21.2,39.7,22.9,39.7,2019,5,May,7,Tuesday,2,Partly Cloudy
2019-05-08 00:00:00,1,0,0,0,17,27.4,16.5,22,40.7,24.1,41,2019,5,May,8,Wednesday,2,Mainly Clear
2019-05-09 00:00:00,3,0,0,0,301,29.5,14,23.6,40.1,24.9,41.7,2019,5,May,9,Thursday,2,Overcast
2019-05-10 00:00:00,3,0,0,0,121,44.6,19.7,23.3,40,24.5,40.2,2019,5,May,10,Friday,2,Overcast
2019-05-11 00:00:00,3,0,0,0,138,65.5,35.9,24,38.9,24.4,38.1,2019,5,May,11,Saturday,2,Overcast
2019-05-12 00:00:00,3,0,0,0,317,28.8,14.1,23.9,37.7,23.7,37.3,2019,5,May,12,Sunday,2,Overcast
2019-05-13 00:00:00,61,3.6,3.6,0,295,52.9,28.5,24.1,38.1,23.4,38.3,2019,5,May,13,Monday,2,Slight Rain
2019-05-14 00:00:00,51,0.2,0.2,0,97,44.3,22.8,23.8,36.8,23.7,34.6,2019,5,May,14,Tuesday,2,Light Drizzle
2019-05-15 00:00:00,3,0,0,0,172,36.7,19.3,23.8,37,23.2,37,2019,5,May,15,Wednesday,2,Overcast
2019-05-16 00:00:00,3,0,0,0,343,25.9,11.2,23.7,35.6,21.8,34,2019,5,May,16,Thursday,2,Overcast
2019-05-17 00:00:00,63,9,9,0,33,41.4,21.2,24,33,21.5,30.6,2019,5,May,17,Friday,2,Moderate Rain
2019-05-18 00:00:00,3,0,0,0,301,33.1,15.6,23.6,35.6,21.4,34.5,2019,5,May,18,Saturday,2,Overcast
2019-05-19 00:00:00,3,0,0,0,313,40.7,21.9,25.6,38.2,24.2,37.6,2019,5,May,19,Sunday,2,Overcast
2019-05-20 00:00:00,3,0,0,0,311,32.8,15.1,25,38.6,25,38.5,2019,5,May,20,Monday,2,Overcast
2019-05-21 00:00:00,3,0,0,0,289,27,14.8,25.1,39.3,24.9,39.6,2019,5,May,21,Tuesday,2,Overcast
2019-05-22 00:00:00,3,0,0,0,252,44.3,14.6,26.3,39.6,25.8,40.1,2019,5,May,22,Wednesday,2,Overcast
2019-05-23 00:00:00,51,0.2,0.2,0,121,38.5,18.8,26.5,38.6,25.6,36.5,2019,5,May,23,Thursday,2,Light Drizzle
2019-05-24 00:00:00,61,2.2,2.2,0,26,39.2,19,23.1,36,22.1,33.2,2019,5,May,24,Friday,2,Slight Rain
2019-05-25 00:00:00,0,0,0,0,303,32.4,17.1,23.4,35,21.7,35,2019,5,May,25,Saturday,2,Clear Sky
2019-05-26 00:00:00,2,0,0,0,325,34.2,16.8,24,38.7,23.8,38.3,2019,5,May,26,Sunday,2,Partly Cloudy
2019-05-27 00:00:00,1,0,0,0,326,33.5,16,23.6,37.9,24.1,39.9,2019,5,May,27,Monday,2,Mainly Clear
2019-05-28 00:00:00,2,0,0,0,319,29.9,14.2,22.9,39.8,24.1,41.5,2019,5,May,28,Tuesday,2,Partly Cloudy
2019-05-29 00:00:00,3,0,0,0,314,47.5,25.8,24.5,41.7,25.7,42.8,2019,5,May,29,Wednesday,2,Overcast
2019-05-30 00:00:00,2,0,0,0,322,29.9,14.6,26,43.1,27.2,43.7,2019,5,May,30,Thursday,2,Partly Cloudy
2019-05-31 00:00:00,1,0,0,0,351,31.3,15.3,27.1,44.7,28.7,44.6,2019,5,May,31,Friday,2,Mainly Clear
2019-06-01 00:00:00,2,0,0,0,25,30.2,16,27.5,44.5,27.3,44.3,2019,6,June,1,Saturday,2,Partly Cloudy
2019-06-02 00:00:00,1,0,0,0,121,53.3,27.6,27.6,45.1,28.2,44.3,2019,6,June,2,Sunday,2,Mainly Clear
2019-06-03 00:00:00,1,0,0,0,120,66.6,31.1,29.3,43.7,29.1,43.9,2019,6,June,3,Monday,2,Mainly Clear
2019-06-04 00:00:00,51,0.3,0.3,0,104,43.9,22.5,29.7,45,28.1,42.1,2019,6,June,4,Tuesday,2,Light Drizzle
2019-06-05 00:00:00,3,0,0,0,4,34.9,19.9,27,41.8,27.7,42.7,2019,6,June,5,Wednesday,2,Overcast
2019-06-06 00:00:00,2,0,0,0,346,51.5,20.1,25.8,41.5,25.8,41.8,2019,6,June,6,Thursday,2,Partly Cloudy
2019-06-07 00:00:00,1,0,0,0,15,24.8,11.5,25.7,42.5,25.6,41.4,2019,6,June,7,Friday,2,Mainly Clear
2019-06-08 00:00:00,3,0,0,0,15,33.8,15.5,26.8,41.4,27.1,41.8,2019,6,June,8,Saturday,2,Overcast
2019-06-09 00:00:00,1,0,0,0,28,24.1,10.7,27.7,44.2,28.1,43.2,2019,6,June,9,Sunday,2,Mainly Clear
2019-06-10 00:00:00,1,0,0,0,170,24.1,10.2,28.6,44.6,28.4,44.5,2019,6,June,10,Monday,2,Mainly Clear
2019-06-11 00:00:00,2,0,0,0,169,36.4,17.1,28.7,43.4,29.8,43.9,2019,6,June,11,Tuesday,2,Partly Cloudy
2019-06-12 00:00:00,2,0,0,0,77,68,31.9,26.3,44.7,29,42.6,2019,6,June,12,Wednesday,2,Partly Cloudy
2019-06-13 00:00:00,1,0,0,0,25,35.6,18.1,26.3,42.9,28.3,42.2,2019,6,June,13,Thursday,2,Mainly Clear
2019-06-14 00:00:00,0,0,0,0,303,37.1,18,26.2,40.8,27.9,42.6,2019,6,June,14,Friday,2,Clear Sky
2019-06-15 00:00:00,63,3.2,3.2,0,293,55.4,21.5,27.2,43.5,28.1,42.6,2019,6,June,15,Saturday,2,Moderate Rain
2019-06-16 00:00:00,3,0,0,0,255,35.6,15.3,30.2,42.1,29.3,40.4,2019,6,June,16,Sunday,2,Overcast
2019-06-17 00:00:00,51,0.2,0.2,0,154,46.8,24.5,25.8,42.6,25.7,40.7,2019,6,June,17,Monday,2,Light Drizzle
2019-06-18 00:00:00,61,1.9,1.9,0,160,42.8,22,26.1,38.3,25.4,34.2,2019,6,June,18,Tuesday,2,Slight Rain
2019-06-19 00:00:00,2,0,0,0,209,21.2,9.6,30.4,41.5,26.8,38.6,2019,6,June,19,Wednesday,2,Partly Cloudy
2019-06-20 00:00:00,53,0.5,0.5,0,179,33.1,15.6,31,40.4,28.3,37.5,2019,6,June,20,Thursday,2,Moderate Drizzle
2019-06-21 00:00:00,1,0,0,0,323,29.5,12.7,30.1,40,26.7,37.5,2019,6,June,21,Friday,2,Mainly Clear
2019-06-22 00:00:00,1,0,0,0,301,25.2,14.4,29.8,42.5,27.7,40.5,2019,6,June,22,Saturday,2,Mainly Clear
2019-06-23 00:00:00,3,0,0,0,129,31.7,15.5,31.5,42.9,29.3,40.6,2019,6,June,23,Sunday,2,Overcast
2019-06-24 00:00:00,53,1.1,1.1,0,355,43.2,22.1,30.7,34.5,27,31.2,2019,6,June,24,Monday,2,Moderate Drizzle
2019-06-25 00:00:00,1,0,0,0,264,25.9,11.5,31.9,41.8,26.9,38.8,2019,6,June,25,Tuesday,2,Mainly Clear
2019-06-26 00:00:00,2,0,0,0,287,35.3,18.7,31.3,42.7,28.6,41,2019,6,June,26,Wednesday,2,Partly Cloudy
2019-06-27 00:00:00,2,0,0,0,257,32.8,16.5,31.3,42.5,28.1,41,2019,6,June,27,Thursday,2,Partly Cloudy
2019-06-28 00:00:00,2,0,0,0,275,33.1,17.9,32.6,45,29.9,41.8,2019,6,June,28,Friday,2,Partly Cloudy
2019-06-29 00:00:00,2,0,0,0,261,56.5,29.9,31.6,45.3,29.5,42.1,2019,6,June,29,Saturday,2,Partly Cloudy
2019-06-30 00:00:00,51,0.1,0.1,0,281,48.2,15.8,32.4,42.6,29.8,40.5,2019,6,June,30,Sunday,2,Light Drizzle
2019-07-01 00:00:00,51,0.1,0.1,0,272,46.1,21.6,32.5,44.8,29.8,41,2019,7,July,1,Monday,3,Light Drizzle
2019-07-02 00:00:00,1,0,0,0,237,24.8,11.4,33.7,45.1,30.8,42.3,2019,7,July,2,Tuesday,3,Mainly Clear
2019-07-03 00:00:00,1,0,0,0,175,26.3,12,34.6,45.8,31.8,41.8,2019,7,July,3,Wednesday,3,Mainly Clear
2019-07-04 00:00:00,3,0,0,0,104,38.2,21.2,35,45.8,30.2,41.9,2019,7,July,4,Thursday,3,Overcast
2019-07-05 00:00:00,61,2.1,2.1,0,111,29.9,16.2,32,43.8,27.5,38.4,2019,7,July,5,Friday,3,Slight Rain
2019-07-06 00:00:00,63,9.8,9.8,0,98,35.6,12.3,31.4,41.8,26.4,35.8,2019,7,July,6,Saturday,3,Moderate Rain
2019-07-07 00:00:00,55,1,1,0,109,26.3,14.1,34,43.9,28.4,36.9,2019,7,July,7,Sunday,3,Dense Drizzle
2019-07-08 00:00:00,51,0.1,0.1,0,102,28.4,16,34.5,45.1,29.4,39.6,2019,7,July,8,Monday,3,Light Drizzle
2019-07-09 00:00:00,51,0.2,0.2,0,95,40.3,21.7,32,42.1,27.9,37,2019,7,July,9,Tuesday,3,Light Drizzle
2019-07-10 00:00:00,61,6,6,0,123,33.8,15.5,32.6,41.5,27.4,35.6,2019,7,July,10,Wednesday,3,Slight Rain
2019-07-11 00:00:00,61,6.5,6.5,0,91,33.8,19.3,31.7,42,26.7,35.9,2019,7,July,11,Thursday,3,Slight Rain
2019-07-12 00:00:00,63,5.9,5.9,0,89,37.4,20.2,30.7,43.5,26.4,37,2019,7,July,12,Friday,3,Moderate Rain
2019-07-13 00:00:00,53,2.8,2.8,0,99,33.8,17.6,30,40.5,25.9,34.1,2019,7,July,13,Saturday,3,Moderate Drizzle
2019-07-14 00:00:00,63,9.7,9.7,0,127,31.7,15.7,29.6,39.3,25.1,32.9,2019,7,July,14,Sunday,3,Moderate Rain
2019-07-15 00:00:00,61,11,11,0,130,32.8,18.7,28.3,38.7,24.2,33.1,2019,7,July,15,Monday,3,Slight Rain
2019-07-16 00:00:00,63,5.3,5.3,0,132,33.5,17.1,27.6,35.9,24.1,31.3,2019,7,July,16,Tuesday,3,Moderate Rain
2019-07-17 00:00:00,3,0,0,0,119,27.4,11.3,29.1,36.4,24.1,32.2,2019,7,July,17,Wednesday,3,Overcast
2019-07-18 00:00:00,63,9.6,9.6,0,135,24.1,10.9,30.4,39.5,25.9,33.3,2019,7,July,18,Thursday,3,Moderate Rain
2019-07-19 00:00:00,63,8.7,8.7,0,107,30.2,14,30.7,38.7,25.7,32.6,2019,7,July,19,Friday,3,Moderate Rain
2019-07-20 00:00:00,51,0.3,0.3,0,110,23,10.7,31.7,40.1,25.8,33.9,2019,7,July,20,Saturday,3,Light Drizzle
2019-07-21 00:00:00,61,3.5,3.5,0,113,35.6,18.1,33.3,41,27,34,2019,7,July,21,Sunday,3,Slight Rain
2019-07-22 00:00:00,61,2.7,2.7,0,120,23.4,9.2,34.5,42.3,27.9,34.8,2019,7,July,22,Monday,3,Slight Rain
2019-07-23 00:00:00,3,0,0,0,154,19.4,7.1,35.3,43.5,28.5,36.2,2019,7,July,23,Tuesday,3,Overcast
2019-07-24 00:00:00,61,3.7,3.7,0,107,42.5,22,30.9,44.2,27,37.9,2019,7,July,24,Wednesday,3,Slight Rain
2019-07-25 00:00:00,63,30.2,30.2,0,112,33.1,18.3,32,36.9,26.3,32,2019,7,July,25,Thursday,3,Moderate Rain
2019-07-26 00:00:00,63,23.2,23.2,0,104,24.1,12.3,31.7,35.9,25.9,29.7,2019,7,July,26,Friday,3,Moderate Rain
2019-07-27 00:00:00,61,8.9,8.9,0,107,38.2,17.9,30.6,36.6,25.9,31.2,2019,7,July,27,Saturday,3,Slight Rain
2019-07-28 00:00:00,63,7.8,7.8,0,66,36.7,16.4,31.1,36.5,25.9,30.8,2019,7,July,28,Sunday,3,Moderate Rain
2019-07-29 00:00:00,51,0.3,0.3,0,91,25.9,9.7,32.1,40.8,26.6,33.7,2019,7,July,29,Monday,3,Light Drizzle
2019-07-30 00:00:00,63,5.3,5.3,0,171,23,13.3,33.9,41.3,27.9,33.9,2019,7,July,30,Tuesday,3,Moderate Rain
2019-07-31 00:00:00,63,7.5,7.5,0,107,28.8,15,31.1,39.2,26,32.3,2019,7,July,31,Wednesday,3,Moderate Rain
2019-08-01 00:00:00,63,13.6,13.6,0,109,28.8,14.5,29.7,39.8,25,33.1,2019,8,August,1,Thursday,3,Moderate Rain
2019-08-02 00:00:00,61,7.5,7.5,0,103,23.4,10.5,30.4,35.5,25.1,29.1,2019,8,August,2,Friday,3,Slight Rain
2019-08-03 00:00:00,51,0.3,0.3,0,114,20.9,9.2,31.7,39,25.7,32.9,2019,8,August,3,Saturday,3,Light Drizzle
2019-08-04 00:00:00,3,0,0,0,125,18.7,9.7,33.7,41.2,27,33.6,2019,8,August,4,Sunday,3,Overcast
2019-08-05 00:00:00,51,0.4,0.4,0,121,19.8,10,34.8,41.6,27.8,34.3,2019,8,August,5,Monday,3,Light Drizzle
2019-08-06 00:00:00,63,7.3,7.3,0,114,33.1,18,33.3,41,27.4,33.9,2019,8,August,6,Tuesday,3,Moderate Rain
2019-08-07 00:00:00,61,6.4,6.4,0,86,26.3,12.7,32,38.5,26.5,32.7,2019,8,August,7,Wednesday,3,Slight Rain
2019-08-08 00:00:00,51,0.1,0.1,0,133,20.2,9.2,34.1,42.7,27.8,34.7,2019,8,August,8,Thursday,3,Light Drizzle
2019-08-09 00:00:00,63,9.7,9.7,0,103,31.7,15.8,30.9,38.9,26.2,32.3,2019,8,August,9,Friday,3,Moderate Rain
2019-08-10 00:00:00,53,1.8,1.8,0,80,48.2,13.4,31.3,36.9,26.5,32,2019,8,August,10,Saturday,3,Moderate Drizzle
2019-08-11 00:00:00,53,1.5,1.5,0,78,24.1,12,33.4,40,27.3,33.1,2019,8,August,11,Sunday,3,Moderate Drizzle
2019-08-12 00:00:00,63,10,10,0,128,32.4,11.4,32.2,40.7,26.4,32.5,2019,8,August,12,Monday,3,Moderate Rain
2019-08-13 00:00:00,61,5.6,5.6,0,121,35.3,15.2,32.5,40.7,26.9,33.2,2019,8,August,13,Tuesday,3,Slight Rain
2019-08-14 00:00:00,53,3,3,0,103,34.9,18.2,34,39.1,26.9,32.3,2019,8,August,14,Wednesday,3,Moderate Drizzle
2019-08-15 00:00:00,53,1.2,1.2,0,114,22,10.7,34,41.5,27.3,34,2019,8,August,15,Thursday,3,Moderate Drizzle
2019-08-16 00:00:00,53,2.9,2.9,0,122,25.2,12.1,32.1,40.6,26.2,32.6,2019,8,August,16,Friday,3,Moderate Drizzle
2019-08-17 00:00:00,53,3.4,3.4,0,66,28.8,14.9,27.1,33.3,23.7,28,2019,8,August,17,Saturday,3,Moderate Drizzle
2019-08-18 00:00:00,51,0.3,0.3,0,158,25.6,11.2,27.2,39.1,23.2,32.7,2019,8,August,18,Sunday,3,Light Drizzle
2019-08-19 00:00:00,53,0.5,0.5,0,100,27,12.9,29.9,38.4,24.7,32.4,2019,8,August,19,Monday,3,Moderate Drizzle
2019-08-20 00:00:00,51,0.1,0.1,0,292,26.6,10.6,29.2,41,25,34.4,2019,8,August,20,Tuesday,3,Light Drizzle
2019-08-21 00:00:00,51,0.1,0.1,0,171,23.4,9.4,30.7,40.7,26.1,35.1,2019,8,August,21,Wednesday,3,Light Drizzle
2019-08-22 00:00:00,1,0,0,0,113,23.4,12.6,32.2,41.6,26.9,35.1,2019,8,August,22,Thursday,3,Mainly Clear
2019-08-23 00:00:00,1,0,0,0,123,20.5,10.2,33.1,42.4,27.2,35.6,2019,8,August,23,Friday,3,Mainly Clear
2019-08-24 00:00:00,3,0,0,0,153,22.3,13,33.4,43.1,27.3,37.6,2019,8,August,24,Saturday,3,Overcast
2019-08-25 00:00:00,51,0.2,0.2,0,120,34.2,18.6,32.7,40.7,26.8,34.1,2019,8,August,25,Sunday,3,Light Drizzle
2019-08-26 00:00:00,3,0,0,0,68,27.7,14.2,31.4,39.8,26.4,34.1,2019,8,August,26,Monday,3,Overcast
2019-08-27 00:00:00,53,1.1,1.1,0,154,20.2,5.6,35.2,42.4,28.3,35.1,2019,8,August,27,Tuesday,3,Moderate Drizzle
2019-08-28 00:00:00,51,0.2,0.2,0,93,19.8,8,34.6,42.4,28,35.6,2019,8,August,28,Wednesday,3,Light Drizzle
2019-08-29 00:00:00,61,1.7,1.7,0,130,26.3,14.4,32.3,43,27.2,36.9,2019,8,August,29,Thursday,3,Slight Rain
2019-08-30 00:00:00,55,2.9,2.9,0,102,30.6,16,32.4,41.4,27.4,34.7,2019,8,August,30,Friday,3,Dense Drizzle
2019-08-31 00:00:00,63,12.3,12.3,0,175,21.2,8.4,32.9,43.1,27,35.4,2019,8,August,31,Saturday,3,Moderate Rain
2019-09-01 00:00:00,63,4.2,4.2,0,109,34.6,17.8,31.8,43,26,35.6,2019,9,September,1,Sunday,3,Moderate Rain
2019-09-02 00:00:00,61,3.1,3.1,0,112,25.9,13.5,31.2,40.9,26.3,33.4,2019,9,September,2,Monday,3,Slight Rain
2019-09-03 00:00:00,53,0.7,0.7,0,192,32.8,16.7,31.5,42.1,27.2,35.6,2019,9,September,3,Tuesday,3,Moderate Drizzle
2019-09-04 00:00:00,51,1.1,1.1,0,134,28.8,17.4,31.6,43.8,27,36.3,2019,9,September,4,Wednesday,3,Light Drizzle
2019-09-05 00:00:00,53,1,1,0,115,34.6,17.1,31.6,41,27,35.1,2019,9,September,5,Thursday,3,Moderate Drizzle
2019-09-06 00:00:00,51,0.3,0.3,0,101,31.3,11.2,33.6,41.5,27.5,35.4,2019,9,September,6,Friday,3,Light Drizzle
2019-09-07 00:00:00,51,0.3,0.3,0,104,21.6,10.9,33.6,42.3,27.5,35.4,2019,9,September,7,Saturday,3,Light Drizzle
2019-09-08 00:00:00,2,0,0,0,138,23.4,9.7,33.1,43.2,27.2,35.7,2019,9,September,8,Sunday,3,Partly Cloudy
2019-09-09 00:00:00,0,0,0,0,217,27.7,9.9,33.5,42.2,27.3,37.3,2019,9,September,9,Monday,3,Clear Sky
2019-09-10 00:00:00,1,0,0,0,170,24.5,12.1,34.3,43,28.9,38.7,2019,9,September,10,Tuesday,3,Mainly Clear
2019-09-11 00:00:00,0,0,0,0,142,21.6,10.1,34.5,44.9,28.8,39.2,2019,9,September,11,Wednesday,3,Clear Sky
2019-09-12 00:00:00,0,0,0,0,121,26.3,15.5,33.7,44.9,28.5,39.5,2019,9,September,12,Thursday,3,Clear Sky
2019-09-13 00:00:00,63,3,3,0,110,31.7,15.6,33.3,42.6,27.7,36.9,2019,9,September,13,Friday,3,Moderate Rain
2019-09-14 00:00:00,51,0.1,0.1,0,129,25.6,12,33.9,42.6,28.1,36,2019,9,September,14,Saturday,3,Light Drizzle
2019-09-15 00:00:00,51,0.1,0.1,0,126,24.8,9.6,32.7,42.1,27.8,36.2,2019,9,September,15,Sunday,3,Light Drizzle
2019-09-16 00:00:00,61,1.7,1.7,0,119,35.3,12.1,32.2,41.2,27,35.4,2019,9,September,16,Monday,3,Slight Rain
2019-09-17 00:00:00,53,1.1,1.1,0,110,38.9,12,30.6,41.5,26,36,2019,9,September,17,Tuesday,3,Moderate Drizzle
2019-09-18 00:00:00,1,0,0,0,114,34.9,16.8,30.9,39.3,26.6,34.5,2019,9,September,18,Wednesday,3,Mainly Clear
2019-09-19 00:00:00,53,0.6,0.6,0,103,42.8,22.1,29.4,36.8,25.7,32.9,2019,9,September,19,Thursday,3,Moderate Drizzle
2019-09-20 00:00:00,51,0.2,0.2,0,61,27.4,15.7,28.2,38,24.9,32.5,2019,9,September,20,Friday,3,Light Drizzle
2019-09-21 00:00:00,1,0,0,0,65,20.9,8.5,29.3,38,24.9,33.4,2019,9,September,21,Saturday,3,Mainly Clear
2019-09-22 00:00:00,51,0.2,0.2,0,100,22.7,13,29.8,38.7,25.7,34.3,2019,9,September,22,Sunday,3,Light Drizzle
2019-09-23 00:00:00,2,0,0,0,85,25.6,12.4,29.4,38.2,25.5,32.9,2019,9,September,23,Monday,3,Partly Cloudy
2019-09-24 00:00:00,51,0.1,0.1,0,103,20.2,10.5,29.4,37.9,25.4,33.5,2019,9,September,24,Tuesday,3,Light Drizzle
2019-09-25 00:00:00,51,0.4,0.4,0,97,26.3,11.9,29.6,39.2,26.1,33.3,2019,9,September,25,Wednesday,3,Light Drizzle
2019-09-26 00:00:00,51,1,1,0,94,26.6,13.8,30.3,38.9,25.8,32.8,2019,9,September,26,Thursday,3,Light Drizzle
2019-09-27 00:00:00,53,1.6,1.6,0,89,30.2,14.5,28,38.3,24.7,32.8,2019,9,September,27,Friday,3,Moderate Drizzle
2019-09-28 00:00:00,63,8.9,8.9,0,108,24.1,12.9,27.8,35.8,24,30.8,2019,9,September,28,Saturday,3,Moderate Rain
2019-09-29 00:00:00,53,1.3,1.3,0,90,24.8,12.1,26.1,32.5,22,29,2019,9,September,29,Sunday,3,Moderate Drizzle
2019-09-30 00:00:00,3,0,0,0,70,21.2,8.6,25.5,33.6,21.9,30.1,2019,9,September,30,Monday,3,Overcast
2019-10-01 00:00:00,3,0,0,0,52,26.6,12.9,25.7,33.1,21.9,29.9,2019,10,October,1,Tuesday,4,Overcast
2019-10-02 00:00:00,2,0,0,0,348,19.1,7.9,26.4,35.2,22.4,30.9,2019,10,October,2,Wednesday,4,Partly Cloudy
2019-10-03 00:00:00,65,13.9,13.9,0,77,51.1,19.6,23.1,34.5,20.5,30.5,2019,10,October,3,Thursday,4,Heavy Rain
2019-10-04 00:00:00,51,0.2,0.2,0,343,27.4,11.6,22.2,31.1,20.7,29.4,2019,10,October,4,Friday,4,Light Drizzle
2019-10-05 00:00:00,3,0,0,0,299,26.3,12.5,21.9,32.3,20.1,30.8,2019,10,October,5,Saturday,4,Overcast
2019-10-06 00:00:00,3,0,0,0,297,26.6,15.4,21.5,30.8,19.7,30,2019,10,October,6,Sunday,4,Overcast
2019-10-07 00:00:00,1,0,0,0,299,21.6,10.7,20.1,31.2,19.7,30.7,2019,10,October,7,Monday,4,Mainly Clear
2019-10-08 00:00:00,0,0,0,0,290,21.6,9.2,20.4,32.4,19.5,31.3,2019,10,October,8,Tuesday,4,Clear Sky
2019-10-09 00:00:00,1,0,0,0,128,20.2,7.7,20.6,34.1,19.3,31.6,2019,10,October,9,Wednesday,4,Mainly Clear
2019-10-10 00:00:00,0,0,0,0,308,17.6,10.5,22.3,34.5,19.9,32.2,2019,10,October,10,Thursday,4,Clear Sky
2019-10-11 00:00:00,2,0,0,0,343,19.4,8.7,22,34.8,20.4,32.5,2019,10,October,11,Friday,4,Partly Cloudy
2019-10-12 00:00:00,1,0,0,0,126,19.1,9,21.8,33.8,20.4,32.9,2019,10,October,12,Saturday,4,Mainly Clear
2019-10-13 00:00:00,1,0,0,0,222,20.5,9,22.4,34.8,20.6,33.4,2019,10,October,13,Sunday,4,Mainly Clear
2019-10-14 00:00:00,1,0,0,0,138,18.4,7.2,23.2,35.4,21.1,33.3,2019,10,October,14,Monday,4,Mainly Clear
2019-10-15 00:00:00,2,0,0,0,95,19.8,12,23.1,35.5,21,33.2,2019,10,October,15,Tuesday,4,Partly Cloudy
2019-10-16 00:00:00,1,0,0,0,87,20.9,10.7,24.5,34.6,21.4,32.5,2019,10,October,16,Wednesday,4,Mainly Clear
2019-10-17 00:00:00,61,2,2,0,67,47.9,17.5,23.5,32.2,21.2,29.5,2019,10,October,17,Thursday,4,Slight Rain
2019-10-18 00:00:00,63,6.3,6.3,0,21,54.7,31.4,17.2,29.8,18.5,28.7,2019,10,October,18,Friday,4,Moderate Rain
2019-10-19 00:00:00,0,0,0,0,331,23.4,10.7,18.5,30.3,18.2,30.8,2019,10,October,19,Saturday,4,Clear Sky
2019-10-20 00:00:00,3,0,0,0,283,23.8,12.1,18.5,29.8,17.9,29.8,2019,10,October,20,Sunday,4,Overcast
2019-10-21 00:00:00,0,0,0,0,299,21.6,10.6,18.1,30.3,17.2,30.3,2019,10,October,21,Monday,4,Clear Sky
2019-10-22 00:00:00,0,0,0,0,300,25.6,13,18.6,31.3,18.5,31.7,2019,10,October,22,Tuesday,4,Clear Sky
2019-10-23 00:00:00,53,0.7,0.7,0,15,27.7,11.5,19.5,32.2,18.6,30.5,2019,10,October,23,Wednesday,4,Moderate Drizzle
2019-10-24 00:00:00,1,0,0,0,348,18.7,9.4,18.2,31.7,17.9,30.8,2019,10,October,24,Thursday,4,Mainly Clear
2019-10-25 00:00:00,2,0,0,0,335,19.4,9.6,18.6,31.6,18.2,30.7,2019,10,October,25,Friday,4,Partly Cloudy
2019-10-26 00:00:00,0,0,0,0,314,21.2,9.4,19,30.8,18.5,30.6,2019,10,October,26,Saturday,4,Clear Sky
2019-10-27 00:00:00,0,0,0,0,289,28.4,14.8,19.4,30.6,18.4,31.3,2019,10,October,27,Sunday,4,Clear Sky
2019-10-28 00:00:00,0,0,0,0,295,23,9.8,20.4,32.2,18.9,31.4,2019,10,October,28,Monday,4,Clear Sky
2019-10-29 00:00:00,3,0,0,0,233,19.4,8.8,20,32.4,18.7,31.6,2019,10,October,29,Tuesday,4,Overcast
2019-10-30 00:00:00,0,0,0,0,289,20.2,9.7,19.7,32.1,18.4,31.5,2019,10,October,30,Wednesday,4,Clear Sky
2019-10-31 00:00:00,3,0,0,0,308,19.4,9.4,19.8,32.4,18.9,31.3,2019,10,October,31,Thursday,4,Overcast
2019-11-01 00:00:00,3,0,0,0,320,45,22.5,20.3,29.3,19,28.2,2019,11,November,1,Friday,4,Overcast
2019-11-02 00:00:00,51,0.2,0.2,0,294,21.2,10.2,20.4,27.9,18.9,28,2019,11,November,2,Saturday,4,Light Drizzle
2019-11-03 00:00:00,51,0.1,0.1,0,356,26.3,12.4,18.6,28.3,17.4,27.3,2019,11,November,3,Sunday,4,Light Drizzle
2019-11-04 00:00:00,0,0,0,0,303,26.6,11.5,18.5,28.6,17.7,29.2,2019,11,November,4,Monday,4,Clear Sky
2019-11-05 00:00:00,0,0,0,0,251,24.5,11,18,29,17.7,29.6,2019,11,November,5,Tuesday,4,Clear Sky
2019-11-06 00:00:00,63,11.2,11.2,0,121,47.9,18.2,16.2,26.8,16.8,26.4,2019,11,November,6,Wednesday,4,Moderate Rain
2019-11-07 00:00:00,63,19.1,19.1,0,79,38.9,21.1,13.2,22.3,14.8,22,2019,11,November,7,Thursday,4,Moderate Rain
2019-11-08 00:00:00,51,0.1,0.1,0,341,23,10.4,12.2,23,13.4,23.5,2019,11,November,8,Friday,4,Light Drizzle
2019-11-09 00:00:00,0,0,0,0,280,19.8,9.7,11.8,25.1,12.9,25.6,2019,11,November,9,Saturday,4,Clear Sky
2019-11-10 00:00:00,3,0,0,0,234,23.8,10,11.9,24.2,12.8,25.3,2019,11,November,10,Sunday,4,Overcast
2019-11-11 00:00:00,3,0,0,0,248,20.9,9.1,13.4,23.7,14.1,24.5,2019,11,November,11,Monday,4,Overcast
2019-11-12 00:00:00,3,0,0,0,259,18.7,8.9,14.2,24.5,14.4,24.9,2019,11,November,12,Tuesday,4,Overcast
2019-11-13 00:00:00,3,0,0,0,321,18.7,8.5,16.1,25.1,15.7,25.5,2019,11,November,13,Wednesday,4,Overcast
2019-11-14 00:00:00,53,1.3,1.3,0,267,21.2,8.7,16.7,24.1,15.7,23.1,2019,11,November,14,Thursday,4,Moderate Drizzle
2019-11-15 00:00:00,55,1.3,1.3,0,17,22.3,9.5,15.9,24.4,15.3,23.6,2019,11,November,15,Friday,4,Dense Drizzle
2019-11-16 00:00:00,55,1.4,1.4,0,338,20.2,12,14.7,26,15.2,24.8,2019,11,November,16,Saturday,4,Dense Drizzle
2019-11-17 00:00:00,1,0,0,0,294,29.9,14.2,13.1,23.7,13.5,25.3,2019,11,November,17,Sunday,4,Mainly Clear
2019-11-18 00:00:00,0,0,0,0,293,21.6,9.4,12.5,24.2,12.8,25.3,2019,11,November,18,Monday,4,Clear Sky
2019-11-19 00:00:00,3,0,0,0,326,21.2,9.8,10.9,22.8,11.8,24.5,2019,11,November,19,Tuesday,4,Overcast
2019-11-20 00:00:00,3,0,0,0,81,16.6,9.1,11,23.4,11.9,23.8,2019,11,November,20,Wednesday,4,Overcast
2019-11-21 00:00:00,3,0,0,0,358,19.1,9.8,12.1,22.5,12.4,22.7,2019,11,November,21,Thursday,4,Overcast
2019-11-22 00:00:00,3,0,0,0,335,22.3,12.3,14,19.1,14.3,20.4,2019,11,November,22,Friday,4,Overcast
2019-11-23 00:00:00,3,0,0,0,310,22.7,9.4,12.5,22.3,12.7,23.3,2019,11,November,23,Saturday,4,Overcast
2019-11-24 00:00:00,2,0,0,0,327,21.2,8.1,12.3,23,12.7,23.9,2019,11,November,24,Sunday,4,Partly Cloudy
2019-11-25 00:00:00,0,0,0,0,103,15.8,9.5,12,22.5,12.8,23.7,2019,11,November,25,Monday,4,Clear Sky
2019-11-26 00:00:00,51,0.5,0.5,0,36,24.8,14.3,12.2,21.6,12.8,23.3,2019,11,November,26,Tuesday,4,Light Drizzle
2019-11-27 00:00:00,53,4.6,4.6,0,65,24.5,11.4,13.3,18.6,13.2,18.1,2019,11,November,27,Wednesday,4,Moderate Drizzle
2019-11-28 00:00:00,51,0.6,0.6,0,41,24.5,12.4,11.1,21,11.6,20.6,2019,11,November,28,Thursday,4,Light Drizzle
2019-11-29 00:00:00,0,0,0,0,355,16.6,8.1,10.2,20.5,10.9,21,2019,11,November,29,Friday,4,Clear Sky
2019-11-30 00:00:00,0,0,0,0,306,22.3,11.1,9.1,20.8,10.6,21.7,2019,11,November,30,Saturday,4,Clear Sky
2019-12-01 00:00:00,0,0,0,0,316,18.7,9.9,7.4,20.4,9.4,22.3,2019,12,December,1,Sunday,4,Clear Sky
2019-12-02 00:00:00,0,0,0,0,335,24.5,11.4,6.5,19.4,9,22.6,2019,12,December,2,Monday,4,Clear Sky
2019-12-03 00:00:00,0,0,0,0,310,18.4,9,5.9,19.8,8.2,22.2,2019,12,December,3,Tuesday,4,Clear Sky
2019-12-04 00:00:00,3,0,0,0,109,15.8,10.1,5.8,21.2,8.2,22.2,2019,12,December,4,Wednesday,4,Overcast
2019-12-05 00:00:00,1,0,0,0,52,15.1,9.7,6.4,20.6,8.2,21.5,2019,12,December,5,Thursday,4,Mainly Clear
2019-12-06 00:00:00,0,0,0,0,342,21.2,10.8,7,19.8,8.9,21.7,2019,12,December,6,Friday,4,Clear Sky
2019-12-07 00:00:00,0,0,0,0,336,16.6,10.9,6.9,20.9,8.5,22.4,2019,12,December,7,Saturday,4,Clear Sky
2019-12-08 00:00:00,3,0,0,0,339,15.8,9,4.8,21.1,7.1,21.9,2019,12,December,8,Sunday,4,Overcast
2019-12-09 00:00:00,3,0,0,0,355,16.6,9,7.4,19.5,8.7,21.2,2019,12,December,9,Monday,4,Overcast
2019-12-10 00:00:00,3,0,0,0,340,16.6,9.3,6.1,18.7,7.9,19.6,2019,12,December,10,Tuesday,4,Overcast
2019-12-11 00:00:00,55,2.2,2.2,0,97,19.1,8.4,6.5,19.6,8.4,20.3,2019,12,December,11,Wednesday,4,Dense Drizzle
2019-12-12 00:00:00,61,20.8,20.8,0,68,42.1,17.7,9.5,14.5,11.8,16.3,2019,12,December,12,Thursday,4,Slight Rain
2019-12-13 00:00:00,3,0,0,0,243,22,10.9,6.9,14.9,8.4,16.7,2019,12,December,13,Friday,4,Overcast
2019-12-14 00:00:00,51,0.6,0.6,0,47,20.2,9.1,7.6,15.8,9.1,17,2019,12,December,14,Saturday,4,Light Drizzle
2019-12-15 00:00:00,2,0,0,0,309,23,9.5,5.9,15.3,8,17,2019,12,December,15,Sunday,4,Partly Cloudy
2019-12-16 00:00:00,0,0,0,0,297,23.8,10.2,5,16.5,7,18.4,2019,12,December,16,Monday,4,Clear Sky
2019-12-17 00:00:00,3,0,0,0,289,23.4,10.5,4,16,6.2,18.3,2019,12,December,17,Tuesday,4,Overcast
2019-12-18 00:00:00,3,0,0,0,112,16.9,8.8,3.5,16.2,5.5,17.7,2019,12,December,18,Wednesday,4,Overcast
2019-12-19 00:00:00,53,0.7,0.7,0,103,15.5,8.3,6.1,16.5,7.7,16.6,2019,12,December,19,Thursday,4,Moderate Drizzle
2019-12-20 00:00:00,53,1.7,1.7,0,358,21.6,8.7,8.3,15.6,9.3,16.6,2019,12,December,20,Friday,4,Moderate Drizzle
2019-12-21 00:00:00,3,0,0,0,311,25.2,10.9,6.4,16,7.9,17.4,2019,12,December,21,Saturday,4,Overcast
2019-12-22 00:00:00,3,0,0,0,304,20.2,9.1,5,15.9,7,17.7,2019,12,December,22,Sunday,4,Overcast
2019-12-23 00:00:00,3,0,0,0,180,15.5,7.6,3.2,16,5,16.7,2019,12,December,23,Monday,4,Overcast
2019-12-24 00:00:00,3,0,0,0,342,19.1,9.4,3.6,12.6,5.9,14.3,2019,12,December,24,Tuesday,4,Overcast
2019-12-25 00:00:00,3,0,0,0,282,20.9,8.9,2.6,12.3,4.8,13.7,2019,12,December,25,Wednesday,4,Overcast
2019-12-26 00:00:00,3,0,0,0,55,17.3,7.9,-0.3,11.5,2.4,12.8,2019,12,December,26,Thursday,4,Overcast
2019-12-27 00:00:00,3,0,0,0,117,14.4,8.3,-0.2,11.7,2,12.5,2019,12,December,27,Friday,4,Overcast
2019-12-28 00:00:00,3,0,0,0,359,15.1,6.6,2.2,9.8,4.4,10.9,2019,12,December,28,Saturday,4,Overcast
2019-12-29 00:00:00,3,0,0,0,343,16.2,9.8,-0.3,9.6,2.4,11.6,2019,12,December,29,Sunday,4,Overcast
2019-12-30 00:00:00,3,0,0,0,94,16.6,8.9,-0.5,10.1,2.1,11.9,2019,12,December,30,Monday,4,Overcast
2019-12-31 00:00:00,3,0,0,0,79,23.4,10.9,0.1,9.4,2.9,11.9,2019,12,December,31,Tuesday,4,Overcast
2020-01-01 00:00:00,3,0,0,0,47,16.6,10.3,1.2,11.9,3.7,13.6,2020,1,January,1,Wednesday,1,Overcast
2020-01-02 00:00:00,3,0,0,0,10,22,9.7,3.7,15.8,5.8,18,2020,1,January,2,Thursday,1,Overcast
2020-01-03 00:00:00,51,0.1,0.1,0,359,17.3,9.6,2.1,16.5,4.8,18.1,2020,1,January,3,Friday,1,Light Drizzle
2020-01-04 00:00:00,51,0.2,0.2,0,128,20.9,9.4,3.2,14.9,5.6,16.7,2020,1,January,4,Saturday,1,Light Drizzle
2020-01-05 00:00:00,51,0.8,0.8,0,5,18,10.7,3.6,14.7,6,15.9,2020,1,January,5,Sunday,1,Light Drizzle
2020-01-06 00:00:00,61,12.9,12.9,0,46,19.1,10.5,7.2,9.1,9.2,10.3,2020,1,January,6,Monday,1,Slight Rain
2020-01-07 00:00:00,53,4.9,4.9,0,26,23.8,7.1,6.4,12,7.9,12.4,2020,1,January,7,Tuesday,1,Moderate Drizzle
2020-01-08 00:00:00,3,0,0,0,313,22.3,10.9,2.4,12.1,5,14.3,2020,1,January,8,Wednesday,1,Overcast
2020-01-09 00:00:00,3,0,0,0,316,21.6,11.1,1.6,13.5,4,15.7,2020,1,January,9,Thursday,1,Overcast
2020-01-10 00:00:00,3,0,0,0,297,27.7,12.9,1.8,13.5,4.6,16.8,2020,1,January,10,Friday,1,Overcast
2020-01-11 00:00:00,51,0.2,0.2,0,335,20.9,12.7,2.3,12.9,4.8,14.9,2020,1,January,11,Saturday,1,Light Drizzle
2020-01-12 00:00:00,51,0.2,0.2,0,315,24.5,14.2,5.9,15.8,8.6,18,2020,1,January,12,Sunday,1,Light Drizzle
2020-01-13 00:00:00,63,16,16,0,129,54.7,19.6,5.2,10.7,7,12.5,2020,1,January,13,Monday,1,Moderate Rain
2020-01-14 00:00:00,3,0,0,0,324,14.8,9.4,1.3,13.3,4.2,14.9,2020,1,January,14,Tuesday,1,Overcast
2020-01-15 00:00:00,3,0,0,0,286,14.8,9.3,1.8,14,4.6,15.7,2020,1,January,15,Wednesday,1,Overcast
2020-01-16 00:00:00,3,0,0,0,141,17.3,9.7,3.4,15.9,5.8,16.9,2020,1,January,16,Thursday,1,Overcast
2020-01-17 00:00:00,3,0,0,0,131,15.8,8.8,4,15.1,5.9,15.9,2020,1,January,17,Friday,1,Overcast
2020-01-18 00:00:00,1,0,0,0,129,24.8,12,4.4,15.3,6.4,17.1,2020,1,January,18,Saturday,1,Mainly Clear
2020-01-19 00:00:00,3,0,0,0,326,18.7,10.3,3.6,16.1,5.6,17.1,2020,1,January,19,Sunday,1,Overcast
2020-01-20 00:00:00,51,0.3,0.3,0,305,21.6,11.5,8.1,15.4,9.7,17.9,2020,1,January,20,Monday,1,Light Drizzle
2020-01-21 00:00:00,51,0.9,0.9,0,51,28.4,14.4,4.6,14,7.5,16.3,2020,1,January,21,Tuesday,1,Light Drizzle
2020-01-22 00:00:00,0,0,0,0,321,29.5,15,4,15.1,6.8,18.1,2020,1,January,22,Wednesday,1,Clear Sky
2020-01-23 00:00:00,1,0,0,0,297,32,15.2,3,14.5,5.9,17.9,2020,1,January,23,Thursday,1,Mainly Clear
2020-01-24 00:00:00,51,0.3,0.3,0,289,26.6,13.1,2.8,16.1,5.5,19.5,2020,1,January,24,Friday,1,Light Drizzle
2020-01-25 00:00:00,51,0.1,0.1,0,75,16.6,9,6,16.9,7.7,18.2,2020,1,January,25,Saturday,1,Light Drizzle
2020-01-26 00:00:00,3,0,0,0,10,16.9,8.1,5,17.9,6.9,19.3,2020,1,January,26,Sunday,1,Overcast
2020-01-27 00:00:00,55,5.4,5.4,0,113,30.6,15.6,5,16.5,7.1,18.1,2020,1,January,27,Monday,1,Dense Drizzle
2020-01-28 00:00:00,61,16.4,16.4,0,132,32.8,17.3,8.3,12.7,9.7,14.1,2020,1,January,28,Tuesday,1,Slight Rain
2020-01-29 00:00:00,55,3.8,3.8,0,108,30.2,15,4.5,15.3,6.6,15.8,2020,1,January,29,Wednesday,1,Dense Drizzle
2020-01-30 00:00:00,3,0,0,0,290,21.6,10.4,3,14.6,5.6,16.2,2020,1,January,30,Thursday,1,Overcast
2020-01-31 00:00:00,2,0,0,0,187,19.8,9.6,2.8,15.5,5.4,17,2020,1,January,31,Friday,1,Partly Cloudy
2020-02-01 00:00:00,51,0.1,0.1,0,299,19.8,9.7,2.9,16,5.2,17.4,2020,2,February,1,Saturday,1,Light Drizzle
2020-02-02 00:00:00,0,0,0,0,294,23.8,11.3,3.5,16.9,6,18.9,2020,2,February,2,Sunday,1,Clear Sky
2020-02-03 00:00:00,0,0,0,0,197,19.1,10.9,3.3,17.6,5.6,18.9,2020,2,February,3,Monday,1,Clear Sky
2020-02-04 00:00:00,53,1,1,0,0,24.5,10.4,3.8,14.2,6.2,15.7,2020,2,February,4,Tuesday,1,Moderate Drizzle
2020-02-05 00:00:00,0,0,0,0,286,25.9,11.8,3.7,15.2,6.1,17.6,2020,2,February,5,Wednesday,1,Clear Sky
2020-02-06 00:00:00,2,0,0,0,210,16.9,9,3.2,16.1,5.5,17.5,2020,2,February,6,Thursday,1,Partly Cloudy
2020-02-07 00:00:00,0,0,0,0,298,17.6,10.9,2.7,17.6,5.2,18.7,2020,2,February,7,Friday,1,Clear Sky
2020-02-08 00:00:00,0,0,0,0,335,20.2,9.8,3.3,17.9,6,19.5,2020,2,February,8,Saturday,1,Clear Sky
2020-02-09 00:00:00,3,0,0,0,300,19.8,9.8,4.4,19.6,6.9,20.8,2020,2,February,9,Sunday,1,Overcast
2020-02-10 00:00:00,3,0,0,0,266,25.2,11.2,3.9,18.9,6.5,21,2020,2,February,10,Monday,1,Overcast
2020-02-11 00:00:00,3,0,0,0,323,23,10.6,5.6,20.1,7.6,21.5,2020,2,February,11,Tuesday,1,Overcast
2020-02-12 00:00:00,51,0.3,0.3,0,312,33.8,18.2,8.7,20.1,10.2,22.4,2020,2,February,12,Wednesday,1,Light Drizzle
2020-02-13 00:00:00,3,0,0,0,286,33.5,17,8.4,21.9,11.3,24,2020,2,February,13,Thursday,1,Overcast
2020-02-14 00:00:00,0,0,0,0,295,36.7,18.9,6.9,20.2,10.3,23.3,2020,2,February,14,Friday,1,Clear Sky
2020-02-15 00:00:00,3,0,0,0,291,32.4,16.3,6.8,22.2,9.5,26.1,2020,2,February,15,Saturday,1,Overcast
2020-02-16 00:00:00,3,0,0,0,337,21.2,11.2,6.4,23.8,8.8,25.4,2020,2,February,16,Sunday,1,Overcast
2020-02-17 00:00:00,3,0,0,0,312,31.3,14.8,4.8,22.1,8,26,2020,2,February,17,Monday,1,Overcast
2020-02-18 00:00:00,2,0,0,0,267,22,13.1,5.2,23.8,8.1,26.6,2020,2,February,18,Tuesday,1,Partly Cloudy
2020-02-19 00:00:00,53,1.2,1.2,0,108,47.9,25.3,8.1,20,11.1,23.8,2020,2,February,19,Wednesday,1,Moderate Drizzle
2020-02-20 00:00:00,55,3.9,3.9,0,58,63,30.5,12.2,19.4,12.3,20.9,2020,2,February,20,Thursday,1,Dense Drizzle
2020-02-21 00:00:00,51,0.5,0.5,0,104,36.7,18.5,9.3,20.4,10.4,21.6,2020,2,February,21,Friday,1,Light Drizzle
2020-02-22 00:00:00,0,0,0,0,309,16.6,10.4,10.7,23.9,11,23.7,2020,2,February,22,Saturday,1,Clear Sky
2020-02-23 00:00:00,3,0,0,0,319,22.7,10.5,10.2,24.5,11.8,25.1,2020,2,February,23,Sunday,1,Overcast
2020-02-24 00:00:00,3,0,0,0,312,23.8,12,10.7,24.7,12,25.6,2020,2,February,24,Monday,1,Overcast
2020-02-25 00:00:00,1,0,0,0,330,26.6,13.8,11.5,25.9,12.6,26.8,2020,2,February,25,Tuesday,1,Mainly Clear
2020-02-26 00:00:00,3,0,0,0,8,26.6,12.5,11.6,26.5,12.5,27.4,2020,2,February,26,Wednesday,1,Overcast
2020-02-27 00:00:00,3,0,0,0,111,23,13.7,14.8,27.3,15.1,26.5,2020,2,February,27,Thursday,1,Overcast
2020-02-28 00:00:00,65,11.2,11.2,0,86,57.6,23.3,13.4,25,14.9,25.1,2020,2,February,28,Friday,1,Heavy Rain
2020-02-29 00:00:00,63,12.9,12.9,0,89,52.9,20.6,12.7,21.6,13.8,21.7,2020,2,February,29,Saturday,1,Moderate Rain
2020-03-01 00:00:00,1,0,0,0,39,28.4,13.7,11.7,24.9,12.5,23.2,2020,3,March,1,Sunday,1,Mainly Clear
2020-03-02 00:00:00,1,0,0,0,319,18.7,10,11.3,25.5,12.4,24.5,2020,3,March,2,Monday,1,Mainly Clear
2020-03-03 00:00:00,2,0,0,0,257,21.2,11.1,12.3,25.6,12.8,25.1,2020,3,March,3,Tuesday,1,Partly Cloudy
2020-03-04 00:00:00,51,0.4,0.4,0,85,25.2,13.2,12.4,25.1,12.7,24.7,2020,3,March,4,Wednesday,1,Light Drizzle
2020-03-05 00:00:00,63,16.5,16.5,0,75,42.5,24.3,11.8,18.7,13.3,19.7,2020,3,March,5,Thursday,1,Moderate Rain
2020-03-06 00:00:00,63,22.5,22.5,0,89,50,28.7,11.3,16,12.1,17.2,2020,3,March,6,Friday,1,Moderate Rain
2020-03-07 00:00:00,51,1,1,0,112,33.8,17.1,10.5,17.7,11.9,18.6,2020,3,March,7,Saturday,1,Light Drizzle
2020-03-08 00:00:00,3,0,0,0,22,25.6,13,9.1,22.6,11.2,21.5,2020,3,March,8,Sunday,1,Overcast
2020-03-09 00:00:00,0,0,0,0,302,33.1,16.4,8.4,20.8,10,22.7,2020,3,March,9,Monday,1,Clear Sky
2020-03-10 00:00:00,3,0,0,0,78,27,16.3,9.3,23.9,10.5,22.9,2020,3,March,10,Tuesday,1,Overcast
2020-03-11 00:00:00,63,19.9,19.9,0,99,41,24,9.6,18.2,12,19.8,2020,3,March,11,Wednesday,1,Moderate Rain
2020-03-12 00:00:00,63,12.5,12.5,0,114,56.2,30.8,10.7,20.3,12.5,22.7,2020,3,March,12,Thursday,1,Moderate Rain
2020-03-13 00:00:00,63,10.5,10.5,0,63,38.2,21.5,9,20.9,11.7,20.2,2020,3,March,13,Friday,1,Moderate Rain
2020-03-14 00:00:00,53,2,2,0,57,28.4,14.8,9.8,19.3,10.5,19.2,2020,3,March,14,Saturday,1,Moderate Drizzle
2020-03-15 00:00:00,3,0,0,0,277,19.4,9.7,9.5,22.8,10.4,21.8,2020,3,March,15,Sunday,1,Overcast
2020-03-16 00:00:00,3,0,0,0,293,17.3,9,11.7,24.5,12.4,23.3,2020,3,March,16,Monday,1,Overcast
2020-03-17 00:00:00,3,0,0,0,296,24.5,11.1,12.9,26.5,13.5,25.7,2020,3,March,17,Tuesday,1,Overcast
2020-03-18 00:00:00,51,0.5,0.5,0,293,25.6,11.6,14.2,27,14.4,25.2,2020,3,March,18,Wednesday,1,Light Drizzle
2020-03-19 00:00:00,3,0,0,0,32,21.6,9,14,28.3,14.1,25.8,2020,3,March,19,Thursday,1,Overcast
2020-03-20 00:00:00,3,0,0,0,18,24.8,11.8,15.6,28.8,15.3,25.8,2020,3,March,20,Friday,1,Overcast
2020-03-21 00:00:00,51,0.1,0.1,0,19,31,14.4,13,27.1,14.3,25.7,2020,3,March,21,Saturday,1,Light Drizzle
2020-03-22 00:00:00,3,0,0,0,333,25.2,10.3,13.6,27.5,14.6,26.8,2020,3,March,22,Sunday,1,Overcast
2020-03-23 00:00:00,55,1.7,1.7,0,336,29.9,16.4,14.3,29.5,14.6,27.6,2020,3,March,23,Monday,1,Dense Drizzle
2020-03-24 00:00:00,53,3,3,0,64,41.4,17.1,14.8,24.8,14.9,24,2020,3,March,24,Tuesday,1,Moderate Drizzle
2020-03-25 00:00:00,3,0,0,0,359,21.6,11.7,14.5,28.5,14.9,26.6,2020,3,March,25,Wednesday,1,Overcast
2020-03-26 00:00:00,61,3.4,3.4,0,290,28.8,15.2,16.2,26.2,16.5,25.9,2020,3,March,26,Thursday,1,Slight Rain
2020-03-27 00:00:00,63,17,17,0,173,55.1,28.6,14,20.5,14.1,20.3,2020,3,March,27,Friday,1,Moderate Rain
2020-03-28 00:00:00,53,1.4,1.4,0,76,34.2,15.3,13.8,25.1,14.4,23.9,2020,3,March,28,Saturday,1,Moderate Drizzle
2020-03-29 00:00:00,3,0,0,0,318,29.5,14,14,26.3,14.3,25.7,2020,3,March,29,Sunday,1,Overcast
2020-03-30 00:00:00,3,0,0,0,323,26.6,12.6,14.6,27.5,15,27,2020,3,March,30,Monday,1,Overcast
2020-03-31 00:00:00,53,2.5,2.5,0,23,38.5,20,13.4,25,14.7,24.7,2020,3,March,31,Tuesday,1,Moderate Drizzle
2020-04-01 00:00:00,51,0.4,0.4,0,341,32.8,19.1,12.9,28.3,14.2,27,2020,4,April,1,Wednesday,2,Light Drizzle
2020-04-02 00:00:00,0,0,0,0,339,28.1,15.3,13,26.9,14,26.6,2020,4,April,2,Thursday,2,Clear Sky
2020-04-03 00:00:00,3,0,0,0,313,30.6,14.1,13.4,27.1,14,27.6,2020,4,April,3,Friday,2,Overcast
2020-04-04 00:00:00,3,0,0,0,331,22.7,10.5,14.3,30.2,15,29.1,2020,4,April,4,Saturday,2,Overcast
2020-04-05 00:00:00,3,0,0,0,29,32,18,16.1,31.2,15.9,28.2,2020,4,April,5,Sunday,2,Overcast
2020-04-06 00:00:00,3,0,0,0,328,28.8,12.9,16.9,29.5,16.4,29,2020,4,April,6,Monday,2,Overcast
2020-04-07 00:00:00,61,2.7,2.7,0,326,45,23.5,15,28.4,15.1,27.8,2020,4,April,7,Tuesday,2,Slight Rain
2020-04-08 00:00:00,3,0,0,0,344,22.7,10.5,15.3,29.5,15.3,28.5,2020,4,April,8,Wednesday,2,Overcast
2020-04-09 00:00:00,3,0,0,0,315,24.5,13,16.1,30.9,16.2,30.7,2020,4,April,9,Thursday,2,Overcast
2020-04-10 00:00:00,3,0,0,0,347,33.8,17.3,18.9,31.5,18.9,30.8,2020,4,April,10,Friday,2,Overcast
2020-04-11 00:00:00,3,0,0,0,324,24.5,11,19,33.8,18.5,33.1,2020,4,April,11,Saturday,2,Overcast
2020-04-12 00:00:00,3,0,0,0,338,27.7,12,19.8,34.8,19.6,34.8,2020,4,April,12,Sunday,2,Overcast
2020-04-13 00:00:00,51,0.1,0.1,0,347,28.1,14,23.1,37.3,21.6,36.4,2020,4,April,13,Monday,2,Light Drizzle
2020-04-14 00:00:00,3,0,0,0,108,44.3,23.6,22.2,37.3,22.3,35.8,2020,4,April,14,Tuesday,2,Overcast
2020-04-15 00:00:00,51,0.1,0.1,0,50,42.1,21.4,22.1,36.6,21.6,35.8,2020,4,April,15,Wednesday,2,Light Drizzle
2020-04-16 00:00:00,3,0,0,0,296,24.5,15.2,21.9,34.8,21.1,35.2,2020,4,April,16,Thursday,2,Overcast
2020-04-17 00:00:00,61,12.9,12.9,0,66,44.3,19.5,17.3,27,17.2,26.9,2020,4,April,17,Friday,2,Slight Rain
2020-04-18 00:00:00,55,1.6,1.6,0,15,44.3,23.7,17.1,31.2,16.9,29,2020,4,April,18,Saturday,2,Dense Drizzle
2020-04-19 00:00:00,51,0.1,0.1,0,352,53.6,18.2,18.5,31.5,17.6,30.5,2020,4,April,19,Sunday,2,Light Drizzle
2020-04-20 00:00:00,51,0.1,0.1,0,23,36.4,19.8,18.5,31.4,17.5,29.9,2020,4,April,20,Monday,2,Light Drizzle
2020-04-21 00:00:00,51,0.5,0.5,0,354,33.1,14.1,18.9,31.4,18,30.1,2020,4,April,21,Tuesday,2,Light Drizzle
2020-04-22 00:00:00,3,0,0,0,25,23.8,11.2,19.7,32.8,18.6,31.9,2020,4,April,22,Wednesday,2,Overcast
2020-04-23 00:00:00,1,0,0,0,23,26.3,9.8,21.8,34.7,21.3,33.7,2020,4,April,23,Thursday,2,Mainly Clear
2020-04-24 00:00:00,2,0,0,0,62,22.7,10.2,21.2,36.1,20.8,34.9,2020,4,April,24,Friday,2,Partly Cloudy
2020-04-25 00:00:00,3,0,0,0,356,24.8,10.9,22.6,33.1,21.3,33.6,2020,4,April,25,Saturday,2,Overcast
2020-04-26 00:00:00,61,2.3,2.3,0,84,42.8,24.6,21,33.7,20.9,31.8,2020,4,April,26,Sunday,2,Slight Rain
2020-04-27 00:00:00,55,1.5,1.5,0,93,52.9,27.8,20.3,31.2,20.1,29.9,2020,4,April,27,Monday,2,Dense Drizzle
2020-04-28 00:00:00,53,0.7,0.7,0,27,33.1,14.7,21.6,34.4,20.5,31.6,2020,4,April,28,Tuesday,2,Moderate Drizzle
2020-04-29 00:00:00,3,0,0,0,356,23,8.5,24,37.7,22.2,35.5,2020,4,April,29,Wednesday,2,Overcast
2020-04-30 00:00:00,3,0,0,0,8,35.6,19.9,22,38.5,22.2,36.5,2020,4,April,30,Thursday,2,Overcast
2020-05-01 00:00:00,3,0,0,0,28,35.6,10.4,25,40,24.4,39.8,2020,5,May,1,Friday,2,Overcast
2020-05-02 00:00:00,61,1.9,1.9,0,71,56.2,24.6,21.2,38.2,21.3,37.2,2020,5,May,2,Saturday,2,Slight Rain
2020-05-03 00:00:00,53,1.4,1.4,0,26,42.5,23.5,20.9,34.8,21.1,34.3,2020,5,May,3,Sunday,2,Moderate Drizzle
2020-05-04 00:00:00,3,0,0,0,353,25.6,12.3,22.7,36.2,20,33.1,2020,5,May,4,Monday,2,Overcast
2020-05-05 00:00:00,3,0,0,0,349,31,17.3,23.1,35.5,22.7,34.3,2020,5,May,5,Tuesday,2,Overcast
2020-05-06 00:00:00,3,0,0,0,68,50,15.9,20.2,34.1,19.6,33.5,2020,5,May,6,Wednesday,2,Overcast
2020-05-07 00:00:00,3,0,0,0,30,22.3,11.8,20.2,36.4,19.6,35.3,2020,5,May,7,Thursday,2,Overcast
2020-05-08 00:00:00,3,0,0,0,319,27,11.2,24.8,38.5,23.7,37.9,2020,5,May,8,Friday,2,Overcast
2020-05-09 00:00:00,3,0,0,0,68,63.4,34.2,25.2,40.2,24.1,38.9,2020,5,May,9,Saturday,2,Overcast
2020-05-10 00:00:00,3,0,0,0,82,62.6,34.5,24.7,39.5,24.8,38.2,2020,5,May,10,Sunday,2,Overcast
2020-05-11 00:00:00,3,0,0,0,86,41.4,22.5,24.7,37.4,24,36.8,2020,5,May,11,Monday,2,Overcast
2020-05-12 00:00:00,3,0,0,0,346,33.5,16.8,25.3,39.1,23.4,35.8,2020,5,May,12,Tuesday,2,Overcast
2020-05-13 00:00:00,3,0,0,0,99,27.4,10.7,26.2,36.5,24.6,34.1,2020,5,May,13,Wednesday,2,Overcast
2020-05-14 00:00:00,53,1.1,1.1,0,4,41.8,22.6,21.5,34.4,21.5,32.1,2020,5,May,14,Thursday,2,Moderate Drizzle
2020-05-15 00:00:00,1,0,0,0,312,34.9,16.7,22.3,36.4,20.7,36.1,2020,5,May,15,Friday,2,Mainly Clear
2020-05-16 00:00:00,2,0,0,0,309,34.6,17.6,23.2,38.9,22.3,37.1,2020,5,May,16,Saturday,2,Partly Cloudy
2020-05-17 00:00:00,3,0,0,0,341,30.2,17.2,22.4,37.8,23.1,38.3,2020,5,May,17,Sunday,2,Overcast
2020-05-18 00:00:00,1,0,0,0,352,35.3,13,21,37.2,22.5,38.2,2020,5,May,18,Monday,2,Mainly Clear
2020-05-19 00:00:00,51,0.1,0.1,0,345,38.5,18.8,21.3,34.9,22.4,34.4,2020,5,May,19,Tuesday,2,Light Drizzle
2020-05-20 00:00:00,0,0,0,0,311,32,16,21.7,37.5,22.2,39,2020,5,May,20,Wednesday,2,Clear Sky
2020-05-21 00:00:00,0,0,0,0,301,37.1,18,23.1,38.4,24.2,41.9,2020,5,May,21,Thursday,2,Clear Sky
2020-05-22 00:00:00,2,0,0,0,72,15.5,9.4,24.7,43.1,25,42.2,2020,5,May,22,Friday,2,Partly Cloudy
2020-05-23 00:00:00,3,0,0,0,86,42.8,19.4,26.1,41.4,26.4,42.8,2020,5,May,23,Saturday,2,Overcast
2020-05-24 00:00:00,1,0,0,0,323,30.2,15,26.3,41.6,26.1,41,2020,5,May,24,Sunday,2,Mainly Clear
2020-05-25 00:00:00,1,0,0,0,315,36.4,17.9,25.8,42.1,26.4,43.3,2020,5,May,25,Monday,2,Mainly Clear
2020-05-26 00:00:00,1,0,0,0,337,32.8,13.3,27.2,43.6,26.6,43.7,2020,5,May,26,Tuesday,2,Mainly Clear
2020-05-27 00:00:00,3,0,0,0,82,60.8,30.9,27.4,44,26.8,43.3,2020,5,May,27,Wednesday,2,Overcast
2020-05-28 00:00:00,51,0.2,0.2,0,93,74.2,38.7,25.9,42.2,27.5,40.5,2020,5,May,28,Thursday,2,Light Drizzle
2020-05-29 00:00:00,63,7.5,7.5,0,112,55.4,29.6,24.3,36.4,22.9,35.5,2020,5,May,29,Friday,2,Moderate Rain
2020-05-30 00:00:00,63,7.7,7.7,0,88,33.8,17.4,25.3,35.7,22.9,31.9,2020,5,May,30,Saturday,2,Moderate Rain
2020-05-31 00:00:00,61,1.9,1.9,0,98,36.4,17.9,24.6,33.3,22.2,30.2,2020,5,May,31,Sunday,2,Slight Rain
2020-06-01 00:00:00,1,0,0,0,73,25.2,12.5,23.9,35,22,31.9,2020,6,June,1,Monday,2,Mainly Clear
2020-06-02 00:00:00,3,0,0,0,359,25.2,10.2,26.3,37.3,23.8,33,2020,6,June,2,Tuesday,2,Overcast
2020-06-03 00:00:00,53,0.8,0.8,0,28,40.7,10.4,26.8,37.4,24.2,34.8,2020,6,June,3,Wednesday,2,Moderate Drizzle
2020-06-04 00:00:00,3,0,0,0,358,28.4,13.2,27.1,38.4,24.8,35.3,2020,6,June,4,Thursday,2,Overcast
2020-06-05 00:00:00,51,0.1,0.1,0,122,29.2,17.1,25.5,38.3,24.8,35.4,2020,6,June,5,Friday,2,Light Drizzle
2020-06-06 00:00:00,53,0.9,0.9,0,74,42.8,22.9,25.6,34.9,23.5,32.9,2020,6,June,6,Saturday,2,Moderate Drizzle
2020-06-07 00:00:00,53,1.1,1.1,0,45,22.7,9.1,26.1,38.7,23.8,35,2020,6,June,7,Sunday,2,Moderate Drizzle
2020-06-08 00:00:00,0,0,0,0,84,24.1,11,28.3,41.1,25.6,37.5,2020,6,June,8,Monday,2,Clear Sky
2020-06-09 00:00:00,51,0.3,0.3,0,74,40,18.4,30.4,42.8,27.4,38.3,2020,6,June,9,Tuesday,2,Light Drizzle
2020-06-10 00:00:00,51,0.3,0.3,0,73,32,12.4,31.3,42.1,27.4,38.3,2020,6,June,10,Wednesday,2,Light Drizzle
2020-06-11 00:00:00,3,0,0,0,73,35.6,16.3,31,42.2,27.6,38.7,2020,6,June,11,Thursday,2,Overcast
2020-06-12 00:00:00,2,0,0,0,51,32,17.5,30.7,43.3,27.7,39.7,2020,6,June,12,Friday,2,Partly Cloudy
2020-06-13 00:00:00,3,0,0,0,25,42.8,21.3,29.2,38.5,27.4,38.2,2020,6,June,13,Saturday,2,Overcast
2020-06-14 00:00:00,1,0,0,0,317,29.9,14.1,30,41.8,27.6,39.9,2020,6,June,14,Sunday,2,Mainly Clear
2020-06-15 00:00:00,1,0,0,0,353,28.1,13.3,27.3,43.2,26.6,41.2,2020,6,June,15,Monday,2,Mainly Clear
2020-06-16 00:00:00,1,0,0,0,107,25.9,13.4,28.3,44.2,27.4,42,2020,6,June,16,Tuesday,2,Mainly Clear
2020-06-17 00:00:00,1,0,0,0,107,27,12.5,30.5,43.9,28.4,42.4,2020,6,June,17,Wednesday,2,Mainly Clear
2020-06-18 00:00:00,1,0,0,0,65,26.6,13.2,31.2,45,29.4,42.6,2020,6,June,18,Thursday,2,Mainly Clear
2020-06-19 00:00:00,3,0,0,0,93,43.2,23.7,34.3,43.7,30.8,41.5,2020,6,June,19,Friday,2,Overcast
2020-06-20 00:00:00,2,0,0,0,92,37.4,18.6,32.4,44.8,29.5,40.3,2020,6,June,20,Saturday,2,Partly Cloudy
2020-06-21 00:00:00,2,0,0,0,113,50.4,25.7,31.9,45.2,30.5,42.1,2020,6,June,21,Sunday,2,Partly Cloudy
2020-06-22 00:00:00,1,0,0,0,126,38.2,20.8,32.4,44.6,29.2,39.9,2020,6,June,22,Monday,2,Mainly Clear
2020-06-23 00:00:00,1,0,0,0,116,34.6,17.7,34.1,44.2,30.2,39.2,2020,6,June,23,Tuesday,2,Mainly Clear
2020-06-24 00:00:00,2,0,0,0,103,31.7,16.5,32.8,41.6,28.6,36,2020,6,June,24,Wednesday,2,Partly Cloudy
2020-06-25 00:00:00,63,5.7,5.7,0,350,25.6,11,32.3,41.3,26.5,34.8,2020,6,June,25,Thursday,2,Moderate Rain
2020-06-26 00:00:00,51,0.5,0.5,0,204,29.2,10.5,32.6,41.6,28,37,2020,6,June,26,Friday,2,Light Drizzle
2020-06-27 00:00:00,51,0.9,0.9,0,58,31.3,13,33.8,45.2,28.7,38.9,2020,6,June,27,Saturday,2,Light Drizzle
2020-06-28 00:00:00,53,0.9,0.9,0,92,49.7,23.4,31.5,45.4,28.1,40,2020,6,June,28,Sunday,2,Moderate Drizzle
2020-06-29 00:00:00,63,9,9,0,80,53.3,18.6,31.1,44.7,27.5,39.1,2020,6,June,29,Monday,2,Moderate Rain
2020-06-30 00:00:00,3,0,0,0,119,26.6,13.5,34.3,43.6,28.9,37.4,2020,6,June,30,Tuesday,2,Overcast
2020-07-01 00:00:00,63,5.2,5.2,0,168,42.1,10.9,35.6,44,29.4,37,2020,7,July,1,Wednesday,3,Moderate Rain
2020-07-02 00:00:00,0,0,0,0,264,27.4,12.9,35.3,45.6,29.8,40.8,2020,7,July,2,Thursday,3,Clear Sky
2020-07-03 00:00:00,2,0,0,0,128,30.2,17.8,35.3,47.5,30.9,43.3,2020,7,July,3,Friday,3,Partly Cloudy
2020-07-04 00:00:00,63,13.3,13.3,0,115,42.1,20.8,31,44.6,26.7,41.2,2020,7,July,4,Saturday,3,Moderate Rain
2020-07-05 00:00:00,63,5,5,0,108,32.8,15,29.4,39.2,25.3,33.7,2020,7,July,5,Sunday,3,Moderate Rain
2020-07-06 00:00:00,3,0,0,0,91,15.8,8.9,31.6,40.9,26.8,35.1,2020,7,July,6,Monday,3,Overcast
2020-07-07 00:00:00,2,0,0,0,123,28.1,13.8,32.5,42,28.3,36.3,2020,7,July,7,Tuesday,3,Partly Cloudy
2020-07-08 00:00:00,51,0.3,0.3,0,106,40.7,21,31.1,36.4,27.1,32.9,2020,7,July,8,Wednesday,3,Light Drizzle
2020-07-09 00:00:00,3,0,0,0,121,23.8,8.9,32.9,42.7,27.1,36.4,2020,7,July,9,Thursday,3,Overcast
2020-07-10 00:00:00,2,0,0,0,208,33.5,18.1,33.8,43.1,29.1,38.7,2020,7,July,10,Friday,3,Partly Cloudy
2020-07-11 00:00:00,63,6.7,6.7,0,136,28.4,16.6,31.6,43.8,26.5,38.3,2020,7,July,11,Saturday,3,Moderate Rain
2020-07-12 00:00:00,61,1.3,1.3,0,135,30.6,16.9,31.2,41.8,26.8,35.1,2020,7,July,12,Sunday,3,Slight Rain
2020-07-13 00:00:00,2,0,0,0,220,19.1,6.4,31,41.6,25.4,35.6,2020,7,July,13,Monday,3,Partly Cloudy
2020-07-14 00:00:00,1,0,0,0,160,22,11.8,32.9,43.8,27.9,37.6,2020,7,July,14,Tuesday,3,Mainly Clear
2020-07-15 00:00:00,53,0.8,0.8,0,117,31.7,17.3,33.5,44.5,28.8,38,2020,7,July,15,Wednesday,3,Moderate Drizzle
2020-07-16 00:00:00,55,1,1,0,91,29.2,14,33.7,42.1,27.9,35.9,2020,7,July,16,Thursday,3,Dense Drizzle
2020-07-17 00:00:00,51,0.3,0.3,0,96,32,14.5,33.8,42.1,28.2,35.7,2020,7,July,17,Friday,3,Light Drizzle
2020-07-18 00:00:00,63,3.8,3.8,0,109,28.1,13.1,34.5,43,28.9,35.9,2020,7,July,18,Saturday,3,Moderate Rain
2020-07-19 00:00:00,55,1.5,1.5,0,125,27,12.4,34.4,44.2,28.1,37.3,2020,7,July,19,Sunday,3,Dense Drizzle
2020-07-20 00:00:00,63,11.9,11.9,0,144,37.4,14.5,29.9,40.1,25.6,34.7,2020,7,July,20,Monday,3,Moderate Rain
2020-07-21 00:00:00,61,5.6,5.6,0,134,35.3,17.9,28.5,33.1,23.6,28.4,2020,7,July,21,Tuesday,3,Slight Rain
2020-07-22 00:00:00,51,0.2,0.2,0,82,21.6,10.5,29,37.1,24.4,32.3,2020,7,July,22,Wednesday,3,Light Drizzle
2020-07-23 00:00:00,1,0,0,0,150,21.2,12,30.1,40.1,24.8,34.7,2020,7,July,23,Thursday,3,Mainly Clear
2020-07-24 00:00:00,51,0.2,0.2,0,118,29.9,15.2,31.3,41.6,26.9,34.6,2020,7,July,24,Friday,3,Light Drizzle
2020-07-25 00:00:00,3,0,0,0,119,30.2,13.7,32.8,40.5,27.7,34.7,2020,7,July,25,Saturday,3,Overcast
2020-07-26 00:00:00,51,0.1,0.1,0,126,28.4,13.2,33.3,41.9,27.9,35.1,2020,7,July,26,Sunday,3,Light Drizzle
2020-07-27 00:00:00,61,1.8,1.8,0,242,22,7.7,34.6,43.4,28.1,36.5,2020,7,July,27,Monday,3,Slight Rain
2020-07-28 00:00:00,2,0,0,0,120,22.3,10.9,35.4,45.4,29.4,39.4,2020,7,July,28,Tuesday,3,Partly Cloudy
2020-07-29 00:00:00,53,0.7,0.7,0,117,36.7,20.3,31.4,44.6,27.3,38.9,2020,7,July,29,Wednesday,3,Moderate Drizzle
2020-07-30 00:00:00,63,7.7,7.7,0,119,35.6,18,30.9,39.3,26.5,34.1,2020,7,July,30,Thursday,3,Moderate Rain
2020-07-31 00:00:00,63,14.1,14.1,0,113,31,15.6,31.4,41.6,27.1,34.8,2020,7,July,31,Friday,3,Moderate Rain
2020-08-01 00:00:00,51,0.2,0.2,0,112,30.6,14.3,32.9,42.5,27.3,34.7,2020,8,August,1,Saturday,3,Light Drizzle
2020-08-02 00:00:00,51,0.5,0.5,0,205,30.2,10.4,34.3,43.2,28.2,37,2020,8,August,2,Sunday,3,Light Drizzle
2020-08-03 00:00:00,51,0.1,0.1,0,115,24.5,12.8,35.1,45.4,29,38.2,2020,8,August,3,Monday,3,Light Drizzle
2020-08-04 00:00:00,1,0,0,0,104,21.2,10.1,33.8,45.2,27.8,38.2,2020,8,August,4,Tuesday,3,Mainly Clear
2020-08-05 00:00:00,1,0,0,0,92,32,17.3,35.6,44.5,29.2,38.1,2020,8,August,5,Wednesday,3,Mainly Clear
2020-08-06 00:00:00,3,0,0,0,104,28.4,13,34.9,40.5,28.7,35.2,2020,8,August,6,Thursday,3,Overcast
2020-08-07 00:00:00,2,0,0,0,117,37.4,20,34.4,40,29.1,36,2020,8,August,7,Friday,3,Partly Cloudy
2020-08-08 00:00:00,63,11.4,11.4,0,134,18.7,8.1,34.4,43.1,28,36.7,2020,8,August,8,Saturday,3,Moderate Rain
2020-08-09 00:00:00,63,14,14,0,104,27.4,11.5,35.5,42.4,28.8,34.1,2020,8,August,9,Sunday,3,Moderate Rain
2020-08-10 00:00:00,63,9.3,9.3,0,110,31.3,13.7,33.2,41.4,27.4,34.2,2020,8,August,10,Monday,3,Moderate Rain
2020-08-11 00:00:00,53,3.4,3.4,0,166,24.1,14,33.4,42.6,27.5,34.3,2020,8,August,11,Tuesday,3,Moderate Drizzle
2020-08-12 00:00:00,53,1.1,1.1,0,135,33.5,19.1,31.7,44.6,27.3,37,2020,8,August,12,Wednesday,3,Moderate Drizzle
2020-08-13 00:00:00,51,0.5,0.5,0,117,38.2,19.8,31.6,41,27.1,35.5,2020,8,August,13,Thursday,3,Light Drizzle
2020-08-14 00:00:00,53,1.3,1.3,0,109,36,17.1,32,40.7,27.2,35.5,2020,8,August,14,Friday,3,Moderate Drizzle
2020-08-15 00:00:00,51,0.6,0.6,0,118,28.8,12.6,33.4,40.9,27.5,35.6,2020,8,August,15,Saturday,3,Light Drizzle
2020-08-16 00:00:00,51,0.4,0.4,0,123,26.3,13.3,34.2,42,28.8,35.7,2020,8,August,16,Sunday,3,Light Drizzle
2020-08-17 00:00:00,53,0.8,0.8,0,113,27.7,13.9,34.8,41.9,28.4,35.8,2020,8,August,17,Monday,3,Moderate Drizzle
2020-08-18 00:00:00,63,12,12,0,124,37.1,19.5,31.1,43,26.6,36.5,2020,8,August,18,Tuesday,3,Moderate Rain
2020-08-19 00:00:00,61,4.4,4.4,0,132,31,17.3,32.2,41.5,27.2,34.6,2020,8,August,19,Wednesday,3,Slight Rain
2020-08-20 00:00:00,61,8,8,0,107,38.2,21.2,29.6,35.1,25.7,31,2020,8,August,20,Thursday,3,Slight Rain
2020-08-21 00:00:00,53,2.4,2.4,0,86,27.7,11.8,29.7,38.2,24.5,31.4,2020,8,August,21,Friday,3,Moderate Drizzle
2020-08-22 00:00:00,51,0.2,0.2,0,193,21.6,8.6,29.6,40.9,24.5,33.9,2020,8,August,22,Saturday,3,Light Drizzle
2020-08-23 00:00:00,51,0.6,0.6,0,124,23,10.1,32.4,40.2,26.7,33,2020,8,August,23,Sunday,3,Light Drizzle
2020-08-24 00:00:00,51,0.7,0.7,0,123,22.7,11.8,32.6,39.9,26.7,34.5,2020,8,August,24,Monday,3,Light Drizzle
2020-08-25 00:00:00,51,0.9,0.9,0,105,30.2,15.1,32.8,38.6,27.2,33.5,2020,8,August,25,Tuesday,3,Light Drizzle
2020-08-26 00:00:00,61,5.8,5.8,0,108,33.8,16.6,32.5,39.1,26.5,32.5,2020,8,August,26,Wednesday,3,Slight Rain
2020-08-27 00:00:00,61,8.6,8.6,0,154,31,11.3,31.4,37.7,25.6,32.1,2020,8,August,27,Thursday,3,Slight Rain
2020-08-28 00:00:00,61,7.5,7.5,0,93,23.4,8.8,29.8,37.7,24.9,31.5,2020,8,August,28,Friday,3,Slight Rain
2020-08-29 00:00:00,51,0.2,0.2,0,81,16.9,6.9,30.9,39.2,25.3,33,2020,8,August,29,Saturday,3,Light Drizzle
2020-08-30 00:00:00,53,2.1,2.1,0,102,25.6,14.8,30.6,39.1,26.4,33.5,2020,8,August,30,Sunday,3,Moderate Drizzle
2020-08-31 00:00:00,61,5.7,5.7,0,101,47.5,16.6,29.8,37.2,26.4,32.3,2020,8,August,31,Monday,3,Slight Rain
2020-09-01 00:00:00,51,2.5,2.5,0,119,42.1,21.4,30.1,35.5,26,32.6,2020,9,September,1,Tuesday,3,Light Drizzle
2020-09-02 00:00:00,51,1.4,1.4,0,78,34.2,13,31.6,38.1,25.9,32.5,2020,9,September,2,Wednesday,3,Light Drizzle
2020-09-03 00:00:00,63,15.1,15.1,0,98,30.6,12.7,31.9,38.6,25.9,33.1,2020,9,September,3,Thursday,3,Moderate Rain
2020-09-04 00:00:00,63,20.5,20.5,0,8,28.4,11.7,30.7,34.7,25.1,29.5,2020,9,September,4,Friday,3,Moderate Rain
2020-09-05 00:00:00,63,5.6,5.6,0,276,19.4,6.2,31.6,38.1,25.4,30.7,2020,9,September,5,Saturday,3,Moderate Rain
2020-09-06 00:00:00,51,0.8,0.8,0,154,19.8,9.6,31.4,39.7,25.5,31.9,2020,9,September,6,Sunday,3,Light Drizzle
2020-09-07 00:00:00,2,0,0,0,280,18.7,7.9,31.2,39.7,25.4,33,2020,9,September,7,Monday,3,Partly Cloudy
2020-09-08 00:00:00,0,0,0,0,224,18.7,7.8,31.5,41.4,25.9,34.6,2020,9,September,8,Tuesday,3,Clear Sky
2020-09-09 00:00:00,0,0,0,0,285,20.9,8,31.8,41.5,25.9,34.7,2020,9,September,9,Wednesday,3,Clear Sky
2020-09-10 00:00:00,1,0,0,0,272,23.8,11,31.9,40.9,26.3,35.2,2020,9,September,10,Thursday,3,Mainly Clear
2020-09-11 00:00:00,0,0,0,0,132,22.7,9.7,30.3,40.5,25.4,35.7,2020,9,September,11,Friday,3,Clear Sky
2020-09-12 00:00:00,0,0,0,0,15,21.2,10.3,30.6,42.1,25.6,36.3,2020,9,September,12,Saturday,3,Clear Sky
2020-09-13 00:00:00,2,0,0,0,164,19.8,7.6,29.5,41.4,25.5,36.5,2020,9,September,13,Sunday,3,Partly Cloudy
2020-09-14 00:00:00,2,0,0,0,171,21.6,10.2,30,41.2,25.9,36.5,2020,9,September,14,Monday,3,Partly Cloudy
2020-09-15 00:00:00,3,0,0,0,266,25.2,11.6,32.9,41.2,27.9,36.7,2020,9,September,15,Tuesday,3,Overcast
2020-09-16 00:00:00,3,0,0,0,276,28.1,14.9,32.7,42.2,28.9,37.2,2020,9,September,16,Wednesday,3,Overcast
2020-09-17 00:00:00,3,0,0,0,243,22.7,10.9,31.1,42.1,26.2,37.3,2020,9,September,17,Thursday,3,Overcast
2020-09-18 00:00:00,1,0,0,0,220,20.5,10.1,31.5,42.6,26.8,37.9,2020,9,September,18,Friday,3,Mainly Clear
2020-09-19 00:00:00,0,0,0,0,240,20.2,11,29.2,41.3,25.5,37.9,2020,9,September,19,Saturday,3,Clear Sky
2020-09-20 00:00:00,0,0,0,0,290,32.4,16.7,28.5,40.5,25.1,37.4,2020,9,September,20,Sunday,3,Clear Sky
2020-09-21 00:00:00,0,0,0,0,343,25.6,12.5,29,39.7,25.5,37.7,2020,9,September,21,Monday,3,Clear Sky
2020-09-22 00:00:00,2,0,0,0,63,18.7,7.1,29.3,41.1,25.7,37.2,2020,9,September,22,Tuesday,3,Partly Cloudy
2020-09-23 00:00:00,1,0,0,0,238,18,9.9,29.8,40.9,25.6,37.1,2020,9,September,23,Wednesday,3,Mainly Clear
2020-09-24 00:00:00,1,0,0,0,280,31.3,16,29.1,40,25.6,37.2,2020,9,September,24,Thursday,3,Mainly Clear
2020-09-25 00:00:00,2,0,0,0,165,28.4,12.2,26.2,38.8,24.2,36.8,2020,9,September,25,Friday,3,Partly Cloudy
2020-09-26 00:00:00,2,0,0,0,132,27.4,14.9,23.5,36.8,22.4,36.3,2020,9,September,26,Saturday,3,Partly Cloudy
2020-09-27 00:00:00,1,0,0,0,209,25.9,12,24.7,37.7,22.9,36.2,2020,9,September,27,Sunday,3,Mainly Clear
2020-09-28 00:00:00,1,0,0,0,289,20.9,8.7,26.3,37.5,23.5,35.2,2020,9,September,28,Monday,3,Mainly Clear
2020-09-29 00:00:00,1,0,0,0,294,20.9,10.5,22.8,37,21.4,35.1,2020,9,September,29,Tuesday,3,Mainly Clear
2020-09-30 00:00:00,1,0,0,0,311,23,10.8,24.2,37.1,22.4,35.5,2020,9,September,30,Wednesday,3,Mainly Clear
2020-10-01 00:00:00,0,0,0,0,320,19.4,10.5,23.6,36.9,22.2,35.4,2020,10,October,1,Thursday,4,Clear Sky
2020-10-02 00:00:00,0,0,0,0,294,27.4,12.1,22.7,35.2,21.7,35.4,2020,10,October,2,Friday,4,Clear Sky
2020-10-03 00:00:00,0,0,0,0,286,24.5,11.5,21.6,35,21.2,34.8,2020,10,October,3,Saturday,4,Clear Sky
2020-10-04 00:00:00,0,0,0,0,296,26.6,13.5,21.1,35.4,20.1,35.2,2020,10,October,4,Sunday,4,Clear Sky
2020-10-05 00:00:00,0,0,0,0,292,25.9,12.7,20.9,35.4,19.8,34.9,2020,10,October,5,Monday,4,Clear Sky
2020-10-06 00:00:00,0,0,0,0,31,17.3,10.7,21.2,36.8,19.8,35.3,2020,10,October,6,Tuesday,4,Clear Sky
2020-10-07 00:00:00,0,0,0,0,61,23.8,12.2,21.9,36.9,21.5,35.8,2020,10,October,7,Wednesday,4,Clear Sky
2020-10-08 00:00:00,0,0,0,0,71,22.7,11.8,21.2,36.4,20.9,36.1,2020,10,October,8,Thursday,4,Clear Sky
2020-10-09 00:00:00,0,0,0,0,321,21.6,9.7,21.8,36.1,20.8,35.3,2020,10,October,9,Friday,4,Clear Sky
2020-10-10 00:00:00,0,0,0,0,304,26.3,12.3,21.5,35.8,20.5,35,2020,10,October,10,Saturday,4,Clear Sky
2020-10-11 00:00:00,0,0,0,0,322,28.8,14,20.3,34.6,19.5,35.3,2020,10,October,11,Sunday,4,Clear Sky
2020-10-12 00:00:00,0,0,0,0,53,20.5,12.4,20.5,35.9,20,35.9,2020,10,October,12,Monday,4,Clear Sky
2020-10-13 00:00:00,1,0,0,0,26,26.6,13.7,20.4,35.7,19.5,35.5,2020,10,October,13,Tuesday,4,Mainly Clear
2020-10-14 00:00:00,0,0,0,0,326,28.1,13.5,20.3,33.2,20,34.5,2020,10,October,14,Wednesday,4,Clear Sky
2020-10-15 00:00:00,0,0,0,0,320,27,12.8,17.9,32.7,18.4,33.7,2020,10,October,15,Thursday,4,Clear Sky
2020-10-16 00:00:00,0,0,0,0,338,26.3,11.1,17.7,32.6,17.5,33.9,2020,10,October,16,Friday,4,Clear Sky
2020-10-17 00:00:00,0,0,0,0,331,24.8,11.3,17.9,32.7,17.6,34.2,2020,10,October,17,Saturday,4,Clear Sky
2020-10-18 00:00:00,0,0,0,0,307,27,12.8,16.7,31.8,17.9,33.5,2020,10,October,18,Sunday,4,Clear Sky
2020-10-19 00:00:00,0,0,0,0,327,22.7,11.7,16.1,32.4,17.4,33.3,2020,10,October,19,Monday,4,Clear Sky
2020-10-20 00:00:00,0,0,0,0,80,18.4,10.4,15.5,32.3,16.5,33.5,2020,10,October,20,Tuesday,4,Clear Sky
2020-10-21 00:00:00,0,0,0,0,62,21.6,10.1,17.1,32.4,18,33.1,2020,10,October,21,Wednesday,4,Clear Sky
2020-10-22 00:00:00,0,0,0,0,28,25.6,11.7,17.1,30.1,17.5,31.4,2020,10,October,22,Thursday,4,Clear Sky
2020-10-23 00:00:00,0,0,0,0,36,17.3,8.6,16.6,31.1,16.6,31.7,2020,10,October,23,Friday,4,Clear Sky
2020-10-24 00:00:00,0,0,0,0,29,19.8,9.4,16.7,31.2,17.4,32.2,2020,10,October,24,Saturday,4,Clear Sky
2020-10-25 00:00:00,2,0,0,0,73,30.2,12.8,16.8,30.6,17.3,32.8,2020,10,October,25,Sunday,4,Partly Cloudy
2020-10-26 00:00:00,0,0,0,0,324,24.8,11.9,14.6,29.2,15.9,30.9,2020,10,October,26,Monday,4,Clear Sky
2020-10-27 00:00:00,0,0,0,0,330,22,9.6,13.6,28,14.6,30.2,2020,10,October,27,Tuesday,4,Clear Sky
2020-10-28 00:00:00,0,0,0,0,86,18.4,9.1,15.2,29.5,15.5,30.8,2020,10,October,28,Wednesday,4,Clear Sky
2020-10-29 00:00:00,0,0,0,0,33,20.2,8.7,14.3,29.8,15.2,31.1,2020,10,October,29,Thursday,4,Clear Sky
2020-10-30 00:00:00,0,0,0,0,322,33.1,17.4,12.7,27.5,14.3,30.1,2020,10,October,30,Friday,4,Clear Sky
2020-10-31 00:00:00,0,0,0,0,322,30.6,15.1,11.3,26.8,12.8,30.2,2020,10,October,31,Saturday,4,Clear Sky
2020-11-01 00:00:00,0,0,0,0,285,20.5,11.2,12.2,27.5,13.6,29.8,2020,11,November,1,Sunday,4,Clear Sky
2020-11-02 00:00:00,0,0,0,0,209,22.7,11,12,26.9,14.6,29.9,2020,11,November,2,Monday,4,Clear Sky
2020-11-03 00:00:00,0,0,0,0,309,23,10.4,12.2,28,14.3,30,2020,11,November,3,Tuesday,4,Clear Sky
2020-11-04 00:00:00,0,0,0,0,34,18.7,10.2,13.4,28.9,14.5,30.4,2020,11,November,4,Wednesday,4,Clear Sky
2020-11-05 00:00:00,0,0,0,0,65,20.9,10.1,12.7,27.9,13.6,30.3,2020,11,November,5,Thursday,4,Clear Sky
2020-11-06 00:00:00,0,0,0,0,338,27.4,12.5,14.3,27.5,14.7,29.9,2020,11,November,6,Friday,4,Clear Sky
2020-11-07 00:00:00,0,0,0,0,329,28.1,12.6,12.2,26.7,12.9,29.3,2020,11,November,7,Saturday,4,Clear Sky
2020-11-08 00:00:00,0,0,0,0,68,18,8.7,11.2,27.7,12.4,29.4,2020,11,November,8,Sunday,4,Clear Sky
2020-11-09 00:00:00,3,0,0,0,77,17.6,9.5,11.8,27.8,12.8,29.1,2020,11,November,9,Monday,4,Overcast
2020-11-10 00:00:00,3,0,0,0,30,21.2,10.2,13.3,27.1,13.6,28.5,2020,11,November,10,Tuesday,4,Overcast
2020-11-11 00:00:00,3,0,0,0,8,19.1,8.6,12.2,27,12.8,28.1,2020,11,November,11,Wednesday,4,Overcast
2020-11-12 00:00:00,3,0,0,0,347,18.4,9.4,11.6,26.2,12.5,27.8,2020,11,November,12,Thursday,4,Overcast
2020-11-13 00:00:00,3,0,0,0,6,23.4,8.9,11.7,25.7,12.4,27.2,2020,11,November,13,Friday,4,Overcast
2020-11-14 00:00:00,3,0,0,0,83,20.5,12.4,14.4,25.3,13.9,25.6,2020,11,November,14,Saturday,4,Overcast
2020-11-15 00:00:00,61,10.4,10.4,0,95,33.5,18.4,13.6,18.5,13.9,20.6,2020,11,November,15,Sunday,4,Slight Rain
2020-11-16 00:00:00,53,0.5,0.5,0,32,28.4,14.7,10.6,19.8,11.8,20.6,2020,11,November,16,Monday,4,Moderate Drizzle
2020-11-17 00:00:00,0,0,0,0,315,25.2,10.4,7.3,20.6,9.1,22.9,2020,11,November,17,Tuesday,4,Clear Sky
2020-11-18 00:00:00,1,0,0,0,245,20.2,6.5,7.8,20.2,9.1,22.1,2020,11,November,18,Wednesday,4,Mainly Clear
2020-11-19 00:00:00,0,0,0,0,77,16.6,9.4,7.3,20.5,9.5,22.2,2020,11,November,19,Thursday,4,Clear Sky
2020-11-20 00:00:00,0,0,0,0,324,33.8,16.9,7.4,19.6,9.9,23,2020,11,November,20,Friday,4,Clear Sky
2020-11-21 00:00:00,2,0,0,0,319,25.9,11.8,5.3,18.2,8.1,22.1,2020,11,November,21,Saturday,4,Partly Cloudy
2020-11-22 00:00:00,3,0,0,0,347,21.6,10.1,4.5,17.1,7.3,20.2,2020,11,November,22,Sunday,4,Overcast
2020-11-23 00:00:00,51,0.4,0.4,0,24,19.1,10.5,10,18.7,11.7,20.4,2020,11,November,23,Monday,4,Light Drizzle
2020-11-24 00:00:00,3,0,0,0,18,28.1,15,12.6,19.8,14.1,21.8,2020,11,November,24,Tuesday,4,Overcast
2020-11-25 00:00:00,55,5,5,0,67,27.4,12.7,10.5,18,11.6,19.4,2020,11,November,25,Wednesday,4,Dense Drizzle
2020-11-26 00:00:00,1,0,0,0,350,24.5,12.4,8.4,19.2,10.6,21.2,2020,11,November,26,Thursday,4,Mainly Clear
2020-11-27 00:00:00,0,0,0,0,321,28.1,13.3,7.3,20.2,10,23,2020,11,November,27,Friday,4,Clear Sky
2020-11-28 00:00:00,3,0,0,0,298,19.1,10.5,6.6,20.3,8.4,22.8,2020,11,November,28,Saturday,4,Overcast
2020-11-29 00:00:00,3,0,0,0,341,14.4,9,7.6,21.5,9.4,22.6,2020,11,November,29,Sunday,4,Overcast
2020-11-30 00:00:00,3,0,0,0,335,16.6,10.1,8.1,22.4,9.5,23.6,2020,11,November,30,Monday,4,Overcast
2020-12-01 00:00:00,0,0,0,0,12,17.3,9.3,10.3,23.5,11.6,24.4,2020,12,December,1,Tuesday,4,Clear Sky
2020-12-02 00:00:00,0,0,0,0,305,22,10.1,10.7,24,11.6,25.1,2020,12,December,2,Wednesday,4,Clear Sky
2020-12-03 00:00:00,0,0,0,0,89,15.8,6.9,9.9,24.9,10.8,24.8,2020,12,December,3,Thursday,4,Clear Sky
2020-12-04 00:00:00,2,0,0,0,89,19.4,10.1,11.3,24.2,11.9,25.1,2020,12,December,4,Friday,4,Partly Cloudy
2020-12-05 00:00:00,51,0.2,0.2,0,85,24.8,12.1,12.5,24,13.4,25.2,2020,12,December,5,Saturday,4,Light Drizzle
2020-12-06 00:00:00,3,0,0,0,27,18.4,9.4,13,25.3,13.4,25.1,2020,12,December,6,Sunday,4,Overcast
2020-12-07 00:00:00,3,0,0,0,340,20.9,7.7,11.8,23.8,12.2,24.7,2020,12,December,7,Monday,4,Overcast
2020-12-08 00:00:00,3,0,0,0,353,20.9,11.8,11.2,22.1,12.3,23.7,2020,12,December,8,Tuesday,4,Overcast
2020-12-09 00:00:00,53,2,2,0,353,30.6,12,11.3,18.7,12,20.1,2020,12,December,9,Wednesday,4,Moderate Drizzle
2020-12-10 00:00:00,1,0,0,0,344,22.7,10.6,9.9,21.6,11.3,23,2020,12,December,10,Thursday,4,Mainly Clear
2020-12-11 00:00:00,61,6.2,6.2,0,329,36.4,19.1,9.2,17.4,10.5,19.9,2020,12,December,11,Friday,4,Slight Rain
2020-12-12 00:00:00,0,0,0,0,336,20.9,9.3,7.4,17.3,8.9,18.5,2020,12,December,12,Saturday,4,Clear Sky
2020-12-13 00:00:00,3,0,0,0,299,21.2,8.5,6.3,16.5,8.2,18.1,2020,12,December,13,Sunday,4,Overcast
2020-12-14 00:00:00,0,0,0,0,302,20.9,9.7,4,15.9,6.4,18.3,2020,12,December,14,Monday,4,Clear Sky
2020-12-15 00:00:00,0,0,0,0,318,21.2,9.7,3.9,15,6.4,17.3,2020,12,December,15,Tuesday,4,Clear Sky
2020-12-16 00:00:00,3,0,0,0,311,20.9,10.9,2.2,13.9,4.8,16.5,2020,12,December,16,Wednesday,4,Overcast
2020-12-17 00:00:00,0,0,0,0,308,25.6,11.5,1,13.1,3.7,16.9,2020,12,December,17,Thursday,4,Clear Sky
2020-12-18 00:00:00,0,0,0,0,313,23.4,11.2,0.5,14,3.2,17.4,2020,12,December,18,Friday,4,Clear Sky
2020-12-19 00:00:00,3,0,0,0,329,22.7,11.2,-0.2,15.5,3.1,18.4,2020,12,December,19,Saturday,4,Overcast
2020-12-20 00:00:00,3,0,0,0,319,21.2,10.7,3.1,17,5.7,19.7,2020,12,December,20,Sunday,4,Overcast
2020-12-21 00:00:00,2,0,0,0,317,15.5,10.7,3.5,19.3,6.2,20,2020,12,December,21,Monday,4,Partly Cloudy
2020-12-22 00:00:00,0,0,0,0,327,16.6,9.9,3.6,18.4,5.8,19.8,2020,12,December,22,Tuesday,4,Clear Sky
2020-12-23 00:00:00,2,0,0,0,35,15.5,8,4.4,18.9,6.4,19.9,2020,12,December,23,Wednesday,4,Partly Cloudy
2020-12-24 00:00:00,3,0,0,0,58,14.8,7.7,4,18.2,5.7,19.2,2020,12,December,24,Thursday,4,Overcast
2020-12-25 00:00:00,3,0,0,0,353,19.8,8.3,2.9,17.6,5.4,19,2020,12,December,25,Friday,4,Overcast
2020-12-26 00:00:00,3,0,0,0,127,16.6,8.2,3.5,17.4,5.2,18.3,2020,12,December,26,Saturday,4,Overcast
2020-12-27 00:00:00,61,7,7,0,167,43.2,14.7,4,13.1,6,14.2,2020,12,December,27,Sunday,4,Slight Rain
2020-12-28 00:00:00,2,0,0,0,102,25.6,14.5,1.3,12,4.2,15,2020,12,December,28,Monday,4,Partly Cloudy
2020-12-29 00:00:00,0,0,0,0,306,24.5,10.2,0.1,12.4,3.2,15.2,2020,12,December,29,Tuesday,4,Clear Sky
2020-12-30 00:00:00,3,0,0,0,345,20.2,10.4,0.3,13.7,3.3,16.2,2020,12,December,30,Wednesday,4,Overcast
2020-12-31 00:00:00,3,0,0,0,306,20.2,11.6,1.3,13.6,3.6,15.9,2020,12,December,31,Thursday,4,Overcast
2021-01-01 00:00:00,3,0,0,0,101,15.1,10.6,2,14.9,4.5,16.4,2021,1,January,1,Friday,1,Overcast
2021-01-02 00:00:00,51,2.4,2.4,0,40,28.1,13,3.1,14.5,5.3,16.2,2021,1,January,2,Saturday,1,Light Drizzle
2021-01-03 00:00:00,51,1.3,1.3,0,87,29.2,15.5,8.6,16.9,10.3,18.2,2021,1,January,3,Sunday,1,Light Drizzle
2021-01-04 00:00:00,61,13.5,13.5,0,87,35.6,15.5,11.4,19,12.6,19.6,2021,1,January,4,Monday,1,Slight Rain
2021-01-05 00:00:00,63,22.2,22.2,0,119,39.6,18.1,12.4,16.5,13.6,16.5,2021,1,January,5,Tuesday,1,Moderate Rain
2021-01-06 00:00:00,51,0.5,0.5,0,323,17.6,7.5,8.6,18.4,9.7,18,2021,1,January,6,Wednesday,1,Light Drizzle
2021-01-07 00:00:00,3,0,0,0,212,18,9.8,8.5,17.1,9.6,17.3,2021,1,January,7,Thursday,1,Overcast
2021-01-08 00:00:00,3,0,0,0,315,16.9,9.9,5.2,17,7.4,17.4,2021,1,January,8,Friday,1,Overcast
2021-01-09 00:00:00,3,0,0,0,316,20.5,10.5,3.6,15.8,6,17.6,2021,1,January,9,Saturday,1,Overcast
2021-01-10 00:00:00,3,0,0,0,257,22,9.3,3.2,15.1,5.3,16.8,2021,1,January,10,Sunday,1,Overcast
2021-01-11 00:00:00,3,0,0,0,223,19.4,7.9,4.2,16.6,6.1,17.7,2021,1,January,11,Monday,1,Overcast
2021-01-12 00:00:00,3,0,0,0,345,16.2,5.4,3.5,14.6,5.1,15.4,2021,1,January,12,Tuesday,1,Overcast
2021-01-13 00:00:00,3,0,0,0,145,13.3,7.1,2.5,14.9,4.2,15.5,2021,1,January,13,Wednesday,1,Overcast
2021-01-14 00:00:00,3,0,0,0,53,19.4,8.8,3.6,13.9,5.8,14.6,2021,1,January,14,Thursday,1,Overcast
2021-01-15 00:00:00,3,0,0,0,358,13,5.9,4,13.6,5.9,14.4,2021,1,January,15,Friday,1,Overcast
2021-01-16 00:00:00,3,0,0,0,273,17.6,6.9,4,11.9,5.7,12.7,2021,1,January,16,Saturday,1,Overcast
2021-01-17 00:00:00,3,0,0,0,93,25.9,11.6,4.8,11.2,6.8,13.3,2021,1,January,17,Sunday,1,Overcast
2021-01-18 00:00:00,0,0,0,0,39,22.7,11.2,5.1,17.3,7.3,17.9,2021,1,January,18,Monday,1,Clear Sky
2021-01-19 00:00:00,0,0,0,0,304,20.9,10.1,5.1,18.2,7,19.3,2021,1,January,19,Tuesday,1,Clear Sky
2021-01-20 00:00:00,0,0,0,0,289,20.5,10.6,5.5,18.3,7.6,19.7,2021,1,January,20,Wednesday,1,Clear Sky
2021-01-21 00:00:00,2,0,0,0,238,18,10.9,4.2,17.9,6.5,19.2,2021,1,January,21,Thursday,1,Partly Cloudy
2021-01-22 00:00:00,3,0,0,0,116,29.2,17.4,5.6,16.8,7.7,19,2021,1,January,22,Friday,1,Overcast
2021-01-23 00:00:00,53,1,1,0,348,27.4,15.3,4.7,15.3,7,16.3,2021,1,January,23,Saturday,1,Moderate Drizzle
2021-01-24 00:00:00,3,0,0,0,328,23,12.4,3.8,15.7,6.5,17.9,2021,1,January,24,Sunday,1,Overcast
2021-01-25 00:00:00,0,0,0,0,303,15.8,10.9,2.8,17,5.5,18.7,2021,1,January,25,Monday,1,Clear Sky
2021-01-26 00:00:00,0,0,0,0,307,22.3,11.7,2.3,15.8,5.1,18.3,2021,1,January,26,Tuesday,1,Clear Sky
2021-01-27 00:00:00,0,0,0,0,297,22,10.2,2.4,15.9,5.2,18.2,2021,1,January,27,Wednesday,1,Clear Sky
2021-01-28 00:00:00,0,0,0,0,298,17.6,10.6,2.8,16.9,5.6,18.8,2021,1,January,28,Thursday,1,Clear Sky
2021-01-29 00:00:00,0,0,0,0,295,21.2,10.1,2.2,16.7,5,18.7,2021,1,January,29,Friday,1,Clear Sky
2021-01-30 00:00:00,3,0,0,0,292,18.4,12.2,2.5,16.6,5.1,18.7,2021,1,January,30,Saturday,1,Overcast
2021-01-31 00:00:00,3,0,0,0,113,17.6,10.9,6.2,18.3,8.1,19.8,2021,1,January,31,Sunday,1,Overcast
2021-02-01 00:00:00,0,0,0,0,2,18.4,10.4,5.9,19.7,7.7,20.7,2021,2,February,1,Monday,1,Clear Sky
2021-02-02 00:00:00,2,0,0,0,26,19.8,9.1,6.3,19.7,8,20.9,2021,2,February,2,Tuesday,1,Partly Cloudy
2021-02-03 00:00:00,51,0.2,0.2,0,78,33.1,17,7.3,20.6,9.7,20.8,2021,2,February,3,Wednesday,1,Light Drizzle
2021-02-04 00:00:00,51,0.1,0.1,0,55,33.5,16.4,5,17.4,7,18.7,2021,2,February,4,Thursday,1,Light Drizzle
2021-02-05 00:00:00,0,0,0,0,20,21.6,10.2,6,17.1,7.8,18.6,2021,2,February,5,Friday,1,Clear Sky
2021-02-06 00:00:00,0,0,0,0,300,27,13.4,5.4,18.8,7.5,20.6,2021,2,February,6,Saturday,1,Clear Sky
2021-02-07 00:00:00,0,0,0,0,288,22.3,8.9,6.8,20.6,8.5,21.9,2021,2,February,7,Sunday,1,Clear Sky
2021-02-08 00:00:00,2,0,0,0,155,18.4,10.7,6.2,22.5,8,23,2021,2,February,8,Monday,1,Partly Cloudy
2021-02-09 00:00:00,1,0,0,0,117,19.4,9.3,7.5,22.9,8.8,23.6,2021,2,February,9,Tuesday,1,Mainly Clear
2021-02-10 00:00:00,0,0,0,0,67,18,10,9.3,23.6,10.2,23.1,2021,2,February,10,Wednesday,1,Clear Sky
2021-02-11 00:00:00,3,0,0,0,283,14.8,9.5,8.6,24.6,10.1,24.1,2021,2,February,11,Thursday,1,Overcast
2021-02-12 00:00:00,3,0,0,0,345,14.4,8.9,9,25,10.2,24.1,2021,2,February,12,Friday,1,Overcast
2021-02-13 00:00:00,3,0,0,0,113,17.6,8.6,9.7,22.9,10.7,23,2021,2,February,13,Saturday,1,Overcast
2021-02-14 00:00:00,3,0,0,0,91,18,9.9,10.1,24.3,11,22.8,2021,2,February,14,Sunday,1,Overcast
2021-02-15 00:00:00,3,0,0,0,86,16.9,6.8,10,24.5,10.7,22.8,2021,2,February,15,Monday,1,Overcast
2021-02-16 00:00:00,3,0,0,0,332,15.1,10.2,10.7,24.8,11,23.2,2021,2,February,16,Tuesday,1,Overcast
2021-02-17 00:00:00,3,0,0,0,128,15.1,9.7,10.2,25.4,11.2,24,2021,2,February,17,Wednesday,1,Overcast
2021-02-18 00:00:00,3,0,0,0,326,16.2,10.3,11.3,25.7,12,23.6,2021,2,February,18,Thursday,1,Overcast
2021-02-19 00:00:00,3,0,0,0,185,15.8,8.3,9.1,25.2,10.3,24,2021,2,February,19,Friday,1,Overcast
2021-02-20 00:00:00,3,0,0,0,237,19.8,7.9,9.6,24.3,10.6,24.3,2021,2,February,20,Saturday,1,Overcast
2021-02-21 00:00:00,3,0,0,0,270,22.3,10.8,12,25.5,13,25.3,2021,2,February,21,Sunday,1,Overcast
2021-02-22 00:00:00,3,0,0,0,134,19.4,8.8,12.7,27.2,13,26.3,2021,2,February,22,Monday,1,Overcast
2021-02-23 00:00:00,3,0,0,0,106,24.1,12,14.1,27,14.5,26.8,2021,2,February,23,Tuesday,1,Overcast
2021-02-24 00:00:00,2,0,0,0,72,22.7,11,12.4,27.9,13.1,26.8,2021,2,February,24,Wednesday,1,Partly Cloudy
2021-02-25 00:00:00,0,0,0,0,51,26.6,15,13.4,29.2,13.7,27.6,2021,2,February,25,Thursday,1,Clear Sky
2021-02-26 00:00:00,2,0,0,0,119,34.6,18.3,14.8,28.4,15.6,28,2021,2,February,26,Friday,1,Partly Cloudy
2021-02-27 00:00:00,1,0,0,0,210,37.8,19.2,11.7,22.1,12.5,24.6,2021,2,February,27,Saturday,1,Mainly Clear
2021-02-28 00:00:00,0,0,0,0,69,22,9.4,11.6,24.8,12.3,24.5,2021,2,February,28,Sunday,1,Clear Sky
2021-03-01 00:00:00,0,0,0,0,307,31.7,16,10.4,24.9,12.7,25.5,2021,3,March,1,Monday,1,Clear Sky
2021-03-02 00:00:00,0,0,0,0,300,34.2,17.3,10.3,24,12.8,26.7,2021,3,March,2,Tuesday,1,Clear Sky
2021-03-03 00:00:00,1,0,0,0,100,16.6,8.5,12.4,27.4,13.4,27.5,2021,3,March,3,Wednesday,1,Mainly Clear
2021-03-04 00:00:00,1,0,0,0,1,18.7,10.2,12.9,28.2,14,27.3,2021,3,March,4,Thursday,1,Mainly Clear
2021-03-05 00:00:00,0,0,0,0,307,30.2,14.8,11,27.2,12.9,28.4,2021,3,March,5,Friday,1,Clear Sky
2021-03-06 00:00:00,51,0.1,0.1,0,50,33.5,20,11.1,27.3,13,27,2021,3,March,6,Saturday,1,Light Drizzle
2021-03-07 00:00:00,51,0.5,0.5,0,98,41,19.3,14.9,27.1,16.4,28.6,2021,3,March,7,Sunday,1,Light Drizzle
2021-03-08 00:00:00,3,0,0,0,51,43.2,17.3,12.7,30.2,15.9,28.3,2021,3,March,8,Monday,1,Overcast
2021-03-09 00:00:00,0,0,0,0,13,28.8,11,13.3,31.3,15,29.4,2021,3,March,9,Tuesday,1,Clear Sky
2021-03-10 00:00:00,3,0,0,0,339,35.6,11.7,14.8,30.7,15,28.9,2021,3,March,10,Wednesday,1,Overcast
2021-03-11 00:00:00,3,0,0,0,39,42.8,23.6,12.7,28.5,16.3,28.3,2021,3,March,11,Thursday,1,Overcast
2021-03-12 00:00:00,61,1.9,1.9,0,49,52.9,22.2,11.6,25.5,14.4,26.3,2021,3,March,12,Friday,1,Slight Rain
2021-03-13 00:00:00,3,0,0,0,318,24.8,12.3,11.7,27.2,14,27.1,2021,3,March,13,Saturday,1,Overcast
2021-03-14 00:00:00,1,0,0,0,332,25.2,13.7,12.9,28,13.7,27.1,2021,3,March,14,Sunday,1,Mainly Clear
2021-03-15 00:00:00,3,0,0,0,320,23.8,12.3,14.2,28,15,27.8,2021,3,March,15,Monday,1,Overcast
2021-03-16 00:00:00,3,0,0,0,344,20.5,10.1,16,30.3,15.7,29.1,2021,3,March,16,Tuesday,1,Overcast
2021-03-17 00:00:00,51,0.3,0.3,0,336,31.7,11.9,16.3,30.9,16.1,29.3,2021,3,March,17,Wednesday,1,Light Drizzle
2021-03-18 00:00:00,3,0,0,0,340,26.3,14.1,15.6,29.6,17.2,29.1,2021,3,March,18,Thursday,1,Overcast
2021-03-19 00:00:00,51,0.3,0.3,0,330,29.2,13.9,15.4,30.3,16.2,30.4,2021,3,March,19,Friday,1,Light Drizzle
2021-03-20 00:00:00,3,0,0,0,316,29.2,13,14.5,29.8,15.2,29.8,2021,3,March,20,Saturday,1,Overcast
2021-03-21 00:00:00,51,0.2,0.2,0,28,36,20.9,15.7,26.2,16.6,26,2021,3,March,21,Sunday,1,Light Drizzle
2021-03-22 00:00:00,55,3.2,3.2,0,62,76.7,26.7,14,24.9,15.8,24.7,2021,3,March,22,Monday,1,Dense Drizzle
2021-03-23 00:00:00,53,2.9,2.9,0,117,61.6,31.6,12.3,22.6,14.2,23.7,2021,3,March,23,Tuesday,1,Moderate Drizzle
2021-03-24 00:00:00,55,1.1,1.1,0,352,26.3,13,13,27.3,13.4,26.3,2021,3,March,24,Wednesday,1,Dense Drizzle
2021-03-25 00:00:00,3,0,0,0,307,30.6,14.7,13.8,26.9,14.6,27,2021,3,March,25,Thursday,1,Overcast
2021-03-26 00:00:00,1,0,0,0,328,20.2,9.7,15,29.4,15.2,28.6,2021,3,March,26,Friday,1,Mainly Clear
2021-03-27 00:00:00,3,0,0,0,341,23,9.4,16.3,32.4,16.2,30.4,2021,3,March,27,Saturday,1,Overcast
2021-03-28 00:00:00,3,0,0,0,109,42.8,25.6,18.6,36,17.6,33.3,2021,3,March,28,Sunday,1,Overcast
2021-03-29 00:00:00,1,0,0,0,111,42.8,21.6,19.3,35.7,20.3,34.4,2021,3,March,29,Monday,1,Mainly Clear
2021-03-30 00:00:00,0,0,0,0,339,37.4,22,14.3,31.6,18.7,32.4,2021,3,March,30,Tuesday,1,Clear Sky
2021-03-31 00:00:00,0,0,0,0,309,46.8,24.2,11.6,25.6,16.6,29.8,2021,3,March,31,Wednesday,1,Clear Sky
2021-04-01 00:00:00,0,0,0,0,304,49.3,25.7,10.9,25.9,15.2,30.2,2021,4,April,1,Thursday,2,Clear Sky
2021-04-02 00:00:00,0,0,0,0,305,40.3,20,10.7,24.8,14.2,28.8,2021,4,April,2,Friday,2,Clear Sky
2021-04-03 00:00:00,3,0,0,0,13,24.1,12.1,10.9,30,13.8,31,2021,4,April,3,Saturday,2,Overcast
2021-04-04 00:00:00,3,0,0,0,22,31,15.5,13.7,31,15.7,31.8,2021,4,April,4,Sunday,2,Overcast
2021-04-05 00:00:00,3,0,0,0,45,32.4,17.6,16.6,29.8,18.6,31.3,2021,4,April,5,Monday,2,Overcast
2021-04-06 00:00:00,61,3,3,0,359,46.1,26.3,16.6,28.8,15.9,30.8,2021,4,April,6,Tuesday,2,Slight Rain
2021-04-07 00:00:00,1,0,0,0,8,31.7,15.5,13.7,31.2,16.5,30.5,2021,4,April,7,Wednesday,2,Mainly Clear
2021-04-08 00:00:00,0,0,0,0,331,28.4,12.9,12.9,28.4,14.9,29.5,2021,4,April,8,Thursday,2,Clear Sky
2021-04-09 00:00:00,2,0,0,0,349,29.2,13.1,14.8,29.9,15.9,31.4,2021,4,April,9,Friday,2,Partly Cloudy
2021-04-10 00:00:00,2,0,0,0,342,27.4,13.7,15.8,32,18,33,2021,4,April,10,Saturday,2,Partly Cloudy
2021-04-11 00:00:00,3,0,0,0,19,31,16.8,17.1,33.7,18.5,33.3,2021,4,April,11,Sunday,2,Overcast
2021-04-12 00:00:00,3,0,0,0,9,28.8,15.3,18.6,33.6,19.9,33.6,2021,4,April,12,Monday,2,Overcast
2021-04-13 00:00:00,3,0,0,0,338,30.2,14.1,19.4,34.4,20.1,35,2021,4,April,13,Tuesday,2,Overcast
2021-04-14 00:00:00,3,0,0,0,347,43.6,22.1,19.7,33.5,20.9,34.8,2021,4,April,14,Wednesday,2,Overcast
2021-04-15 00:00:00,3,0,0,0,13,40,20.7,18.2,32.8,21.1,33.4,2021,4,April,15,Thursday,2,Overcast
2021-04-16 00:00:00,61,2.9,2.9,0,348,53.3,28.5,18.8,28,18.4,30.2,2021,4,April,16,Friday,2,Slight Rain
2021-04-17 00:00:00,63,8,8,0,67,40.3,17.3,17.4,28.2,17.1,25.6,2021,4,April,17,Saturday,2,Moderate Rain
2021-04-18 00:00:00,3,0,0,0,22,29.9,14.4,18.3,31.3,17.8,30.5,2021,4,April,18,Sunday,2,Overcast
2021-04-19 00:00:00,3,0,0,0,355,31.7,14.5,16.7,31.7,18.1,32.5,2021,4,April,19,Monday,2,Overcast
2021-04-20 00:00:00,55,1.5,1.5,0,356,38.5,16.6,16.6,27.6,16.7,28.6,2021,4,April,20,Tuesday,2,Dense Drizzle
2021-04-21 00:00:00,51,0.1,0.1,0,64,27.7,14.5,16,26.6,16.1,25.9,2021,4,April,21,Wednesday,2,Light Drizzle
2021-04-22 00:00:00,51,0.7,0.7,0,85,44.3,26,14.8,26.3,16.5,26.6,2021,4,April,22,Thursday,2,Light Drizzle
2021-04-23 00:00:00,61,3.4,3.4,0,47,38.2,18.8,14.6,27.7,14.5,27.2,2021,4,April,23,Friday,2,Slight Rain
2021-04-24 00:00:00,1,0,0,0,326,28.1,12.9,14.8,30.4,15,31.1,2021,4,April,24,Saturday,2,Mainly Clear
2021-04-25 00:00:00,0,0,0,0,342,22.3,8.9,16.9,34.4,18.3,34.4,2021,4,April,25,Sunday,2,Clear Sky
2021-04-26 00:00:00,3,0,0,0,38,19.4,11,18,37.2,19.1,36.9,2021,4,April,26,Monday,2,Overcast
2021-04-27 00:00:00,3,0,0,0,45,58.7,32.7,20.4,39.5,21,39.1,2021,4,April,27,Tuesday,2,Overcast
2021-04-28 00:00:00,3,0,0,0,341,47.5,22.7,21.4,40.1,22.1,39.5,2021,4,April,28,Wednesday,2,Overcast
2021-04-29 00:00:00,3,0,0,0,84,46.8,25.7,21.9,38.4,22.8,38.1,2021,4,April,29,Thursday,2,Overcast
2021-04-30 00:00:00,3,0,0,0,46,38.9,17.5,23,39.9,23.2,38.9,2021,4,April,30,Friday,2,Overcast
2021-05-01 00:00:00,51,0.1,0.1,0,84,35.6,16.8,22.9,39.4,24.1,38.2,2021,5,May,1,Saturday,2,Light Drizzle
2021-05-02 00:00:00,1,0,0,0,51,25.2,11.7,23.3,38.8,23.1,38.7,2021,5,May,2,Sunday,2,Mainly Clear
2021-05-03 00:00:00,3,0,0,0,201,38.5,10.3,25.1,39.2,24.8,38.4,2021,5,May,3,Monday,2,Overcast
2021-05-04 00:00:00,51,0.4,0.4,0,67,45,22.4,25,36.8,24.2,36.4,2021,5,May,4,Tuesday,2,Light Drizzle
2021-05-05 00:00:00,2,0,0,0,25,34.9,17.1,23.9,35.2,23.2,34.2,2021,5,May,5,Wednesday,2,Partly Cloudy
2021-05-06 00:00:00,51,0.2,0.2,0,316,34.9,19.1,24.8,34.5,23.4,33.9,2021,5,May,6,Thursday,2,Light Drizzle
2021-05-07 00:00:00,51,0.4,0.4,0,70,36.4,20,23.8,35.8,22.7,33.9,2021,5,May,7,Friday,2,Light Drizzle
2021-05-08 00:00:00,3,0,0,0,49,22.3,11.8,23.3,37.4,21.7,36.2,2021,5,May,8,Saturday,2,Overcast
2021-05-09 00:00:00,51,0.1,0.1,0,82,34.9,14.9,24.1,37.6,23.7,36.3,2021,5,May,9,Sunday,2,Light Drizzle
2021-05-10 00:00:00,3,0,0,0,87,46.8,22.4,25.4,38.3,24.2,37.4,2021,5,May,10,Monday,2,Overcast
2021-05-11 00:00:00,51,0.1,0.1,0,62,43.2,21.5,24.1,39.4,23.5,36.5,2021,5,May,11,Tuesday,2,Light Drizzle
2021-05-12 00:00:00,51,0.1,0.1,0,76,24.8,12.3,24.5,36.5,23.5,34.7,2021,5,May,12,Wednesday,2,Light Drizzle
2021-05-13 00:00:00,51,0.3,0.3,0,94,43.9,20.7,22.5,32.8,20.4,31,2021,5,May,13,Thursday,2,Light Drizzle
2021-05-14 00:00:00,3,0,0,0,45,29.5,14.4,22.2,34.9,20.6,33.5,2021,5,May,14,Friday,2,Overcast
2021-05-15 00:00:00,51,0.1,0.1,0,351,31.3,16.9,23,36.1,22.4,34.2,2021,5,May,15,Saturday,2,Light Drizzle
2021-05-16 00:00:00,3,0,0,0,341,32.8,14.8,23.2,37.8,23.9,37.1,2021,5,May,16,Sunday,2,Overcast
2021-05-17 00:00:00,1,0,0,0,345,30.2,15.6,23.3,38.5,23.5,39,2021,5,May,17,Monday,2,Mainly Clear
2021-05-18 00:00:00,3,0,0,0,207,32.8,19.7,23.8,39.5,24.1,39.7,2021,5,May,18,Tuesday,2,Overcast
2021-05-19 00:00:00,51,0.1,0.1,0,182,31.3,15.2,23.7,37,22.8,35.6,2021,5,May,19,Wednesday,2,Light Drizzle
2021-05-20 00:00:00,2,0,0,0,156,43.9,25,23.9,38,22.4,36.4,2021,5,May,20,Thursday,2,Partly Cloudy
2021-05-21 00:00:00,2,0,0,0,101,62.6,29.2,23.1,38,22.4,36.8,2021,5,May,21,Friday,2,Partly Cloudy
2021-05-22 00:00:00,3,0,0,0,16,25.6,11.3,23.8,37.5,22.8,37.2,2021,5,May,22,Saturday,2,Overcast
2021-05-23 00:00:00,3,0,0,0,352,38.2,15.6,22.1,35.9,21.6,34.9,2021,5,May,23,Sunday,2,Overcast
2021-05-24 00:00:00,0,0,0,0,307,34.2,17.3,23.2,36.5,22,37,2021,5,May,24,Monday,2,Clear Sky
2021-05-25 00:00:00,0,0,0,0,327,29.2,14,23.8,37.8,23.7,38.5,2021,5,May,25,Tuesday,2,Clear Sky
2021-05-26 00:00:00,0,0,0,0,319,33.5,15.8,23.5,38.6,23.9,40.3,2021,5,May,26,Wednesday,2,Clear Sky
2021-05-27 00:00:00,0,0,0,0,311,28.8,13.1,23.4,41,24.9,42.1,2021,5,May,27,Thursday,2,Clear Sky
2021-05-28 00:00:00,1,0,0,0,278,27,14.4,27,43.5,26.9,42.5,2021,5,May,28,Friday,2,Mainly Clear
2021-05-29 00:00:00,2,0,0,0,114,78.5,42.5,28.5,44,28.1,42.9,2021,5,May,29,Saturday,2,Partly Cloudy
2021-05-30 00:00:00,3,0,0,0,111,42.1,21.1,30.6,43,28.1,40,2021,5,May,30,Sunday,2,Overcast
2021-05-31 00:00:00,53,0.9,0.9,0,82,53.3,29,27.2,41.9,26.2,38.5,2021,5,May,31,Monday,2,Moderate Drizzle
2021-06-01 00:00:00,63,2.9,2.9,0,149,25.9,13.1,25.7,37.4,24,34.6,2021,6,June,1,Tuesday,2,Moderate Rain
2021-06-02 00:00:00,51,0.2,0.2,0,157,26.6,10,28.6,38.8,25.1,36,2021,6,June,2,Wednesday,2,Light Drizzle
2021-06-03 00:00:00,53,0.5,0.5,0,77,34.2,17.4,26.5,37.5,24.5,34.6,2021,6,June,3,Thursday,2,Moderate Drizzle
2021-06-04 00:00:00,51,0.4,0.4,0,99,22.7,8.4,27.6,38.9,24.4,35,2021,6,June,4,Friday,2,Light Drizzle
2021-06-05 00:00:00,53,0.6,0.6,0,83,34.2,14.5,29,39.6,25.4,36.7,2021,6,June,5,Saturday,2,Moderate Drizzle
2021-06-06 00:00:00,1,0,0,0,235,20.9,11.2,29.5,41.8,26.7,38.9,2021,6,June,6,Sunday,2,Mainly Clear
2021-06-07 00:00:00,1,0,0,0,238,25.9,10.1,30.3,43.8,28,41.7,2021,6,June,7,Monday,2,Mainly Clear
2021-06-08 00:00:00,0,0,0,0,239,25.9,11.6,33.4,45.2,30.6,43,2021,6,June,8,Tuesday,2,Clear Sky
2021-06-09 00:00:00,3,0,0,0,222,28.4,15.5,34.5,47.2,30.6,44.4,2021,6,June,9,Wednesday,2,Overcast
2021-06-10 00:00:00,3,0,0,0,157,32,19,32.6,47.1,29.8,43.1,2021,6,June,10,Thursday,2,Overcast
2021-06-11 00:00:00,3,0,0,0,148,38.5,19,32.6,46,28.9,41.3,2021,6,June,11,Friday,2,Overcast
2021-06-12 00:00:00,3,0,0,0,110,42.8,22.7,31.9,44.3,29.7,40.5,2021,6,June,12,Saturday,2,Overcast
2021-06-13 00:00:00,63,4.1,4.1,0,117,50.4,25.3,27.1,40.4,25.5,36.4,2021,6,June,13,Sunday,2,Moderate Rain
2021-06-14 00:00:00,0,0,0,0,91,21.6,10.5,28.8,40.5,25.8,36.9,2021,6,June,14,Monday,2,Clear Sky
2021-06-15 00:00:00,3,0,0,0,254,29.2,15.5,29.9,40.4,26.5,38.5,2021,6,June,15,Tuesday,2,Overcast
2021-06-16 00:00:00,51,0.3,0.3,0,94,28.1,12.3,28.2,38.4,24.7,34,2021,6,June,16,Wednesday,2,Light Drizzle
2021-06-17 00:00:00,3,0,0,0,24,22,8.6,27.4,39.6,24.5,36.1,2021,6,June,17,Thursday,2,Overcast
2021-06-18 00:00:00,2,0,0,0,135,30.2,14.1,29.5,41.5,27.1,38.4,2021,6,June,18,Friday,2,Partly Cloudy
2021-06-19 00:00:00,1,0,0,0,146,41.4,20.9,30.8,41.1,27.2,39.5,2021,6,June,19,Saturday,2,Mainly Clear
2021-06-20 00:00:00,2,0,0,0,107,32.8,17.7,28.4,41.4,26.4,38.4,2021,6,June,20,Sunday,2,Partly Cloudy
2021-06-21 00:00:00,1,0,0,0,290,22.3,9.2,29.7,41.8,26.8,38.5,2021,6,June,21,Monday,2,Mainly Clear
2021-06-22 00:00:00,1,0,0,0,281,28.1,12.6,30,42.6,27.5,40.5,2021,6,June,22,Tuesday,2,Mainly Clear
2021-06-23 00:00:00,1,0,0,0,140,20.9,10.6,29.1,42.9,27.9,40.9,2021,6,June,23,Wednesday,2,Mainly Clear
2021-06-24 00:00:00,2,0,0,0,104,44.3,18.2,29.5,43.3,28.3,40.4,2021,6,June,24,Thursday,2,Partly Cloudy
2021-06-25 00:00:00,2,0,0,0,125,32,13.1,30.5,41.1,28.3,38.7,2021,6,June,25,Friday,2,Partly Cloudy
2021-06-26 00:00:00,2,0,0,0,143,32.8,14.8,29.7,41.1,26.5,37.4,2021,6,June,26,Saturday,2,Partly Cloudy
2021-06-27 00:00:00,1,0,0,0,252,23,9.6,29.9,42.8,26.4,39.2,2021,6,June,27,Sunday,2,Mainly Clear
2021-06-28 00:00:00,0,0,0,0,273,28.4,13.1,31.3,42.7,27.9,40.9,2021,6,June,28,Monday,2,Clear Sky
2021-06-29 00:00:00,1,0,0,0,270,37.8,19.7,30.7,43,28.8,41.8,2021,6,June,29,Tuesday,2,Mainly Clear
2021-06-30 00:00:00,0,0,0,0,236,34.6,16.8,30.8,44.6,28.3,43.6,2021,6,June,30,Wednesday,2,Clear Sky
2021-07-01 00:00:00,2,0,0,0,202,35.6,17.7,32.2,44.8,29.3,42.4,2021,7,July,1,Thursday,3,Partly Cloudy
2021-07-02 00:00:00,2,0,0,0,198,53.6,15,32,43.9,29.3,41.5,2021,7,July,2,Friday,3,Partly Cloudy
2021-07-03 00:00:00,51,0.2,0.2,0,123,41.4,21.5,31.8,42.6,28.7,38.6,2021,7,July,3,Saturday,3,Light Drizzle
2021-07-04 00:00:00,2,0,0,0,270,29.9,12,33.3,42.9,28.9,39.3,2021,7,July,4,Sunday,3,Partly Cloudy
2021-07-05 00:00:00,1,0,0,0,251,25.9,11.1,32.3,42.5,29.2,39.2,2021,7,July,5,Monday,3,Mainly Clear
2021-07-06 00:00:00,0,0,0,0,260,22.7,8.7,33.2,43.8,29.6,40.5,2021,7,July,6,Tuesday,3,Clear Sky
2021-07-07 00:00:00,1,0,0,0,92,37.8,10,33.8,44.7,29.9,41.6,2021,7,July,7,Wednesday,3,Mainly Clear
2021-07-08 00:00:00,2,0,0,0,158,46.4,16.6,33.7,45,30.5,40.8,2021,7,July,8,Thursday,3,Partly Cloudy
2021-07-09 00:00:00,3,0,0,0,129,32.8,15,33.8,41.8,30.8,37.9,2021,7,July,9,Friday,3,Overcast
2021-07-10 00:00:00,51,0.9,0.9,0,119,25.2,10.5,35.3,44.9,30.8,38.3,2021,7,July,10,Saturday,3,Light Drizzle
2021-07-11 00:00:00,61,4.7,4.7,0,102,36,20.9,30.9,43.3,26.9,37.3,2021,7,July,11,Sunday,3,Slight Rain
2021-07-12 00:00:00,61,4.7,4.7,0,116,49.7,25.5,29.8,37.8,25.3,34.5,2021,7,July,12,Monday,3,Slight Rain
2021-07-13 00:00:00,53,2.6,2.6,0,108,31,15.8,28.4,39.7,24.8,33.3,2021,7,July,13,Tuesday,3,Moderate Drizzle
2021-07-14 00:00:00,51,0.4,0.4,0,80,27,12.5,31.6,38.8,26.7,34,2021,7,July,14,Wednesday,3,Light Drizzle
2021-07-15 00:00:00,51,0.1,0.1,0,108,27.7,14.8,32,40.5,27.1,35.6,2021,7,July,15,Thursday,3,Light Drizzle
2021-07-16 00:00:00,51,0.4,0.4,0,113,29.2,13.2,34.5,42.5,28.4,36.6,2021,7,July,16,Friday,3,Light Drizzle
2021-07-17 00:00:00,51,0.2,0.2,0,135,22.3,13,35.4,43.9,29.3,38.4,2021,7,July,17,Saturday,3,Light Drizzle
2021-07-18 00:00:00,51,0.1,0.1,0,117,42.1,23,31.9,47.4,27.8,40.7,2021,7,July,18,Sunday,3,Light Drizzle
2021-07-19 00:00:00,61,6.4,6.4,0,114,43.9,23.9,30,40.7,25.8,36.1,2021,7,July,19,Monday,3,Slight Rain
2021-07-20 00:00:00,63,19.2,19.2,0,115,43.6,19.1,29.6,36.4,25.4,31.5,2021,7,July,20,Tuesday,3,Moderate Rain
2021-07-21 00:00:00,51,0.7,0.7,0,117,24.8,11,29.4,39,24.7,32.6,2021,7,July,21,Wednesday,3,Light Drizzle
2021-07-22 00:00:00,51,0.9,0.9,0,110,23,12.2,32.8,39.6,26.2,33.6,2021,7,July,22,Thursday,3,Light Drizzle
2021-07-23 00:00:00,51,0.2,0.2,0,120,38.2,19.2,33.1,36.7,27.3,32.5,2021,7,July,23,Friday,3,Light Drizzle
2021-07-24 00:00:00,51,0.6,0.6,0,108,23.4,9.2,33.7,42.5,28.5,36.7,2021,7,July,24,Saturday,3,Light Drizzle
2021-07-25 00:00:00,51,0.4,0.4,0,110,20.2,12.1,35.8,43.1,29,36.1,2021,7,July,25,Sunday,3,Light Drizzle
2021-07-26 00:00:00,63,3.9,3.9,0,125,28.1,13.7,35.7,40.6,29.1,34.3,2021,7,July,26,Monday,3,Moderate Rain
2021-07-27 00:00:00,63,20.1,20.1,0,160,25.6,12.2,32.8,40.2,27,33,2021,7,July,27,Tuesday,3,Moderate Rain
2021-07-28 00:00:00,63,24,24,0,122,29.5,15.9,30.7,34.2,25.4,28.1,2021,7,July,28,Wednesday,3,Moderate Rain
2021-07-29 00:00:00,63,4.2,4.2,0,110,29.5,14.4,30,36.5,25,31.8,2021,7,July,29,Thursday,3,Moderate Rain
2021-07-30 00:00:00,61,4.3,4.3,0,106,35.3,17.7,30.3,35.4,25.8,30.9,2021,7,July,30,Friday,3,Slight Rain
2021-07-31 00:00:00,53,2.2,2.2,0,109,35.3,17.1,32.6,37.4,26.6,31.9,2021,7,July,31,Saturday,3,Moderate Drizzle
2021-08-01 00:00:00,53,2.4,2.4,0,128,19.4,11.4,32.8,41,26.5,33.8,2021,8,August,1,Sunday,3,Moderate Drizzle
2021-08-02 00:00:00,53,1.3,1.3,0,116,22.3,9.4,33.8,42.1,27.2,34,2021,8,August,2,Monday,3,Moderate Drizzle
2021-08-03 00:00:00,51,0.3,0.3,0,125,24.8,11.5,33.5,42.4,27.1,34.5,2021,8,August,3,Tuesday,3,Light Drizzle
2021-08-04 00:00:00,63,3.1,3.1,0,104,22.7,10.3,32.8,42.7,26.6,34.3,2021,8,August,4,Wednesday,3,Moderate Rain
2021-08-05 00:00:00,63,3.7,3.7,0,111,24.8,12.9,33,41.5,27,34.2,2021,8,August,5,Thursday,3,Moderate Rain
2021-08-06 00:00:00,53,1.1,1.1,0,92,30.2,14.4,31.5,41.8,26.1,33.7,2021,8,August,6,Friday,3,Moderate Drizzle
2021-08-07 00:00:00,51,0.1,0.1,0,124,23,9.8,32.6,42.3,26.4,35.1,2021,8,August,7,Saturday,3,Light Drizzle
2021-08-08 00:00:00,51,0.5,0.5,0,113,24.8,13.4,33.8,42.4,27.5,34.8,2021,8,August,8,Sunday,3,Light Drizzle
2021-08-09 00:00:00,53,2.5,2.5,0,111,29.2,9.8,33.7,42.1,27.6,34.1,2021,8,August,9,Monday,3,Moderate Drizzle
2021-08-10 00:00:00,51,0.7,0.7,0,119,23,12.4,33.7,42.1,27.2,35.4,2021,8,August,10,Tuesday,3,Light Drizzle
2021-08-11 00:00:00,1,0,0,0,159,22.7,10.7,33.3,42.4,27.6,37.2,2021,8,August,11,Wednesday,3,Mainly Clear
2021-08-12 00:00:00,1,0,0,0,172,22.3,9.8,33.4,42.4,27.6,37.4,2021,8,August,12,Thursday,3,Mainly Clear
2021-08-13 00:00:00,3,0,0,0,147,22.7,11.8,34.1,42.1,28.3,38,2021,8,August,13,Friday,3,Overcast
2021-08-14 00:00:00,63,3.2,3.2,0,132,25.2,11.5,31.7,42.4,26.7,36.7,2021,8,August,14,Saturday,3,Moderate Rain
2021-08-15 00:00:00,63,6.5,6.5,0,90,35.3,18.4,31.2,39.9,27,33.1,2021,8,August,15,Sunday,3,Moderate Rain
2021-08-16 00:00:00,55,1.2,1.2,0,110,20.9,10.2,32.2,42.6,27.3,36.3,2021,8,August,16,Monday,3,Dense Drizzle
2021-08-17 00:00:00,1,0,0,0,160,22.3,11.5,32.8,43.3,27.9,38.1,2021,8,August,17,Tuesday,3,Mainly Clear
2021-08-18 00:00:00,1,0,0,0,174,16.6,9.1,32.3,42.7,28.2,38.6,2021,8,August,18,Wednesday,3,Mainly Clear
2021-08-19 00:00:00,1,0,0,0,125,20.2,11.8,33.1,42.8,28.2,38.9,2021,8,August,19,Thursday,3,Mainly Clear
2021-08-20 00:00:00,3,0,0,0,116,29.5,15.5,31.6,43,27,37.3,2021,8,August,20,Friday,3,Overcast
2021-08-21 00:00:00,51,0.1,0.1,0,116,40.3,20.6,30.9,38.1,26.6,33.9,2021,8,August,21,Saturday,3,Light Drizzle
2021-08-22 00:00:00,53,0.6,0.6,0,75,29.5,13.8,30.4,37.3,24.9,32.5,2021,8,August,22,Sunday,3,Moderate Drizzle
2021-08-23 00:00:00,3,0,0,0,121,23,8.5,30.5,40.9,24.9,34.8,2021,8,August,23,Monday,3,Overcast
2021-08-24 00:00:00,2,0,0,0,156,24.5,14.3,33.1,43.3,27.3,38.2,2021,8,August,24,Tuesday,3,Partly Cloudy
2021-08-25 00:00:00,2,0,0,0,197,23,10.4,33.7,43.9,28.8,39.2,2021,8,August,25,Wednesday,3,Partly Cloudy
2021-08-26 00:00:00,0,0,0,0,188,25.6,11.4,32.8,42.9,28.6,38.8,2021,8,August,26,Thursday,3,Clear Sky
2021-08-27 00:00:00,1,0,0,0,126,22,12.3,32.7,43.7,28.4,38.5,2021,8,August,27,Friday,3,Mainly Clear
2021-08-28 00:00:00,1,0,0,0,111,29.5,14.4,32.5,41.2,27.9,36.4,2021,8,August,28,Saturday,3,Mainly Clear
2021-08-29 00:00:00,51,0.2,0.2,0,113,33.5,16.4,32.7,41.8,27.4,35.5,2021,8,August,29,Sunday,3,Light Drizzle
2021-08-30 00:00:00,61,3.2,3.2,0,104,42.1,19.8,30.1,38.8,26.1,33.5,2021,8,August,30,Monday,3,Slight Rain
2021-08-31 00:00:00,63,5.3,5.3,0,78,38.9,18.4,27.6,36.2,24.6,32.5,2021,8,August,31,Tuesday,3,Moderate Rain
2021-09-01 00:00:00,53,2,2,0,118,23.4,12,30.6,40.1,25.3,33.8,2021,9,September,1,Wednesday,3,Moderate Drizzle
2021-09-02 00:00:00,51,0.1,0.1,0,104,23.8,9.5,31.3,39.4,25.8,34,2021,9,September,2,Thursday,3,Light Drizzle
2021-09-03 00:00:00,61,3.2,3.2,0,98,24.8,10.1,31.5,38.5,25.5,33.7,2021,9,September,3,Friday,3,Slight Rain
2021-09-04 00:00:00,0,0,0,0,117,18,8.6,30.7,40.3,25,34.3,2021,9,September,4,Saturday,3,Clear Sky
2021-09-05 00:00:00,1,0,0,0,107,23.4,10.8,31.8,40.7,26.3,35,2021,9,September,5,Sunday,3,Mainly Clear
2021-09-06 00:00:00,51,0.2,0.2,0,104,23,8,33,41.8,27.6,35.4,2021,9,September,6,Monday,3,Light Drizzle
2021-09-07 00:00:00,51,0.6,0.6,0,107,32.4,15,32.6,40.5,27.4,34.9,2021,9,September,7,Tuesday,3,Light Drizzle
2021-09-08 00:00:00,61,3.9,3.9,0,84,30.2,14.1,31.1,36.7,26.6,32.5,2021,9,September,8,Wednesday,3,Slight Rain
2021-09-09 00:00:00,53,2.4,2.4,0,94,30.2,13.6,31.1,37.9,26.5,32.9,2021,9,September,9,Thursday,3,Moderate Drizzle
2021-09-10 00:00:00,65,28.8,28.8,0,92,39.6,15.8,28.2,38.1,24.5,31.4,2021,9,September,10,Friday,3,Heavy Rain
2021-09-11 00:00:00,63,18.4,18.4,0,70,46.4,19.1,27.9,32.3,24.2,28.8,2021,9,September,11,Saturday,3,Moderate Rain
2021-09-12 00:00:00,53,3.5,3.5,0,58,31.7,15.9,26.7,32.1,22.6,28.4,2021,9,September,12,Sunday,3,Moderate Drizzle
2021-09-13 00:00:00,0,0,0,0,46,20.5,8.4,27.4,38.6,22.9,32,2021,9,September,13,Monday,3,Clear Sky
2021-09-14 00:00:00,51,0.5,0.5,0,80,22.7,8.8,30,39.1,25.2,32.6,2021,9,September,14,Tuesday,3,Light Drizzle
2021-09-15 00:00:00,2,0,0,0,327,27.4,14,30.8,39.9,25.9,33.9,2021,9,September,15,Wednesday,3,Partly Cloudy
2021-09-16 00:00:00,0,0,0,0,150,24.5,12.2,31.1,39.3,26.1,34,2021,9,September,16,Thursday,3,Clear Sky
2021-09-17 00:00:00,2,0,0,0,123,30.2,15.6,28.6,38.3,25.7,32.6,2021,9,September,17,Friday,3,Partly Cloudy
2021-09-18 00:00:00,51,0.3,0.3,0,105,24.8,8.3,30.8,39.7,26,32.7,2021,9,September,18,Saturday,3,Light Drizzle
2021-09-19 00:00:00,51,0.3,0.3,0,76,21.6,8.3,31.8,39.5,26.6,32.9,2021,9,September,19,Sunday,3,Light Drizzle
2021-09-20 00:00:00,63,5.2,5.2,0,75,31,18.3,29.5,39.9,25.7,32.7,2021,9,September,20,Monday,3,Moderate Rain
2021-09-21 00:00:00,63,16,16,0,101,42.5,21.9,29.1,38.3,24.2,31.9,2021,9,September,21,Tuesday,3,Moderate Rain
2021-09-22 00:00:00,61,3.5,3.5,0,107,24.8,14.3,28.5,36.4,23.4,31,2021,9,September,22,Wednesday,3,Slight Rain
2021-09-23 00:00:00,61,3.5,3.5,0,93,27,12.1,28,34.4,23.4,29.4,2021,9,September,23,Thursday,3,Slight Rain
2021-09-24 00:00:00,51,0.3,0.3,0,70,22.3,10.1,27.2,35.3,23.5,30.6,2021,9,September,24,Friday,3,Light Drizzle
2021-09-25 00:00:00,51,0.1,0.1,0,238,17.6,8,29.2,37.5,24.2,32.2,2021,9,September,25,Saturday,3,Light Drizzle
2021-09-26 00:00:00,0,0,0,0,113,16.2,8.4,29.9,38.6,24.8,32.6,2021,9,September,26,Sunday,3,Clear Sky
2021-09-27 00:00:00,0,0,0,0,60,19.1,7.5,30.8,38.4,25.3,33.1,2021,9,September,27,Monday,3,Clear Sky
2021-09-28 00:00:00,1,0,0,0,98,16.6,6.6,30.8,38.9,25.6,33.2,2021,9,September,28,Tuesday,3,Mainly Clear
2021-09-29 00:00:00,1,0,0,0,107,23,9.4,30.5,39,25.5,33.1,2021,9,September,29,Wednesday,3,Mainly Clear
2021-09-30 00:00:00,51,0.6,0.6,0,129,22.3,12.3,30,38.2,25.3,32.6,2021,9,September,30,Thursday,3,Light Drizzle
2021-10-01 00:00:00,1,0,0,0,114,20.9,8.7,30.7,40,25.7,33.3,2021,10,October,1,Friday,4,Mainly Clear
2021-10-02 00:00:00,61,1.5,1.5,0,105,22.3,11.6,29.1,39.1,24.6,32.8,2021,10,October,2,Saturday,4,Slight Rain
2021-10-03 00:00:00,51,0.1,0.1,0,101,20.2,11.3,30.6,39.8,25.5,33.7,2021,10,October,3,Sunday,4,Light Drizzle
2021-10-04 00:00:00,53,2.1,2.1,0,75,29.9,11.9,28.6,38.1,25,33,2021,10,October,4,Monday,4,Moderate Drizzle
2021-10-05 00:00:00,51,0.5,0.5,0,87,24.1,12,28.1,36.6,23.6,32.1,2021,10,October,5,Tuesday,4,Light Drizzle
2021-10-06 00:00:00,0,0,0,0,296,22.3,10.1,25.3,37.1,23.4,34,2021,10,October,6,Wednesday,4,Clear Sky
2021-10-07 00:00:00,0,0,0,0,257,23.4,9.4,25.5,37.1,22.4,34,2021,10,October,7,Thursday,4,Clear Sky
2021-10-08 00:00:00,0,0,0,0,151,18.7,10.6,26.4,38.5,23.1,35.1,2021,10,October,8,Friday,4,Clear Sky
2021-10-09 00:00:00,0,0,0,0,111,15.8,9.5,27.4,37.8,23.2,34.8,2021,10,October,9,Saturday,4,Clear Sky
2021-10-10 00:00:00,0,0,0,0,118,39.2,22.1,22.7,35.9,22,35.2,2021,10,October,10,Sunday,4,Clear Sky
2021-10-11 00:00:00,1,0,0,0,114,41.8,18.9,25,35.5,23.3,35.3,2021,10,October,11,Monday,4,Mainly Clear
2021-10-12 00:00:00,0,0,0,0,302,17.6,9.9,21.2,35.2,20,33.5,2021,10,October,12,Tuesday,4,Clear Sky
2021-10-13 00:00:00,0,0,0,0,309,21.6,9.4,20.1,32.6,19.6,32.3,2021,10,October,13,Wednesday,4,Clear Sky
2021-10-14 00:00:00,0,0,0,0,315,20.2,11,17.9,33.1,18.4,32.8,2021,10,October,14,Thursday,4,Clear Sky
2021-10-15 00:00:00,0,0,0,0,305,18,9.8,18.5,33.2,18.5,33.4,2021,10,October,15,Friday,4,Clear Sky
2021-10-16 00:00:00,51,0.1,0.1,0,313,18,9.8,21.2,34.3,19.9,33.4,2021,10,October,16,Saturday,4,Light Drizzle
2021-10-17 00:00:00,61,3.2,3.2,0,78,36,16.3,22.1,31.6,20.7,31.6,2021,10,October,17,Sunday,4,Slight Rain
2021-10-18 00:00:00,61,2.8,2.8,0,1,25.2,14.8,21.9,29.5,20.4,27.2,2021,10,October,18,Monday,4,Slight Rain
2021-10-19 00:00:00,0,0,0,0,285,27,14.5,19.4,31.4,18.7,31.3,2021,10,October,19,Tuesday,4,Clear Sky
2021-10-20 00:00:00,0,0,0,0,218,17.6,10.6,18.8,33.3,18.4,31.9,2021,10,October,20,Wednesday,4,Clear Sky
2021-10-21 00:00:00,0,0,0,0,190,19.8,9.9,16.7,34.2,17.3,31.4,2021,10,October,21,Thursday,4,Clear Sky
2021-10-22 00:00:00,65,13.4,13.4,0,153,37.4,18.7,17.4,30.9,17.4,31,2021,10,October,22,Friday,4,Heavy Rain
2021-10-23 00:00:00,65,40.3,40.3,0,94,46.1,24.8,17.2,27.5,17.8,26.7,2021,10,October,23,Saturday,4,Heavy Rain
2021-10-24 00:00:00,53,1.1,1.1,0,75,32.8,18.5,14.3,22.8,15.6,22.4,2021,10,October,24,Sunday,4,Moderate Drizzle
2021-10-25 00:00:00,0,0,0,0,330,24.8,11.5,13.5,24.8,14.2,25.2,2021,10,October,25,Monday,4,Clear Sky
2021-10-26 00:00:00,0,0,0,0,330,18.4,8.6,13.3,25.5,13.9,25.6,2021,10,October,26,Tuesday,4,Clear Sky
2021-10-27 00:00:00,0,0,0,0,317,16.9,11,13.6,27.3,14.6,26.6,2021,10,October,27,Wednesday,4,Clear Sky
2021-10-28 00:00:00,0,0,0,0,328,17.3,10.1,13.6,28.7,14.2,27.2,2021,10,October,28,Thursday,4,Clear Sky
2021-10-29 00:00:00,0,0,0,0,352,15.1,10.5,15.1,28.2,15.1,27.7,2021,10,October,29,Friday,4,Clear Sky
2021-10-30 00:00:00,0,0,0,0,316,23,12,12.9,27.9,14.6,28.7,2021,10,October,30,Saturday,4,Clear Sky
2021-10-31 00:00:00,0,0,0,0,86,14.4,10.5,13.4,27.6,14.7,27.1,2021,10,October,31,Sunday,4,Clear Sky
2021-11-01 00:00:00,51,0.5,0.5,0,83,38.2,22.4,14.7,26.2,15.2,27.7,2021,11,November,1,Monday,4,Light Drizzle
2021-11-02 00:00:00,2,0,0,0,51,50.4,28.3,13,21.8,15.5,24.2,2021,11,November,2,Tuesday,4,Partly Cloudy
2021-11-03 00:00:00,0,0,0,0,23,25.6,15.8,13,26.4,14.9,27.4,2021,11,November,3,Wednesday,4,Clear Sky
2021-11-04 00:00:00,0,0,0,0,337,13.7,9.5,12.9,27.2,13.8,27,2021,11,November,4,Thursday,4,Clear Sky
2021-11-05 00:00:00,0,0,0,0,52,19.4,11.6,13.6,26.7,14.5,26.9,2021,11,November,5,Friday,4,Clear Sky
2021-11-06 00:00:00,0,0,0,0,303,25.2,12.7,12.9,25.5,13.9,27.4,2021,11,November,6,Saturday,4,Clear Sky
2021-11-07 00:00:00,0,0,0,0,316,19.4,8.7,12.5,26.2,13.8,26.6,2021,11,November,7,Sunday,4,Clear Sky
2021-11-08 00:00:00,0,0,0,0,311,20.5,11,12.4,25.9,13.8,27.4,2021,11,November,8,Monday,4,Clear Sky
2021-11-09 00:00:00,0,0,0,0,27,15.5,8.5,12,26.8,13,27.2,2021,11,November,9,Tuesday,4,Clear Sky
2021-11-10 00:00:00,0,0,0,0,109,16.6,9.2,12.4,28.9,12.9,27.9,2021,11,November,10,Wednesday,4,Clear Sky
2021-11-11 00:00:00,0,0,0,0,318,16.6,11.3,12.6,26.9,13.3,27.2,2021,11,November,11,Thursday,4,Clear Sky
2021-11-12 00:00:00,0,0,0,0,300,16.9,10.8,11.4,25.9,13.2,27,2021,11,November,12,Friday,4,Clear Sky
2021-11-13 00:00:00,0,0,0,0,300,18.7,11.2,12.3,25,13.5,26.5,2021,11,November,13,Saturday,4,Clear Sky
2021-11-14 00:00:00,0,0,0,0,171,17.6,11.8,10.9,24.8,11.8,26.8,2021,11,November,14,Sunday,4,Clear Sky
2021-11-15 00:00:00,0,0,0,0,301,19.4,10.8,10.5,23.6,11.3,25.9,2021,11,November,15,Monday,4,Clear Sky
2021-11-16 00:00:00,0,0,0,0,327,15.5,7.6,9.5,23.4,11,24.5,2021,11,November,16,Tuesday,4,Clear Sky
2021-11-17 00:00:00,0,0,0,0,324,14,8,9.9,23.9,11.2,25.2,2021,11,November,17,Wednesday,4,Clear Sky
2021-11-18 00:00:00,0,0,0,0,299,15.5,7,10.9,22.8,11.7,24.2,2021,11,November,18,Thursday,4,Clear Sky
2021-11-19 00:00:00,0,0,0,0,317,21.6,10.5,9.5,22.6,10.7,24.3,2021,11,November,19,Friday,4,Clear Sky
2021-11-20 00:00:00,0,0,0,0,326,16.9,10.5,9.8,23,10.9,24.5,2021,11,November,20,Saturday,4,Clear Sky
2021-11-21 00:00:00,0,0,0,0,311,22,11.3,9.1,23.1,10.6,25.3,2021,11,November,21,Sunday,4,Clear Sky
2021-11-22 00:00:00,0,0,0,0,290,27,15,7.3,22.1,9.2,24.9,2021,11,November,22,Monday,4,Clear Sky
2021-11-23 00:00:00,0,0,0,0,155,15.8,9.1,7.4,23,9.2,24.5,2021,11,November,23,Tuesday,4,Clear Sky
2021-11-24 00:00:00,0,0,0,0,99,22,13.7,9.6,23.8,10.9,25.3,2021,11,November,24,Wednesday,4,Clear Sky
2021-11-25 00:00:00,1,0,0,0,52,17.6,10.2,10.1,24.4,11.4,25.1,2021,11,November,25,Thursday,4,Mainly Clear
2021-11-26 00:00:00,0,0,0,0,127,14,9.3,9.4,23.5,10.8,24,2021,11,November,26,Friday,4,Clear Sky
2021-11-27 00:00:00,0,0,0,0,91,19.1,9.4,9.6,23.4,10.5,24.5,2021,11,November,27,Saturday,4,Clear Sky
2021-11-28 00:00:00,0,0,0,0,360,15.8,10.6,9.8,23.7,11.1,24.2,2021,11,November,28,Sunday,4,Clear Sky
2021-11-29 00:00:00,0,0,0,0,314,27.7,15.5,9.5,22.2,10.9,24.7,2021,11,November,29,Monday,4,Clear Sky
2021-11-30 00:00:00,3,0,0,0,264,18,7.9,9.1,21.9,10.2,23.3,2021,11,November,30,Tuesday,4,Overcast
2021-12-01 00:00:00,3,0,0,0,57,14.8,8.9,7.9,22.9,9.2,23.2,2021,12,December,1,Wednesday,4,Overcast
2021-12-02 00:00:00,3,0,0,0,332,15.5,9.4,9,21.8,10.5,22.6,2021,12,December,2,Thursday,4,Overcast
2021-12-03 00:00:00,1,0,0,0,28,14,9.7,9.2,22.4,10.2,22.7,2021,12,December,3,Friday,4,Mainly Clear
2021-12-04 00:00:00,1,0,0,0,295,16.2,8.7,10.5,23.1,11.3,23.6,2021,12,December,4,Saturday,4,Mainly Clear
2021-12-05 00:00:00,51,0.6,0.6,0,77,38.5,23.7,10.9,22.4,11.6,23.3,2021,12,December,5,Sunday,4,Light Drizzle
2021-12-06 00:00:00,0,0,0,0,344,20.9,10.5,9.4,20.8,10.7,22.4,2021,12,December,6,Monday,4,Clear Sky
2021-12-07 00:00:00,2,0,0,0,318,20.9,10.7,8.4,19.8,9.8,21.7,2021,12,December,7,Tuesday,4,Partly Cloudy
2021-12-08 00:00:00,0,0,0,0,321,17.3,8.5,7.4,20.2,9,21.9,2021,12,December,8,Wednesday,4,Clear Sky
2021-12-09 00:00:00,0,0,0,0,316,15.5,10.9,7.9,21,9.6,22.5,2021,12,December,9,Thursday,4,Clear Sky
2021-12-10 00:00:00,0,0,0,0,295,20.5,11.3,5.6,19.9,7.8,22.1,2021,12,December,10,Friday,4,Clear Sky
2021-12-11 00:00:00,3,0,0,0,321,16.6,9.4,3.7,18.5,6.2,20.9,2021,12,December,11,Saturday,4,Overcast
2021-12-12 00:00:00,3,0,0,0,82,13,9.6,4.5,19.4,6.7,20.9,2021,12,December,12,Sunday,4,Overcast
2021-12-13 00:00:00,3,0,0,0,64,13.3,8.9,4.7,18.8,6.5,19.7,2021,12,December,13,Monday,4,Overcast
2021-12-14 00:00:00,0,0,0,0,34,14.8,9.4,5.1,18.1,7.2,19.7,2021,12,December,14,Tuesday,4,Clear Sky
2021-12-15 00:00:00,0,0,0,0,317,16.9,10.1,4,17.1,6.5,19.3,2021,12,December,15,Wednesday,4,Clear Sky
2021-12-16 00:00:00,51,0.1,0.1,0,348,20.2,11.7,3.4,16.1,5.7,17.4,2021,12,December,16,Thursday,4,Light Drizzle
2021-12-17 00:00:00,0,0,0,0,299,23,11.9,2.6,14.2,5.1,17.1,2021,12,December,17,Friday,4,Clear Sky
2021-12-18 00:00:00,0,0,0,0,296,26.3,14,1.3,13.5,4.2,16.8,2021,12,December,18,Saturday,4,Clear Sky
2021-12-19 00:00:00,3,0,0,0,294,18.4,8.9,0.1,13.7,3.1,16.2,2021,12,December,19,Sunday,4,Overcast
2021-12-20 00:00:00,51,0.4,0.4,0,122,15.8,9.7,1.6,15.8,4.3,17.2,2021,12,December,20,Monday,4,Light Drizzle
2021-12-21 00:00:00,3,0,0,0,91,15.1,8.9,2.6,17,5.2,18.3,2021,12,December,21,Tuesday,4,Overcast
2021-12-22 00:00:00,51,0.3,0.3,0,67,13.3,9.9,3.9,17.6,5.9,18.3,2021,12,December,22,Wednesday,4,Light Drizzle
2021-12-23 00:00:00,3,0,0,0,49,13,8.7,5.8,17.9,7.8,18.7,2021,12,December,23,Thursday,4,Overcast
2021-12-24 00:00:00,0,0,0,0,49,12.2,8.2,4.8,18.7,6.8,19.2,2021,12,December,24,Friday,4,Clear Sky
2021-12-25 00:00:00,3,0,0,0,81,14,7,5,19.1,6.7,19.1,2021,12,December,25,Saturday,4,Overcast
2021-12-26 00:00:00,51,0.2,0.2,0,66,28.1,15.3,5.6,17.5,7.6,17.7,2021,12,December,26,Sunday,4,Light Drizzle
2021-12-27 00:00:00,0,0,0,0,13,14,8.2,5,18.3,7,18,2021,12,December,27,Monday,4,Clear Sky
2021-12-28 00:00:00,0,0,0,0,329,23.8,11.8,3.5,15.9,5.9,18.7,2021,12,December,28,Tuesday,4,Clear Sky
2021-12-29 00:00:00,3,0,0,0,283,22.3,11.3,2.3,14.8,4.9,17.4,2021,12,December,29,Wednesday,4,Overcast
2021-12-30 00:00:00,3,0,0,0,332,15.1,8.4,3.2,16.6,5.5,18.1,2021,12,December,30,Thursday,4,Overcast
2021-12-31 00:00:00,3,0,0,0,309,19.1,10.5,3.5,16.3,5.7,18.1,2021,12,December,31,Friday,4,Overcast
2022-01-01 00:00:00,3,0,0,0,320,18,10.7,2.7,16.2,5.3,18,2022,1,January,1,Saturday,1,Overcast
2022-01-02 00:00:00,3,0,0,0,317,19.4,10,3.6,16.3,6.1,18.8,2022,1,January,2,Sunday,1,Overcast
2022-01-03 00:00:00,3,0,0,0,334,20.9,12.3,5.5,17.6,8,19.1,2022,1,January,3,Monday,1,Overcast
2022-01-04 00:00:00,53,1.1,1.1,0,59,27.7,13.5,10.2,13.9,11.3,15.8,2022,1,January,4,Tuesday,1,Moderate Drizzle
2022-01-05 00:00:00,63,19.4,19.4,0,106,25.6,15.3,8.5,13.7,9.7,13.6,2022,1,January,5,Wednesday,1,Moderate Rain
2022-01-06 00:00:00,53,2.7,2.7,0,112,29.5,15.1,11,15.4,11.7,16.4,2022,1,January,6,Thursday,1,Moderate Drizzle
2022-01-07 00:00:00,63,28.1,28.1,0,135,45,27,10.3,13.5,11.4,14.5,2022,1,January,7,Friday,1,Moderate Rain
2022-01-08 00:00:00,63,12,12,0,214,30.6,15.5,5.1,14.8,7.2,16.4,2022,1,January,8,Saturday,1,Moderate Rain
2022-01-09 00:00:00,51,0.2,0.2,0,301,16.6,9.7,4.4,15.3,6.6,16.1,2022,1,January,9,Sunday,1,Light Drizzle
2022-01-10 00:00:00,51,0.1,0.1,0,319,15.5,9.2,5.1,15.6,7.1,16.3,2022,1,January,10,Monday,1,Light Drizzle
2022-01-11 00:00:00,3,0,0,0,296,21.2,10.3,3.6,15.6,6,17.1,2022,1,January,11,Tuesday,1,Overcast
2022-01-12 00:00:00,3,0,0,0,322,16.9,8.7,4.6,15.5,6.7,17.5,2022,1,January,12,Wednesday,1,Overcast
2022-01-13 00:00:00,3,0,0,0,47,14.8,8.6,4,16.2,6.2,16.5,2022,1,January,13,Thursday,1,Overcast
2022-01-14 00:00:00,3,0,0,0,36,15.1,4.7,3.7,15.4,5.4,15.7,2022,1,January,14,Friday,1,Overcast
2022-01-15 00:00:00,3,0,0,0,152,17.6,7.8,4.2,14.7,6.3,15.2,2022,1,January,15,Saturday,1,Overcast
2022-01-16 00:00:00,3,0,0,0,118,12.6,7.1,5.7,13.6,7.2,13.9,2022,1,January,16,Sunday,1,Overcast
2022-01-17 00:00:00,51,0.1,0.1,0,52,14.8,7.1,4.7,14.7,6.2,15.1,2022,1,January,17,Monday,1,Light Drizzle
2022-01-18 00:00:00,3,0,0,0,284,20.5,10.6,4.7,15.4,6.3,15.9,2022,1,January,18,Tuesday,1,Overcast
2022-01-19 00:00:00,63,4.8,4.8,0,11,14.8,8.3,8.6,16.1,9.5,16,2022,1,January,19,Wednesday,1,Moderate Rain
2022-01-20 00:00:00,51,0.4,0.4,0,218,15.1,6.8,6.9,16.2,7.8,16,2022,1,January,20,Thursday,1,Light Drizzle
2022-01-21 00:00:00,51,0.6,0.6,0,112,21.6,12.6,7.4,15.2,8.4,16.9,2022,1,January,21,Friday,1,Light Drizzle
2022-01-22 00:00:00,63,24,24,0,93,37.8,22.5,8.3,11.7,10.5,13.2,2022,1,January,22,Saturday,1,Moderate Rain
2022-01-23 00:00:00,53,2.3,2.3,0,132,32.8,18.1,7.1,13.7,8.6,15.5,2022,1,January,23,Sunday,1,Moderate Drizzle
2022-01-24 00:00:00,51,0.4,0.4,0,104,19.4,8.1,4.3,13.8,5.8,15,2022,1,January,24,Monday,1,Light Drizzle
2022-01-25 00:00:00,53,1.3,1.3,0,292,19.8,8.7,4.6,14.6,6.4,16.1,2022,1,January,25,Tuesday,1,Moderate Drizzle
2022-01-26 00:00:00,3,0,0,0,296,20.9,10.8,4,15,6.6,16.8,2022,1,January,26,Wednesday,1,Overcast
2022-01-27 00:00:00,0,0,0,0,294,24.8,12.4,3.1,15,5.7,17.6,2022,1,January,27,Thursday,1,Clear Sky
2022-01-28 00:00:00,0,0,0,0,250,25.6,12.4,3,15.5,5.6,17.8,2022,1,January,28,Friday,1,Clear Sky
2022-01-29 00:00:00,1,0,0,0,306,15.5,10.7,4.1,17.9,5.8,19.1,2022,1,January,29,Saturday,1,Mainly Clear
2022-01-30 00:00:00,3,0,0,0,280,21.6,12.3,5.8,18.2,7.7,19.5,2022,1,January,30,Sunday,1,Overcast
2022-01-31 00:00:00,2,0,0,0,129,17.6,8.9,5.3,19,7.3,19.8,2022,1,January,31,Monday,1,Partly Cloudy
2022-02-01 00:00:00,1,0,0,0,316,25.9,13.4,3.5,19.3,6.1,20.1,2022,2,February,1,Tuesday,1,Mainly Clear
2022-02-02 00:00:00,55,5.1,5.1,0,80,30.2,18.6,3.9,16.6,6.4,17.8,2022,2,February,2,Wednesday,1,Dense Drizzle
2022-02-03 00:00:00,51,0.7,0.7,0,62,40,22.4,3,11.2,5.3,13.5,2022,2,February,3,Thursday,1,Light Drizzle
2022-02-04 00:00:00,51,0.1,0.1,0,80,16.2,8.6,3.1,15.5,5.2,16.3,2022,2,February,4,Friday,1,Light Drizzle
2022-02-05 00:00:00,3,0,0,0,115,15.8,8.8,3.8,16.1,5.8,16.9,2022,2,February,5,Saturday,1,Overcast
2022-02-06 00:00:00,53,0.9,0.9,0,90,17.6,9.2,5,17,6.9,17.7,2022,2,February,6,Sunday,1,Moderate Drizzle
2022-02-07 00:00:00,51,0.1,0.1,0,23,22,13,6.5,19,8.7,20.3,2022,2,February,7,Monday,1,Light Drizzle
2022-02-08 00:00:00,3,0,0,0,346,17.6,9.2,6.4,20.1,8.1,20.7,2022,2,February,8,Tuesday,1,Overcast
2022-02-09 00:00:00,51,0.5,0.5,0,327,34.2,21.8,6,18.6,8.1,19.9,2022,2,February,9,Wednesday,1,Light Drizzle
2022-02-10 00:00:00,0,0,0,0,313,21.6,10.8,5.2,18.1,7.5,20.1,2022,2,February,10,Thursday,1,Clear Sky
2022-02-11 00:00:00,3,0,0,0,302,33.1,17.9,4.7,17.7,7.2,20.6,2022,2,February,11,Friday,1,Overcast
2022-02-12 00:00:00,0,0,0,0,218,17.3,9.4,4.4,20.2,6.9,21.2,2022,2,February,12,Saturday,1,Clear Sky
2022-02-13 00:00:00,3,0,0,0,118,18.4,9,6.5,21.2,8.2,21.9,2022,2,February,13,Sunday,1,Overcast
2022-02-14 00:00:00,3,0,0,0,108,17.3,9.9,7.6,22.4,9.3,22,2022,2,February,14,Monday,1,Overcast
2022-02-15 00:00:00,1,0,0,0,52,15.1,9.4,7.9,22.4,9.2,21.9,2022,2,February,15,Tuesday,1,Mainly Clear
2022-02-16 00:00:00,3,0,0,0,17,25.6,14.1,8,22,9.2,21.7,2022,2,February,16,Wednesday,1,Overcast
2022-02-17 00:00:00,3,0,0,0,42,16.9,10,6.3,22.8,8.2,22.3,2022,2,February,17,Thursday,1,Overcast
2022-02-18 00:00:00,3,0,0,0,333,32.8,16.1,7.1,20.9,9.8,21.6,2022,2,February,18,Friday,1,Overcast
2022-02-19 00:00:00,0,0,0,0,294,29.5,15.4,8.2,20.7,9.8,22.7,2022,2,February,19,Saturday,1,Clear Sky
2022-02-20 00:00:00,0,0,0,0,294,40.7,22,6.6,20.1,9.3,23.2,2022,2,February,20,Sunday,1,Clear Sky
2022-02-21 00:00:00,3,0,0,0,23,24.1,15.1,6.6,23.1,10.1,23.1,2022,2,February,21,Monday,1,Overcast
2022-02-22 00:00:00,65,31.1,31.1,0,107,47.9,24.6,9.5,21.3,10.4,23.7,2022,2,February,22,Tuesday,1,Heavy Rain
2022-02-23 00:00:00,3,0,0,0,156,28.1,15,9.7,19.8,10.7,21.2,2022,2,February,23,Wednesday,1,Overcast
2022-02-24 00:00:00,61,3.4,3.4,0,36,38.9,22.1,8.4,22.2,10,21,2022,2,February,24,Thursday,1,Slight Rain
2022-02-25 00:00:00,65,27.5,27.5,0,36,45.4,27.3,10.1,18.6,10.8,18.8,2022,2,February,25,Friday,1,Heavy Rain
2022-02-26 00:00:00,53,1.8,1.8,0,87,41,24.2,7.2,16.9,8.6,18,2022,2,February,26,Saturday,1,Moderate Drizzle
2022-02-27 00:00:00,3,0,0,0,332,21.6,10.8,7.2,19.6,9,20.5,2022,2,February,27,Sunday,1,Overcast
2022-02-28 00:00:00,3,0,0,0,289,22.7,14.2,7,21.1,9,21.2,2022,2,February,28,Monday,1,Overcast
2022-03-01 00:00:00,3,0,0,0,15,25.9,9.2,10.5,23.2,11.4,21.9,2022,3,March,1,Tuesday,1,Overcast
2022-03-02 00:00:00,3,0,0,0,328,32.8,18.8,10.5,23.9,11.4,23.3,2022,3,March,2,Wednesday,1,Overcast
2022-03-03 00:00:00,63,16.9,16.9,0,4,41.8,23.4,9.7,17.8,11,17.8,2022,3,March,3,Thursday,1,Moderate Rain
2022-03-04 00:00:00,3,0,0,0,318,25.9,13,10.1,22.1,11.2,22.4,2022,3,March,4,Friday,1,Overcast
2022-03-05 00:00:00,3,0,0,0,286,21.6,10.3,10,24.4,11.6,24.6,2022,3,March,5,Saturday,1,Overcast
2022-03-06 00:00:00,3,0,0,0,72,40,17.6,14.2,25,14.4,23.8,2022,3,March,6,Sunday,1,Overcast
2022-03-07 00:00:00,3,0,0,0,358,35.6,19.9,12.1,23.8,14.4,25,2022,3,March,7,Monday,1,Overcast
2022-03-08 00:00:00,3,0,0,0,332,22.7,11.7,12.1,27.3,13.7,26.5,2022,3,March,8,Tuesday,1,Overcast
2022-03-09 00:00:00,3,0,0,0,332,20.9,12.8,13,27.5,13.4,26.3,2022,3,March,9,Wednesday,1,Overcast
2022-03-10 00:00:00,3,0,0,0,307,26.6,14,13.1,26.7,13.8,26.6,2022,3,March,10,Thursday,1,Overcast
2022-03-11 00:00:00,3,0,0,0,312,24.5,12.4,12.6,28.4,13.5,28.1,2022,3,March,11,Friday,1,Overcast
2022-03-12 00:00:00,2,0,0,0,303,18.4,9.6,13.4,30.7,14.1,29.5,2022,3,March,12,Saturday,1,Partly Cloudy
2022-03-13 00:00:00,0,0,0,0,304,19.1,10.8,16.4,32.2,16.1,30.4,2022,3,March,13,Sunday,1,Clear Sky
2022-03-14 00:00:00,0,0,0,0,89,20.9,9.4,17.4,35.1,16.4,31.9,2022,3,March,14,Monday,1,Clear Sky
2022-03-15 00:00:00,1,0,0,0,305,20.2,12.2,19.6,35.6,18.6,32.4,2022,3,March,15,Tuesday,1,Mainly Clear
2022-03-16 00:00:00,2,0,0,0,300,34.6,19,19.4,34.5,19.3,34.7,2022,3,March,16,Wednesday,1,Partly Cloudy
2022-03-17 00:00:00,1,0,0,0,81,20.2,12.4,18.4,38.5,19,34.7,2022,3,March,17,Thursday,1,Mainly Clear
2022-03-18 00:00:00,0,0,0,0,112,32.8,17.1,22.4,35.8,20.9,33.1,2022,3,March,18,Friday,1,Clear Sky
2022-03-19 00:00:00,0,0,0,0,73,36,18.9,22,37.2,20.8,33.5,2022,3,March,19,Saturday,1,Clear Sky
2022-03-20 00:00:00,61,2.2,2.2,0,23,69.1,38.2,18.8,36.3,17.9,33.3,2022,3,March,20,Sunday,1,Slight Rain
2022-03-21 00:00:00,0,0,0,0,323,17.6,10.3,18.4,35.3,17.9,33.3,2022,3,March,21,Monday,1,Clear Sky
2022-03-22 00:00:00,0,0,0,0,299,32.4,17.4,16.5,32.9,17.1,33.3,2022,3,March,22,Tuesday,1,Clear Sky
2022-03-23 00:00:00,3,0,0,0,94,22.3,13,16.8,33.6,16.9,32.3,2022,3,March,23,Wednesday,1,Overcast
2022-03-24 00:00:00,2,0,0,0,9,33.5,17.8,16.6,32.7,18.6,32.5,2022,3,March,24,Thursday,1,Partly Cloudy
2022-03-25 00:00:00,1,0,0,0,321,25.2,12.1,15.5,32.3,16.5,32.4,2022,3,March,25,Friday,1,Mainly Clear
2022-03-26 00:00:00,0,0,0,0,308,32,17.7,15.5,32.8,17.2,33.7,2022,3,March,26,Saturday,1,Clear Sky
2022-03-27 00:00:00,0,0,0,0,123,20.9,13.2,15.9,35,17.5,34.3,2022,3,March,27,Sunday,1,Clear Sky
2022-03-28 00:00:00,0,0,0,0,127,29.2,16.1,18.6,37.8,18.8,33.9,2022,3,March,28,Monday,1,Clear Sky
2022-03-29 00:00:00,0,0,0,0,97,16.6,10.2,18.9,37.1,18.4,35.4,2022,3,March,29,Tuesday,1,Clear Sky
2022-03-30 00:00:00,0,0,0,0,100,23.4,13.1,18,35.7,18.5,34.7,2022,3,March,30,Wednesday,1,Clear Sky
2022-03-31 00:00:00,0,0,0,0,328,23.4,12.2,15.6,35.3,19,34.8,2022,3,March,31,Thursday,1,Clear Sky
2022-04-01 00:00:00,0,0,0,0,297,24.5,12.8,15.2,33.8,17.9,35.2,2022,4,April,1,Friday,2,Clear Sky
2022-04-02 00:00:00,0,0,0,0,112,30.6,16.6,15.9,33.9,16.8,35.6,2022,4,April,2,Saturday,2,Clear Sky
2022-04-03 00:00:00,0,0,0,0,69,27,14,17.1,36.4,19.2,35.3,2022,4,April,3,Sunday,2,Clear Sky
2022-04-04 00:00:00,3,0,0,0,313,24.1,11.4,16.5,34.9,18.4,35.9,2022,4,April,4,Monday,2,Overcast
2022-04-05 00:00:00,3,0,0,0,316,20.9,13.5,17.5,36.1,19.6,36.2,2022,4,April,5,Tuesday,2,Overcast
2022-04-06 00:00:00,0,0,0,0,311,25.9,12.6,18.3,36.3,19.8,37.5,2022,4,April,6,Wednesday,2,Clear Sky
2022-04-07 00:00:00,0,0,0,0,304,25.2,13,18.5,38,20.3,38.5,2022,4,April,7,Thursday,2,Clear Sky
2022-04-08 00:00:00,0,0,0,0,75,17.6,10.9,19,39.2,20,38.8,2022,4,April,8,Friday,2,Clear Sky
2022-04-09 00:00:00,2,0,0,0,64,34.6,14.3,21,39.3,20.7,39.1,2022,4,April,9,Saturday,2,Partly Cloudy
2022-04-10 00:00:00,1,0,0,0,336,22.3,12.6,19.5,39.3,20.6,39.1,2022,4,April,10,Sunday,2,Mainly Clear
2022-04-11 00:00:00,3,0,0,0,114,20.5,12.5,20.6,40.5,21.8,40.6,2022,4,April,11,Monday,2,Overcast
2022-04-12 00:00:00,3,0,0,0,120,37.1,23,21.6,37.5,23.8,38.7,2022,4,April,12,Tuesday,2,Overcast
2022-04-13 00:00:00,2,0,0,0,52,28.8,16.9,19.6,37.4,19.7,38.2,2022,4,April,13,Wednesday,2,Partly Cloudy
2022-04-14 00:00:00,51,0.1,0.1,0,50,45.4,22.8,19.8,37.1,21.2,36.1,2022,4,April,14,Thursday,2,Light Drizzle
2022-04-15 00:00:00,3,0,0,0,359,43.6,20.4,19.6,35.1,20.2,35.3,2022,4,April,15,Friday,2,Overcast
2022-04-16 00:00:00,3,0,0,0,43,24.1,14,19.7,37.2,20.6,36.8,2022,4,April,16,Saturday,2,Overcast
2022-04-17 00:00:00,3,0,0,0,79,20.5,11.8,19.4,38.7,20.5,37.8,2022,4,April,17,Sunday,2,Overcast
2022-04-18 00:00:00,3,0,0,0,72,26.6,13,21.3,40.8,21.4,39.2,2022,4,April,18,Monday,2,Overcast
2022-04-19 00:00:00,3,0,0,0,342,28.4,17.2,22.7,40.1,23.6,39.3,2022,4,April,19,Tuesday,2,Overcast
2022-04-20 00:00:00,3,0,0,0,322,51.1,27.3,21.9,37,23.3,38.5,2022,4,April,20,Wednesday,2,Overcast
2022-04-21 00:00:00,51,0.2,0.2,0,77,53.6,25.9,20.3,37.2,21.2,37.8,2022,4,April,21,Thursday,2,Light Drizzle
2022-04-22 00:00:00,2,0,0,0,350,26.3,14.3,19.6,35.3,20.2,34.9,2022,4,April,22,Friday,2,Partly Cloudy
2022-04-23 00:00:00,2,0,0,0,349,33.1,16.4,20.8,35.9,22.3,36.3,2022,4,April,23,Saturday,2,Partly Cloudy
2022-04-24 00:00:00,3,0,0,0,327,32,15.3,19.9,35.6,21,37.6,2022,4,April,24,Sunday,2,Overcast
2022-04-25 00:00:00,53,0.9,0.9,0,343,44.3,24.2,21.3,36.1,22.5,37.4,2022,4,April,25,Monday,2,Moderate Drizzle
2022-04-26 00:00:00,0,0,0,0,337,28.4,13.7,21,38,22.1,39.1,2022,4,April,26,Tuesday,2,Clear Sky
2022-04-27 00:00:00,2,0,0,0,307,27.4,13.3,20.7,39.5,22.5,40.1,2022,4,April,27,Wednesday,2,Partly Cloudy
2022-04-28 00:00:00,3,0,0,0,149,25.9,12.7,22,41.5,23.5,42.5,2022,4,April,28,Thursday,2,Overcast
2022-04-29 00:00:00,3,0,0,0,348,32,16.1,23.2,42,25.7,41.8,2022,4,April,29,Friday,2,Overcast
2022-04-30 00:00:00,1,0,0,0,357,22.3,11.3,23.6,41.7,25,41.2,2022,4,April,30,Saturday,2,Mainly Clear
2022-05-01 00:00:00,3,0,0,0,102,34.9,18.4,24.4,41.7,25.4,41.4,2022,5,May,1,Sunday,2,Overcast
2022-05-02 00:00:00,3,0,0,0,115,52.6,28.5,26.4,41.5,26.5,41.5,2022,5,May,2,Monday,2,Overcast
2022-05-03 00:00:00,3,0,0,0,108,41,12.7,24.6,39.9,25.3,40.2,2022,5,May,3,Tuesday,2,Overcast
2022-05-04 00:00:00,3,0,0,0,117,47.5,23.4,23.7,34.4,23.2,33.9,2022,5,May,4,Wednesday,2,Overcast
2022-05-05 00:00:00,0,0,0,0,308,30.6,17.5,23.6,37.2,23.3,37,2022,5,May,5,Thursday,2,Clear Sky
2022-05-06 00:00:00,2,0,0,0,328,27,14.1,22.8,37.7,23.4,37.7,2022,5,May,6,Friday,2,Partly Cloudy
2022-05-07 00:00:00,0,0,0,0,322,27.7,13.3,24.4,39.1,23.5,38.6,2022,5,May,7,Saturday,2,Clear Sky
2022-05-08 00:00:00,0,0,0,0,127,29.5,13.9,24.4,40.7,24.9,40.3,2022,5,May,8,Sunday,2,Clear Sky
2022-05-09 00:00:00,51,0.1,0.1,0,118,49,19.4,26.4,41.6,27.5,40.1,2022,5,May,9,Monday,2,Light Drizzle
2022-05-10 00:00:00,51,0.3,0.3,0,91,51.8,27.7,26.7,43,25.6,40.2,2022,5,May,10,Tuesday,2,Light Drizzle
2022-05-11 00:00:00,1,0,0,0,229,30.6,17.6,28.4,42.4,27,42.2,2022,5,May,11,Wednesday,2,Mainly Clear
2022-05-12 00:00:00,1,0,0,0,110,32.4,14.5,27.6,43.4,27.3,42.9,2022,5,May,12,Thursday,2,Mainly Clear
2022-05-13 00:00:00,2,0,0,0,348,35.6,18.8,22.6,43.4,24.8,43.5,2022,5,May,13,Friday,2,Partly Cloudy
2022-05-14 00:00:00,0,0,0,0,270,33.8,20.2,23.9,42.6,25.5,44.6,2022,5,May,14,Saturday,2,Clear Sky
2022-05-15 00:00:00,3,0,0,0,197,40,24,24,42.9,26.5,46,2022,5,May,15,Sunday,2,Overcast
2022-05-16 00:00:00,3,0,0,0,115,59,32.7,25.3,43.2,27.4,42.8,2022,5,May,16,Monday,2,Overcast
2022-05-17 00:00:00,3,0,0,0,100,32.4,15.5,26.2,41.5,27.2,40.8,2022,5,May,17,Tuesday,2,Overcast
2022-05-18 00:00:00,1,0,0,0,286,33.8,17.2,26.5,41.1,26.7,41.4,2022,5,May,18,Wednesday,2,Mainly Clear
2022-05-19 00:00:00,3,0,0,0,87,28.1,12.3,26.8,43.5,27.3,43.4,2022,5,May,19,Thursday,2,Overcast
2022-05-20 00:00:00,3,0,0,0,265,43.9,25.7,25.1,42,26.8,43.7,2022,5,May,20,Friday,2,Overcast
2022-05-21 00:00:00,3,0,0,0,2,26.6,14.4,26.1,41.8,26.2,41.3,2022,5,May,21,Saturday,2,Overcast
2022-05-22 00:00:00,3,0,0,0,124,47.5,28.3,25.7,40.2,25.8,41.2,2022,5,May,22,Sunday,2,Overcast
2022-05-23 00:00:00,53,2.5,2.5,0,109,61.9,33.7,20.1,33,21.1,34.2,2022,5,May,23,Monday,2,Moderate Drizzle
2022-05-24 00:00:00,55,1.3,1.3,0,71,52.6,30.9,16.7,33.2,18.9,31.6,2022,5,May,24,Tuesday,2,Dense Drizzle
2022-05-25 00:00:00,3,0,0,0,332,21.6,10,24,36.8,22.1,36.2,2022,5,May,25,Wednesday,2,Overcast
2022-05-26 00:00:00,0,0,0,0,169,23.8,10.6,25.7,40.1,24.7,39,2022,5,May,26,Thursday,2,Clear Sky
2022-05-27 00:00:00,1,0,0,0,173,29.5,15.6,27.8,42.4,26.9,41.5,2022,5,May,27,Friday,2,Mainly Clear
2022-05-28 00:00:00,3,0,0,0,95,40.3,21.2,30,42,28.4,40.9,2022,5,May,28,Saturday,2,Overcast
2022-05-29 00:00:00,3,0,0,0,77,57.2,27.2,28.5,41.8,27,40.7,2022,5,May,29,Sunday,2,Overcast
2022-05-30 00:00:00,55,1.9,1.9,0,47,49.7,22.2,27.4,39.1,26,37.5,2022,5,May,30,Monday,2,Dense Drizzle
2022-05-31 00:00:00,1,0,0,0,46,35.3,18.4,24.8,39.5,25.6,39.7,2022,5,May,31,Tuesday,2,Mainly Clear
2022-06-01 00:00:00,2,0,0,0,282,20.2,10.8,24.3,41.4,25.5,40.9,2022,6,June,1,Wednesday,2,Partly Cloudy
2022-06-02 00:00:00,2,0,0,0,340,29.9,14.1,24.6,40.5,25.4,42.1,2022,6,June,2,Thursday,2,Partly Cloudy
2022-06-03 00:00:00,3,0,0,0,280,29.5,14.8,26,41.5,26.6,43.1,2022,6,June,3,Friday,2,Overcast
2022-06-04 00:00:00,0,0,0,0,222,30.6,14.4,24.2,42.5,26,43.4,2022,6,June,4,Saturday,2,Clear Sky
2022-06-05 00:00:00,3,0,0,0,302,34.6,18.7,26.4,43.8,28,44.6,2022,6,June,5,Sunday,2,Overcast
2022-06-06 00:00:00,2,0,0,0,281,28.8,14.5,26.3,43.8,29.1,45.2,2022,6,June,6,Monday,2,Partly Cloudy
2022-06-07 00:00:00,1,0,0,0,249,22.3,12.3,27.9,44.3,30.7,45.2,2022,6,June,7,Tuesday,2,Mainly Clear
2022-06-08 00:00:00,2,0,0,0,262,34.6,17.9,27,42.7,29.6,44.4,2022,6,June,8,Wednesday,2,Partly Cloudy
2022-06-09 00:00:00,2,0,0,0,221,31.7,17.9,28,44.6,30.1,45.4,2022,6,June,9,Thursday,2,Partly Cloudy
2022-06-10 00:00:00,3,0,0,0,239,58,30.8,28.9,44.6,30.7,43.7,2022,6,June,10,Friday,2,Overcast
2022-06-11 00:00:00,51,0.3,0.3,0,261,65.2,34.2,30.4,43.2,30.6,42.3,2022,6,June,11,Saturday,2,Light Drizzle
2022-06-12 00:00:00,2,0,0,0,228,24.5,12,30.4,43.2,29.8,43.3,2022,6,June,12,Sunday,2,Partly Cloudy
2022-06-13 00:00:00,2,0,0,0,285,40.3,20.2,30.7,43.9,30.3,43.6,2022,6,June,13,Monday,2,Partly Cloudy
2022-06-14 00:00:00,0,0,0,0,264,32.8,16.1,29.8,44,31.2,44.7,2022,6,June,14,Tuesday,2,Clear Sky
2022-06-15 00:00:00,1,0,0,0,232,35.6,18.5,33.1,44.6,31.9,44.8,2022,6,June,15,Wednesday,2,Mainly Clear
2022-06-16 00:00:00,53,1,1,0,116,40,22.2,29.5,42.7,30.6,40.3,2022,6,June,16,Thursday,2,Moderate Drizzle
2022-06-17 00:00:00,61,2.4,2.4,0,136,38.5,20.8,27.2,38.1,24.2,34.9,2022,6,June,17,Friday,2,Slight Rain
2022-06-18 00:00:00,61,4.7,4.7,0,102,46.1,25.9,24.3,34.6,22.4,31.5,2022,6,June,18,Saturday,2,Slight Rain
2022-06-19 00:00:00,3,0,0,0,252,30.2,15.2,25.6,37.7,22.2,32.7,2022,6,June,19,Sunday,2,Overcast
2022-06-20 00:00:00,3,0,0,0,74,33.5,15.1,28.7,35.4,24.7,34.1,2022,6,June,20,Monday,2,Overcast
2022-06-21 00:00:00,63,13.2,13.2,0,105,41,19.6,22.8,30.1,20.9,27.5,2022,6,June,21,Tuesday,2,Moderate Rain
2022-06-22 00:00:00,51,0.1,0.1,0,29,24.8,14.8,23.1,36.3,21.9,32.1,2022,6,June,22,Wednesday,2,Light Drizzle
2022-06-23 00:00:00,0,0,0,0,290,26.6,14.6,24.9,36.6,23,34.8,2022,6,June,23,Thursday,2,Clear Sky
2022-06-24 00:00:00,0,0,0,0,265,22.3,10.5,26.4,39.2,24.6,36.8,2022,6,June,24,Friday,2,Clear Sky
2022-06-25 00:00:00,0,0,0,0,193,15.5,9.8,26.9,40.5,24.8,37.6,2022,6,June,25,Saturday,2,Clear Sky
2022-06-26 00:00:00,0,0,0,0,133,20.9,9.5,31.2,42.7,28.5,38.6,2022,6,June,26,Sunday,2,Clear Sky
2022-06-27 00:00:00,1,0,0,0,144,21.2,10,33.4,44.8,28.9,38.6,2022,6,June,27,Monday,2,Mainly Clear
2022-06-28 00:00:00,1,0,0,0,184,23,12.2,34.8,44.6,30.4,40.7,2022,6,June,28,Tuesday,2,Mainly Clear
2022-06-29 00:00:00,1,0,0,0,123,39.2,23.5,32.7,45.9,29.3,41,2022,6,June,29,Wednesday,2,Mainly Clear
2022-06-30 00:00:00,63,21.6,21.6,0,106,45.4,25.5,28,42.8,24.8,37.5,2022,6,June,30,Thursday,2,Moderate Rain
2022-07-01 00:00:00,63,8.3,8.3,0,127,30.2,16.6,28.9,36,25.1,31.5,2022,7,July,1,Friday,3,Moderate Rain
2022-07-02 00:00:00,51,0.6,0.6,0,117,23.8,10.2,31.9,40.8,27.1,35.1,2022,7,July,2,Saturday,3,Light Drizzle
2022-07-03 00:00:00,51,1,1,0,114,35.6,19,31.1,40.1,26.7,34.4,2022,7,July,3,Sunday,3,Light Drizzle
2022-07-04 00:00:00,63,7.8,7.8,0,123,32.4,19,32.5,42.5,27.2,36.5,2022,7,July,4,Monday,3,Moderate Rain
2022-07-05 00:00:00,63,4.8,4.8,0,87,20.9,13,33.9,44.1,28.1,37.3,2022,7,July,5,Tuesday,3,Moderate Rain
2022-07-06 00:00:00,61,2,2,0,97,46.4,26.3,32.3,43.3,28.1,36.3,2022,7,July,6,Wednesday,3,Slight Rain
2022-07-07 00:00:00,63,8.7,8.7,0,94,40.3,18.4,32.3,42.5,26.5,36,2022,7,July,7,Thursday,3,Moderate Rain
2022-07-08 00:00:00,65,13.8,13.8,0,109,36,18.4,32.6,42.2,26.9,35.4,2022,7,July,8,Friday,3,Heavy Rain
2022-07-09 00:00:00,65,15.8,15.8,0,114,31,16.3,31.9,45,26.6,37.2,2022,7,July,9,Saturday,3,Heavy Rain
2022-07-10 00:00:00,61,2.1,2.1,0,108,27,12.3,29.3,38.4,25,32.6,2022,7,July,10,Sunday,3,Slight Rain
2022-07-11 00:00:00,51,0.7,0.7,0,77,19.4,10.3,33.5,41.7,27.2,34.9,2022,7,July,11,Monday,3,Light Drizzle
2022-07-12 00:00:00,53,0.9,0.9,0,134,38.2,22.6,29.9,44.1,26.5,36.7,2022,7,July,12,Tuesday,3,Moderate Drizzle
2022-07-13 00:00:00,63,9.4,9.4,0,113,30.2,14.7,30.2,41.7,26.4,34.6,2022,7,July,13,Wednesday,3,Moderate Rain
2022-07-14 00:00:00,63,9.3,9.3,0,73,24.8,12.2,31.9,37.5,26.4,31.1,2022,7,July,14,Thursday,3,Moderate Rain
2022-07-15 00:00:00,65,15.5,15.5,0,29,36.4,20,30.1,33.6,25.9,30.7,2022,7,July,15,Friday,3,Heavy Rain
2022-07-16 00:00:00,3,0,0,0,5,24.5,11.8,30.6,41.6,26.6,36.2,2022,7,July,16,Saturday,3,Overcast
2022-07-17 00:00:00,65,14.8,14.8,0,72,38.2,20.3,29.7,38.2,25.7,32.8,2022,7,July,17,Sunday,3,Heavy Rain
2022-07-18 00:00:00,1,0,0,0,177,14.4,8.1,32.8,42.3,26.6,35.7,2022,7,July,18,Monday,3,Mainly Clear
2022-07-19 00:00:00,63,8.7,8.7,0,217,31,16.3,31.2,43.7,25.9,36.7,2022,7,July,19,Tuesday,3,Moderate Rain
2022-07-20 00:00:00,65,22.1,22.1,0,151,26.3,13.2,31.2,39.8,26.1,33.2,2022,7,July,20,Wednesday,3,Heavy Rain
2022-07-21 00:00:00,65,39.9,39.9,0,117,36,19,28.7,33.7,24.8,29,2022,7,July,21,Thursday,3,Heavy Rain
2022-07-22 00:00:00,65,17,17,0,130,30.6,16,29.8,39.3,24.7,33,2022,7,July,22,Friday,3,Heavy Rain
2022-07-23 00:00:00,53,2,2,0,91,32.4,16.2,30.7,37.2,25.9,32.3,2022,7,July,23,Saturday,3,Moderate Drizzle
2022-07-24 00:00:00,61,6,6,0,81,30.2,16.1,30.6,39.6,26.4,33.7,2022,7,July,24,Sunday,3,Slight Rain
2022-07-25 00:00:00,63,6.7,6.7,0,97,30.2,14.9,29.7,39.2,25.6,33,2022,7,July,25,Monday,3,Moderate Rain
2022-07-26 00:00:00,53,0.6,0.6,0,104,25.2,12.4,31.8,39.2,26.7,33.3,2022,7,July,26,Tuesday,3,Moderate Drizzle
2022-07-27 00:00:00,63,11.8,11.8,0,96,26.3,15.2,30.1,38.4,25.5,32.3,2022,7,July,27,Wednesday,3,Moderate Rain
2022-07-28 00:00:00,65,24.6,24.6,0,112,32.4,17.1,29.8,36.3,24.8,31.4,2022,7,July,28,Thursday,3,Heavy Rain
2022-07-29 00:00:00,53,2.5,2.5,0,136,24.5,12.8,30.7,36.4,25.2,30.7,2022,7,July,29,Friday,3,Moderate Drizzle
2022-07-30 00:00:00,61,3.4,3.4,0,136,25.9,12.4,30.7,38.4,24.7,31.9,2022,7,July,30,Saturday,3,Slight Rain
2022-07-31 00:00:00,63,15.5,15.5,0,157,21.6,10.2,29.9,36.4,24.6,30.7,2022,7,July,31,Sunday,3,Moderate Rain
2022-08-01 00:00:00,65,13.9,13.9,0,261,18,8.8,29.1,37.1,24.5,30.9,2022,8,August,1,Monday,3,Heavy Rain
2022-08-02 00:00:00,51,0.1,0.1,0,230,18,7.4,32.9,40.7,26.5,33.7,2022,8,August,2,Tuesday,3,Light Drizzle
2022-08-03 00:00:00,63,4,4,0,173,26.6,13.4,29.5,41.6,25,34.4,2022,8,August,3,Wednesday,3,Moderate Rain
2022-08-04 00:00:00,53,1.2,1.2,0,128,33.8,18.1,32.2,41.9,26.5,34,2022,8,August,4,Thursday,3,Moderate Drizzle
2022-08-05 00:00:00,51,0.7,0.7,0,94,28.8,14.7,29.7,37.2,24.9,31.7,2022,8,August,5,Friday,3,Light Drizzle
2022-08-06 00:00:00,63,9.4,9.4,0,114,18.7,9,30.7,39.6,25.4,32.7,2022,8,August,6,Saturday,3,Moderate Rain
2022-08-07 00:00:00,55,1.6,1.6,0,114,27.4,15.2,30.6,40.2,25.8,32.9,2022,8,August,7,Sunday,3,Dense Drizzle
2022-08-08 00:00:00,51,0.1,0.1,0,109,20.9,9.7,32.7,41,26.3,34,2022,8,August,8,Monday,3,Light Drizzle
2022-08-09 00:00:00,3,0,0,0,65,19.1,11.4,34.8,42.2,27.8,34.9,2022,8,August,9,Tuesday,3,Overcast
2022-08-10 00:00:00,3,0,0,0,275,20.9,10,34.5,42.3,27.7,36.1,2022,8,August,10,Wednesday,3,Overcast
2022-08-11 00:00:00,63,28.7,28.7,0,80,38.2,20.7,28.6,35.1,25.9,29.7,2022,8,August,11,Thursday,3,Moderate Rain
2022-08-12 00:00:00,3,0,0,0,7,23.4,11.9,28.6,39.5,25.8,34.5,2022,8,August,12,Friday,3,Overcast
2022-08-13 00:00:00,0,0,0,0,128,15.5,8.9,31.2,41.9,26,35.2,2022,8,August,13,Saturday,3,Clear Sky
2022-08-14 00:00:00,53,1.8,1.8,0,125,29.2,17.1,30.5,41.4,25.9,34.2,2022,8,August,14,Sunday,3,Moderate Drizzle
2022-08-15 00:00:00,63,14.1,14.1,0,80,36.7,20.2,29.6,36.6,25.3,30.7,2022,8,August,15,Monday,3,Moderate Rain
2022-08-16 00:00:00,3,0,0,0,92,29.5,17.9,29.4,38.9,25.1,33,2022,8,August,16,Tuesday,3,Overcast
2022-08-17 00:00:00,61,3.1,3.1,0,102,45,20.6,30.5,37.3,26.7,32.5,2022,8,August,17,Wednesday,3,Slight Rain
2022-08-18 00:00:00,51,0.4,0.4,0,161,22,10.1,32.1,39.4,26.5,33.1,2022,8,August,18,Thursday,3,Light Drizzle
2022-08-19 00:00:00,51,1.1,1.1,0,251,27.7,15,30.8,38.6,26.9,33.5,2022,8,August,19,Friday,3,Light Drizzle
2022-08-20 00:00:00,53,1.1,1.1,0,134,23.8,12.6,30.8,38.7,25.2,33.6,2022,8,August,20,Saturday,3,Moderate Drizzle
2022-08-21 00:00:00,51,0.3,0.3,0,301,25.9,9,31.9,40.2,25.9,34.2,2022,8,August,21,Sunday,3,Light Drizzle
2022-08-22 00:00:00,1,0,0,0,47,16.9,8,33,41.3,27,35.2,2022,8,August,22,Monday,3,Mainly Clear
2022-08-23 00:00:00,51,0.2,0.2,0,102,31.3,14.8,31.7,40.7,27.5,35.1,2022,8,August,23,Tuesday,3,Light Drizzle
2022-08-24 00:00:00,63,14.8,14.8,0,102,44.3,22.6,30.9,38,25.9,34.2,2022,8,August,24,Wednesday,3,Moderate Rain
2022-08-25 00:00:00,63,3.3,3.3,0,123,32.8,15.1,31.1,37.9,26.2,32.8,2022,8,August,25,Thursday,3,Moderate Rain
2022-08-26 00:00:00,51,0.9,0.9,0,282,27,11.1,31.8,39.4,26.5,33.6,2022,8,August,26,Friday,3,Light Drizzle
2022-08-27 00:00:00,51,1.3,1.3,0,275,25.9,12.8,32,38.8,26.8,34,2022,8,August,27,Saturday,3,Light Drizzle
2022-08-28 00:00:00,61,3.1,3.1,0,250,27,13.8,30,39.1,24.9,34.3,2022,8,August,28,Sunday,3,Slight Rain
2022-08-29 00:00:00,63,13.9,13.9,0,109,42.5,24,25.6,37,23.9,31.9,2022,8,August,29,Monday,3,Moderate Rain
2022-08-30 00:00:00,53,1.3,1.3,0,169,20.9,10.2,29.8,40.3,25.1,34,2022,8,August,30,Tuesday,3,Moderate Drizzle
2022-08-31 00:00:00,1,0,0,0,255,21.6,10.8,30.4,41.5,26.3,36.7,2022,8,August,31,Wednesday,3,Mainly Clear
2022-09-01 00:00:00,1,0,0,0,169,19.4,10,30.7,41.1,26.3,37.4,2022,9,September,1,Thursday,3,Mainly Clear
2022-09-02 00:00:00,1,0,0,0,176,31.3,14.8,31.5,41.3,27.3,37.6,2022,9,September,2,Friday,3,Mainly Clear
2022-09-03 00:00:00,1,0,0,0,137,21.6,13.4,31.2,41,26.7,36.9,2022,9,September,3,Saturday,3,Mainly Clear
2022-09-04 00:00:00,51,0.3,0.3,0,105,32,16.8,29,40,25.7,35.9,2022,9,September,4,Sunday,3,Light Drizzle
2022-09-05 00:00:00,63,5.9,5.9,0,69,48.6,21.2,28.5,40.4,24.9,35.2,2022,9,September,5,Monday,3,Moderate Rain
2022-09-06 00:00:00,51,0.7,0.7,0,249,22.7,10,30.9,38.7,25.4,33.4,2022,9,September,6,Tuesday,3,Light Drizzle
2022-09-07 00:00:00,1,0,0,0,111,15.5,6.1,30.5,40.2,26.3,35.1,2022,9,September,7,Wednesday,3,Mainly Clear
2022-09-08 00:00:00,1,0,0,0,112,15.5,8.2,31.6,40.8,26.7,35.7,2022,9,September,8,Thursday,3,Mainly Clear
2022-09-09 00:00:00,53,0.8,0.8,0,103,25.9,13.2,31.9,42.4,27.3,35.8,2022,9,September,9,Friday,3,Moderate Drizzle
2022-09-10 00:00:00,61,2.2,2.2,0,64,45,14.6,29.2,40.4,25.4,35.1,2022,9,September,10,Saturday,3,Slight Rain
2022-09-11 00:00:00,53,0.7,0.7,0,88,34.6,18.7,29.3,40,25.3,34.6,2022,9,September,11,Sunday,3,Moderate Drizzle
2022-09-12 00:00:00,2,0,0,0,16,22.3,10.9,29.6,39.2,24.5,34.4,2022,9,September,12,Monday,3,Partly Cloudy
2022-09-13 00:00:00,3,0,0,0,3,24.8,10.9,30.2,40.5,25.7,35.5,2022,9,September,13,Tuesday,3,Overcast
2022-09-14 00:00:00,1,0,0,0,37,23,10.7,30.9,40,26.5,35.3,2022,9,September,14,Wednesday,3,Mainly Clear
2022-09-15 00:00:00,63,4,4,0,127,50.8,25.6,26.1,39.8,23,34.9,2022,9,September,15,Thursday,3,Moderate Rain
2022-09-16 00:00:00,53,0.6,0.6,0,139,24.1,10.8,27.7,39.2,23.7,33.5,2022,9,September,16,Friday,3,Moderate Drizzle
2022-09-17 00:00:00,51,0.5,0.5,0,98,42.1,21.3,28.7,38.7,25.4,34.5,2022,9,September,17,Saturday,3,Light Drizzle
2022-09-18 00:00:00,0,0,0,0,86,20.5,10.4,29.5,40.3,26,36.1,2022,9,September,18,Sunday,3,Clear Sky
2022-09-19 00:00:00,1,0,0,0,136,20.2,9.8,29,40.1,25.3,36.7,2022,9,September,19,Monday,3,Mainly Clear
2022-09-20 00:00:00,1,0,0,0,100,25.6,12.5,29.9,39.5,25.7,35.8,2022,9,September,20,Tuesday,3,Mainly Clear
2022-09-21 00:00:00,63,4.7,4.7,0,76,26.6,10.9,29.2,36.9,24.8,32,2022,9,September,21,Wednesday,3,Moderate Rain
2022-09-22 00:00:00,51,0.1,0.1,0,134,23,12.1,29.3,38.5,24.4,34.1,2022,9,September,22,Thursday,3,Light Drizzle
2022-09-23 00:00:00,51,1,1,0,117,33.5,17.1,29.5,38.3,24.7,34.5,2022,9,September,23,Friday,3,Light Drizzle
2022-09-24 00:00:00,63,15.4,15.4,0,119,25.9,14.9,26.8,30.6,23.5,26,2022,9,September,24,Saturday,3,Moderate Rain
2022-09-25 00:00:00,51,0.1,0.1,0,102,23.4,13.7,26,34.9,22,30.5,2022,9,September,25,Sunday,3,Light Drizzle
2022-09-26 00:00:00,3,0,0,0,211,14.4,6.4,26.1,37,22.2,31.8,2022,9,September,26,Monday,3,Overcast
2022-09-27 00:00:00,51,0.1,0.1,0,192,17.6,7.9,27,36.3,23.1,32.1,2022,9,September,27,Tuesday,3,Light Drizzle
2022-09-28 00:00:00,1,0,0,0,170,18,9.8,26.4,36.4,23.1,32.4,2022,9,September,28,Wednesday,3,Mainly Clear
2022-09-29 00:00:00,1,0,0,0,186,19.4,7.8,26.2,37.6,23,33.9,2022,9,September,29,Thursday,3,Mainly Clear
2022-09-30 00:00:00,0,0,0,0,163,23,10.1,26.8,37.5,23.6,34.7,2022,9,September,30,Friday,3,Clear Sky
2022-10-01 00:00:00,1,0,0,0,149,21.2,11.2,25.4,37.3,23.1,34.9,2022,10,October,1,Saturday,4,Mainly Clear
2022-10-02 00:00:00,1,0,0,0,144,23.8,10.6,24.7,36.9,23.7,34.8,2022,10,October,2,Sunday,4,Mainly Clear
2022-10-03 00:00:00,0,0,0,0,269,28.4,15.1,23.6,37.4,22,36,2022,10,October,3,Monday,4,Clear Sky
2022-10-04 00:00:00,0,0,0,0,318,23.8,11,24,36.9,22.8,36.2,2022,10,October,4,Tuesday,4,Clear Sky
2022-10-05 00:00:00,0,0,0,0,220,23,12,21.9,36.6,21.1,36.1,2022,10,October,5,Wednesday,4,Clear Sky
2022-10-06 00:00:00,0,0,0,0,137,23.8,12.4,22.8,35,22.2,33.9,2022,10,October,6,Thursday,4,Clear Sky
2022-10-07 00:00:00,1,0,0,0,187,21.6,11.6,25.3,35.3,22.3,33.6,2022,10,October,7,Friday,4,Mainly Clear
2022-10-08 00:00:00,1,0,0,0,148,28.8,15.9,24.9,35.3,21.8,33,2022,10,October,8,Saturday,4,Mainly Clear
2022-10-09 00:00:00,51,0.2,0.2,0,153,23.8,14.5,25.2,34.8,22.1,32.1,2022,10,October,9,Sunday,4,Light Drizzle
2022-10-10 00:00:00,63,3.7,3.7,0,135,23,12.1,22.6,32.5,20.3,28.8,2022,10,October,10,Monday,4,Moderate Rain
2022-10-11 00:00:00,63,4.9,4.9,0,97,37.4,16.6,21.2,33.1,19.5,29.6,2022,10,October,11,Tuesday,4,Moderate Rain
2022-10-12 00:00:00,0,0,0,0,332,20.2,9.5,20.3,32,18.5,30.2,2022,10,October,12,Wednesday,4,Clear Sky
2022-10-13 00:00:00,0,0,0,0,291,22.7,10.4,20.7,31.9,20,31.6,2022,10,October,13,Thursday,4,Clear Sky
2022-10-14 00:00:00,0,0,0,0,291,27,12.6,19.6,31.6,19.2,32,2022,10,October,14,Friday,4,Clear Sky
2022-10-15 00:00:00,0,0,0,0,241,21.2,9.9,19,32.2,19,32.4,2022,10,October,15,Saturday,4,Clear Sky
2022-10-16 00:00:00,0,0,0,0,195,23.8,10.9,19.5,32,18.7,32.6,2022,10,October,16,Sunday,4,Clear Sky
2022-10-17 00:00:00,0,0,0,0,181,22.7,10.1,19.2,32.3,19,32.8,2022,10,October,17,Monday,4,Clear Sky
2022-10-18 00:00:00,0,0,0,0,107,30.2,18.9,18,32,18,31.8,2022,10,October,18,Tuesday,4,Clear Sky
2022-10-19 00:00:00,51,0.1,0.1,0,97,64.8,23.4,17.9,31.2,18.1,31.7,2022,10,October,19,Wednesday,4,Light Drizzle
2022-10-20 00:00:00,51,0.5,0.5,0,68,55.4,31.9,15.2,26.5,17.3,28.8,2022,10,October,20,Thursday,4,Light Drizzle
2022-10-21 00:00:00,0,0,0,0,18,25.2,15.5,15.6,30.1,17,29.5,2022,10,October,21,Friday,4,Clear Sky
2022-10-22 00:00:00,0,0,0,0,341,17.6,9.6,15.3,29.2,16.1,30,2022,10,October,22,Saturday,4,Clear Sky
2022-10-23 00:00:00,0,0,0,0,15,15.5,9.4,15.6,29.2,16.1,30,2022,10,October,23,Sunday,4,Clear Sky
2022-10-24 00:00:00,0,0,0,0,320,19.8,11.6,15.2,30.1,15.5,30.1,2022,10,October,24,Monday,4,Clear Sky
2022-10-25 00:00:00,0,0,0,0,261,22.3,10.3,15,29.8,15.6,30.8,2022,10,October,25,Tuesday,4,Clear Sky
2022-10-26 00:00:00,0,0,0,0,140,14,11.3,16.4,31.3,16.4,30.6,2022,10,October,26,Wednesday,4,Clear Sky
2022-10-27 00:00:00,0,0,0,0,156,17.6,9.7,16.4,30.6,16.1,30.8,2022,10,October,27,Thursday,4,Clear Sky
2022-10-28 00:00:00,0,0,0,0,247,16.9,8.7,16.5,31.1,16.1,30.6,2022,10,October,28,Friday,4,Clear Sky
2022-10-29 00:00:00,0,0,0,0,157,18.4,9.1,17.8,30.6,17.4,30.8,2022,10,October,29,Saturday,4,Clear Sky
2022-10-30 00:00:00,0,0,0,0,121,16.2,8.4,17.9,31.2,16.9,30.4,2022,10,October,30,Sunday,4,Clear Sky
2022-10-31 00:00:00,3,0,0,0,118,25.2,12.2,18.9,30.6,18.5,30.3,2022,10,October,31,Monday,4,Overcast
2022-11-01 00:00:00,55,1.3,1.3,0,68,50.8,27.1,17.9,28.4,18.1,28.8,2022,11,November,1,Tuesday,4,Dense Drizzle
2022-11-02 00:00:00,3,0,0,0,326,23,12.2,17.4,29,17.6,30.3,2022,11,November,2,Wednesday,4,Overcast
2022-11-03 00:00:00,3,0,0,0,34,17.6,7.9,17.3,30.4,17.3,29.6,2022,11,November,3,Thursday,4,Overcast
2022-11-04 00:00:00,3,0,0,0,100,16.2,10.5,18.2,31.8,17.2,29.8,2022,11,November,4,Friday,4,Overcast
2022-11-05 00:00:00,63,12.6,12.6,0,53,68.8,35.4,15.5,29.3,17.9,28,2022,11,November,5,Saturday,4,Moderate Rain
2022-11-06 00:00:00,53,0.7,0.7,0,29,46.4,23.9,15.2,26.3,16.7,27.2,2022,11,November,6,Sunday,4,Moderate Drizzle
2022-11-07 00:00:00,51,0.1,0.1,0,11,36.7,20.7,14.8,25,16.1,24,2022,11,November,7,Monday,4,Light Drizzle
2022-11-08 00:00:00,3,0,0,0,223,33.1,19.2,16,27.6,16.2,26.2,2022,11,November,8,Tuesday,4,Overcast
2022-11-09 00:00:00,51,0.6,0.6,0,35,41.4,23.8,13.1,24.2,15.1,22.5,2022,11,November,9,Wednesday,4,Light Drizzle
2022-11-10 00:00:00,3,0,0,0,359,38.5,12.9,13.8,25.2,14.7,25.7,2022,11,November,10,Thursday,4,Overcast
2022-11-11 00:00:00,0,0,0,0,324,20.2,10.3,13.1,24,14,25.2,2022,11,November,11,Friday,4,Clear Sky
2022-11-12 00:00:00,3,0,0,0,341,17.3,9.4,12.2,25.4,12.9,25.6,2022,11,November,12,Saturday,4,Overcast
2022-11-13 00:00:00,51,1,1,0,48,40.7,24.2,12.7,24.5,13.4,25.2,2022,11,November,13,Sunday,4,Light Drizzle
2022-11-14 00:00:00,61,6.1,6.1,0,62,46.1,26.4,12.2,21.4,13.4,23.1,2022,11,November,14,Monday,4,Slight Rain
2022-11-15 00:00:00,3,0,0,0,322,19.4,9.5,12.5,23,13,23.7,2022,11,November,15,Tuesday,4,Overcast
2022-11-16 00:00:00,0,0,0,0,317,20.5,9,12.3,22.1,13,23.2,2022,11,November,16,Wednesday,4,Clear Sky
2022-11-17 00:00:00,0,0,0,0,306,28.1,14.2,9.6,21.5,11.1,24.1,2022,11,November,17,Thursday,4,Clear Sky
2022-11-18 00:00:00,3,0,0,0,350,14.4,9.2,9.7,22.2,11,23.3,2022,11,November,18,Friday,4,Overcast
2022-11-19 00:00:00,3,0,0,0,350,18.7,11.6,9.6,22.5,10.6,23.2,2022,11,November,19,Saturday,4,Overcast
2022-11-20 00:00:00,0,0,0,0,317,25.2,12.7,9.8,20.9,11.3,23.5,2022,11,November,20,Sunday,4,Clear Sky
2022-11-21 00:00:00,0,0,0,0,313,16.6,10.6,8.5,22,10.1,23.3,2022,11,November,21,Monday,4,Clear Sky
2022-11-22 00:00:00,0,0,0,0,312,18.4,10.6,8.2,22.2,9.7,24.1,2022,11,November,22,Tuesday,4,Clear Sky
2022-11-23 00:00:00,3,0,0,0,305,22,11.5,7,21.6,8.9,24.1,2022,11,November,23,Wednesday,4,Overcast
2022-11-24 00:00:00,3,0,0,0,48,16.2,8.4,8.2,23.3,9.6,24.1,2022,11,November,24,Thursday,4,Overcast
2022-11-25 00:00:00,0,0,0,0,31,14.8,9.8,9.3,23.7,10.4,25.1,2022,11,November,25,Friday,4,Clear Sky
2022-11-26 00:00:00,1,0,0,0,339,16.2,8.8,8.8,23.4,10.1,24.5,2022,11,November,26,Saturday,4,Mainly Clear
2022-11-27 00:00:00,0,0,0,0,89,13.7,6.9,10.1,23.2,10.6,24.4,2022,11,November,27,Sunday,4,Clear Sky
2022-11-28 00:00:00,0,0,0,0,80,15.5,8.9,8,23.3,9.4,24.3,2022,11,November,28,Monday,4,Clear Sky
2022-11-29 00:00:00,3,0,0,0,336,15.8,9.5,8.9,23.4,9.7,23.7,2022,11,November,29,Tuesday,4,Overcast
2022-11-30 00:00:00,3,0,0,0,303,19.4,9.8,9.8,22.6,11,23.6,2022,11,November,30,Wednesday,4,Overcast
2022-12-01 00:00:00,3,0,0,0,289,20.9,10,10.8,22.4,11.2,23.6,2022,12,December,1,Thursday,4,Overcast
2022-12-02 00:00:00,3,0,0,0,80,11.9,9.4,9.5,22.7,10.3,22.6,2022,12,December,2,Friday,4,Overcast
2022-12-03 00:00:00,2,0,0,0,351,16.6,9.7,9.5,22.2,10.4,22.9,2022,12,December,3,Saturday,4,Partly Cloudy
2022-12-04 00:00:00,0,0,0,0,306,24.1,11.7,8.8,21.3,10.1,23.2,2022,12,December,4,Sunday,4,Clear Sky
2022-12-05 00:00:00,0,0,0,0,315,16.6,9.8,9.1,20.9,10.5,22.2,2022,12,December,5,Monday,4,Clear Sky
2022-12-06 00:00:00,0,0,0,0,297,22.7,11.3,8.3,20.9,9.6,22.8,2022,12,December,6,Tuesday,4,Clear Sky
2022-12-07 00:00:00,0,0,0,0,296,20.9,10.3,7.4,20.6,9,22.9,2022,12,December,7,Wednesday,4,Clear Sky
2022-12-08 00:00:00,3,0,0,0,16,21.2,12.4,7.8,21.8,9.6,21.9,2022,12,December,8,Thursday,4,Overcast
2022-12-09 00:00:00,1,0,0,0,356,20.9,13,9.6,22,11.1,23.5,2022,12,December,9,Friday,4,Mainly Clear
2022-12-10 00:00:00,3,0,0,0,359,23,12.1,10.5,22.2,12.5,24.3,2022,12,December,10,Saturday,4,Overcast
2022-12-11 00:00:00,3,0,0,0,331,26.6,13.4,9.1,21.5,12.1,24.3,2022,12,December,11,Sunday,4,Overcast
2022-12-12 00:00:00,2,0,0,0,324,19.8,11.4,8.1,20.4,10.6,23.1,2022,12,December,12,Monday,4,Partly Cloudy
2022-12-13 00:00:00,0,0,0,0,319,34.6,18.9,6.2,19.8,8.8,23.9,2022,12,December,13,Tuesday,4,Clear Sky
2022-12-14 00:00:00,0,0,0,0,290,18.7,10.7,6.4,19.4,8.7,22,2022,12,December,14,Wednesday,4,Clear Sky
2022-12-15 00:00:00,0,0,0,0,286,19.1,10.9,5.9,19.8,8.2,22.5,2022,12,December,15,Thursday,4,Clear Sky
2022-12-16 00:00:00,0,0,0,0,271,17.6,8.7,5.1,19.9,7.5,21.8,2022,12,December,16,Friday,4,Clear Sky
2022-12-17 00:00:00,0,0,0,0,285,18,7.9,7.8,20.9,9.2,22.4,2022,12,December,17,Saturday,4,Clear Sky
2022-12-18 00:00:00,0,0,0,0,148,13.7,7.7,9.3,21.8,10.3,22.1,2022,12,December,18,Sunday,4,Clear Sky
2022-12-19 00:00:00,3,0,0,0,319,13.3,9.5,7.4,20.9,8.1,21.2,2022,12,December,19,Monday,4,Overcast
2022-12-20 00:00:00,3,0,0,0,289,19.4,10.9,5.5,19.7,7.5,20.9,2022,12,December,20,Tuesday,4,Overcast
2022-12-21 00:00:00,0,0,0,0,240,13.3,6.8,6.6,19.4,8.1,20.3,2022,12,December,21,Wednesday,4,Clear Sky
2022-12-22 00:00:00,3,0,0,0,16,14.8,7.7,5.2,18,6.6,18.7,2022,12,December,22,Thursday,4,Overcast
2022-12-23 00:00:00,3,0,0,0,82,14,7.9,5.1,16,6.5,16.1,2022,12,December,23,Friday,4,Overcast
2022-12-24 00:00:00,3,0,0,0,305,25.9,12.2,4.8,13.9,6.5,15.8,2022,12,December,24,Saturday,4,Overcast
2022-12-25 00:00:00,3,0,0,0,305,20.5,9.5,3.9,14.8,6,16.4,2022,12,December,25,Sunday,4,Overcast
2022-12-26 00:00:00,3,0,0,0,313,16.6,10.1,4.6,16.6,6.9,17.8,2022,12,December,26,Monday,4,Overcast
2022-12-27 00:00:00,3,0,0,0,285,18.7,11.4,4.1,16.3,6.3,18,2022,12,December,27,Tuesday,4,Overcast
2022-12-28 00:00:00,3,0,0,0,353,17.6,8.1,4.3,17.5,6.5,18.5,2022,12,December,28,Wednesday,4,Overcast
2022-12-29 00:00:00,61,5.4,5.4,0,71,20.5,12,6.8,14.1,8.5,14.3,2022,12,December,29,Thursday,4,Slight Rain
2022-12-30 00:00:00,0,0,0,0,337,20.9,11.2,6.4,17.5,8.4,18.7,2022,12,December,30,Friday,4,Clear Sky
2022-12-31 00:00:00,3,0,0,0,288,21.2,10.1,5.3,16.6,7.1,18.4,2022,12,December,31,Saturday,4,Overcast
2023-01-01 00:00:00,3,0,0,0,2,11.5,8.2,3.7,15.8,6,17,2023,1,January,1,Sunday,1,Overcast
2023-01-02 00:00:00,3,0,0,0,64,14,5.6,0.8,15.7,3.1,16,2023,1,January,2,Monday,1,Overcast
2023-01-03 00:00:00,3,0,0,0,317,16.6,10.4,2.6,14.9,5.4,16.3,2023,1,January,3,Tuesday,1,Overcast
2023-01-04 00:00:00,3,0,0,0,340,18.4,7.4,2.6,14.7,4.6,16.5,2023,1,January,4,Wednesday,1,Overcast
2023-01-05 00:00:00,3,0,0,0,131,13,7.8,-0.3,14.7,2,15.4,2023,1,January,5,Thursday,1,Overcast
2023-01-06 00:00:00,51,0.2,0.2,0,162,14,5.9,2.3,12.3,4,12.9,2023,1,January,6,Friday,1,Light Drizzle
2023-01-07 00:00:00,51,0.5,0.5,0,293,24.5,13,3.3,12.4,5.4,14.3,2023,1,January,7,Saturday,1,Light Drizzle
2023-01-08 00:00:00,3,0,0,0,294,19.1,9.4,4.2,15,6.2,15.8,2023,1,January,8,Sunday,1,Overcast
2023-01-09 00:00:00,3,0,0,0,265,12.2,9.9,4.4,17.1,6.5,16.9,2023,1,January,9,Monday,1,Overcast
2023-01-10 00:00:00,3,0,0,0,256,18.4,10,5.8,16.2,7.7,16.8,2023,1,January,10,Tuesday,1,Overcast
2023-01-11 00:00:00,61,5.3,5.3,0,102,23,12.4,7.5,12.8,9,13.1,2023,1,January,11,Wednesday,1,Slight Rain
2023-01-12 00:00:00,51,0.2,0.2,0,69,20.5,10.4,5.5,17,7.3,18.2,2023,1,January,12,Thursday,1,Light Drizzle
2023-01-13 00:00:00,3,0,0,0,315,17.6,10.2,4.5,15.9,6.7,16.7,2023,1,January,13,Friday,1,Overcast
2023-01-14 00:00:00,3,0,0,0,304,23.4,11.9,0.4,13.3,3.6,15.7,2023,1,January,14,Saturday,1,Overcast
2023-01-15 00:00:00,0,0,0,0,284,21.2,10.4,-0.1,12.4,3,15.6,2023,1,January,15,Sunday,1,Clear Sky
2023-01-16 00:00:00,0,0,0,0,302,19.4,9.9,-0.1,12.5,2.9,15.6,2023,1,January,16,Monday,1,Clear Sky
2023-01-17 00:00:00,3,0,0,0,299,17.3,10,-2.2,13,1.5,16.1,2023,1,January,17,Tuesday,1,Overcast
2023-01-18 00:00:00,3,0,0,0,316,17.3,10.4,0,13.5,3.3,16,2023,1,January,18,Wednesday,1,Overcast
2023-01-19 00:00:00,53,0.7,0.7,0,316,19.8,9.7,5.6,15.8,8.1,18.3,2023,1,January,19,Thursday,1,Moderate Drizzle
2023-01-20 00:00:00,53,3.5,3.5,0,48,18.7,11.1,4.3,10.9,6.7,12.3,2023,1,January,20,Friday,1,Moderate Drizzle
2023-01-21 00:00:00,2,0,0,0,329,16.6,9.4,4.6,16.2,6.8,17.7,2023,1,January,21,Saturday,1,Partly Cloudy
2023-01-22 00:00:00,3,0,0,0,338,22.3,12.3,5.7,15.6,7.4,18,2023,1,January,22,Sunday,1,Overcast
2023-01-23 00:00:00,3,0,0,0,339,28.4,16,6.4,16.2,9.4,18.8,2023,1,January,23,Monday,1,Overcast
2023-01-24 00:00:00,3,0,0,0,22,22.3,13.4,5.5,16.3,8.9,18.1,2023,1,January,24,Tuesday,1,Overcast
2023-01-25 00:00:00,51,0.2,0.2,0,27,20.9,10.2,6.1,16.5,7.7,17.3,2023,1,January,25,Wednesday,1,Light Drizzle
2023-01-26 00:00:00,3,0,0,0,312,26.3,13.2,2.3,14.8,5.5,17.6,2023,1,January,26,Thursday,1,Overcast
2023-01-27 00:00:00,3,0,0,0,307,23.4,12,1,16,3.9,18.9,2023,1,January,27,Friday,1,Overcast
2023-01-28 00:00:00,3,0,0,0,313,23.4,11.5,3.4,17.1,6.5,19.8,2023,1,January,28,Saturday,1,Overcast
2023-01-29 00:00:00,63,13,13,0,114,38.9,21.9,4.9,16.8,7.1,19.5,2023,1,January,29,Sunday,1,Moderate Rain
2023-01-30 00:00:00,53,2.1,2.1,0,120,35.6,20.7,5.9,17.2,7.6,18.2,2023,1,January,30,Monday,1,Moderate Drizzle
2023-01-31 00:00:00,3,0,0,0,312,29.5,14.6,5.1,16.7,7.8,18.8,2023,1,January,31,Tuesday,1,Overcast
2023-02-01 00:00:00,3,0,0,0,303,23.8,11.1,4.8,18,7,20.3,2023,2,February,1,Wednesday,1,Overcast
2023-02-02 00:00:00,3,0,0,0,304,24.1,13,5.1,19.5,7.5,21.7,2023,2,February,2,Thursday,1,Overcast
2023-02-03 00:00:00,3,0,0,0,326,19.1,8.9,5.6,20.8,7.9,22.5,2023,2,February,3,Friday,1,Overcast
2023-02-04 00:00:00,0,0,0,0,316,24.8,11.3,8,21.4,9.3,23.5,2023,2,February,4,Saturday,1,Clear Sky
2023-02-05 00:00:00,2,0,0,0,34,26.6,16.4,7.4,21.9,9.3,23.1,2023,2,February,5,Sunday,1,Partly Cloudy
2023-02-06 00:00:00,53,1.3,1.3,0,37,36,21.9,9.2,19.9,12.2,22,2023,2,February,6,Monday,1,Moderate Drizzle
2023-02-07 00:00:00,3,0,0,0,319,33.5,16.8,8.6,19.2,11.4,22.3,2023,2,February,7,Tuesday,1,Overcast
2023-02-08 00:00:00,3,0,0,0,6,18.7,10.7,7,19.8,9.2,22.4,2023,2,February,8,Wednesday,1,Overcast
2023-02-09 00:00:00,51,1.1,1.1,0,92,36.7,22,7.7,19.4,9.5,20.8,2023,2,February,9,Thursday,1,Light Drizzle
2023-02-10 00:00:00,51,0.5,0.5,0,75,34.6,18.1,8.4,23.5,10,24.8,2023,2,February,10,Friday,1,Light Drizzle
2023-02-11 00:00:00,3,0,0,0,328,27,14.7,3.9,20.3,6.4,21.8,2023,2,February,11,Saturday,1,Overcast
2023-02-12 00:00:00,2,0,0,0,322,33.8,17.2,3.7,16.2,6.7,20.6,2023,2,February,12,Sunday,1,Partly Cloudy
2023-02-13 00:00:00,3,0,0,0,301,29.5,14.8,3.1,17.3,7.7,21.7,2023,2,February,13,Monday,1,Overcast
2023-02-14 00:00:00,3,0,0,0,327,20.5,12,5.5,20.9,8.2,23.6,2023,2,February,14,Tuesday,1,Overcast
2023-02-15 00:00:00,3,0,0,0,320,29.2,14.5,8.1,24.5,10.2,27.5,2023,2,February,15,Wednesday,1,Overcast
2023-02-16 00:00:00,3,0,0,0,25,22.7,9.8,9.6,27.6,11.2,29.6,2023,2,February,16,Thursday,1,Overcast
2023-02-17 00:00:00,3,0,0,0,48,18,8,11.6,28.4,12.3,28.9,2023,2,February,17,Friday,1,Overcast
2023-02-18 00:00:00,3,0,0,0,19,19.1,8.5,11.1,29,11.9,29.4,2023,2,February,18,Saturday,1,Overcast
2023-02-19 00:00:00,3,0,0,0,111,20.9,12.1,14.3,27.7,14.3,28.3,2023,2,February,19,Sunday,1,Overcast
2023-02-20 00:00:00,3,0,0,0,102,31.3,19.2,12.8,27.8,14.7,29.2,2023,2,February,20,Monday,1,Overcast
2023-02-21 00:00:00,2,0,0,0,360,26.6,13,9.9,27.5,12.5,28.6,2023,2,February,21,Tuesday,1,Partly Cloudy
2023-02-22 00:00:00,3,0,0,0,358,17.3,10.8,10.4,25,12.3,27.3,2023,2,February,22,Wednesday,1,Overcast
2023-02-23 00:00:00,3,0,0,0,320,36.4,18.4,8.8,24.6,12,28.5,2023,2,February,23,Thursday,1,Overcast
2023-02-24 00:00:00,0,0,0,0,314,27,13,10.4,26.2,12.3,28.6,2023,2,February,24,Friday,1,Clear Sky
2023-02-25 00:00:00,3,0,0,0,341,22.3,13.7,12.3,28.5,13.7,29,2023,2,February,25,Saturday,1,Overcast
2023-02-26 00:00:00,53,1,1,0,23,40.3,13.9,12.8,25.4,14.1,26.7,2023,2,February,26,Sunday,1,Moderate Drizzle
2023-02-27 00:00:00,3,0,0,0,339,25.6,12,13.4,27.4,14.4,28.8,2023,2,February,27,Monday,1,Overcast
2023-02-28 00:00:00,53,3.1,3.1,0,32,35.3,19.2,14,22.8,15.2,23.8,2023,2,February,28,Tuesday,1,Moderate Drizzle
2023-03-01 00:00:00,51,0.3,0.3,0,22,31.3,18.7,14.2,25.7,14.5,25.4,2023,3,March,1,Wednesday,1,Light Drizzle
2023-03-02 00:00:00,63,3.9,3.9,0,6,43.6,15.6,12.4,26.9,14,26.9,2023,3,March,2,Thursday,1,Moderate Rain
2023-03-03 00:00:00,3,0,0,0,308,25.6,12.5,13.6,26.4,14.1,26.9,2023,3,March,3,Friday,1,Overcast
2023-03-04 00:00:00,3,0,0,0,302,18.7,10.6,13.2,27.5,14,27.4,2023,3,March,4,Saturday,1,Overcast
2023-03-05 00:00:00,51,0.3,0.3,0,297,29.5,14,14,28.3,15.4,27.8,2023,3,March,5,Sunday,1,Light Drizzle
2023-03-06 00:00:00,3,0,0,0,294,28.1,13.6,13.9,27.6,14.6,29.1,2023,3,March,6,Monday,1,Overcast
2023-03-07 00:00:00,3,0,0,0,277,29.9,16.2,12.8,27.9,14.4,29,2023,3,March,7,Tuesday,1,Overcast
2023-03-08 00:00:00,1,0,0,0,238,23,11.6,13.1,29.2,14.5,29.3,2023,3,March,8,Wednesday,1,Mainly Clear
2023-03-09 00:00:00,0,0,0,0,260,23,11.9,13.7,29,14.3,29.4,2023,3,March,9,Thursday,1,Clear Sky
2023-03-10 00:00:00,3,0,0,0,276,29.9,14.7,15.7,28.4,15.9,30.2,2023,3,March,10,Friday,1,Overcast
2023-03-11 00:00:00,0,0,0,0,148,25.2,11.5,15,30.4,15.6,30.9,2023,3,March,11,Saturday,1,Clear Sky
2023-03-12 00:00:00,51,0.2,0.2,0,62,23.8,14.1,16.2,32.3,16.4,30.9,2023,3,March,12,Sunday,1,Light Drizzle
2023-03-13 00:00:00,61,2.5,2.5,0,310,41,18.6,17,29.8,16.7,30,2023,3,March,13,Monday,1,Slight Rain
2023-03-14 00:00:00,1,0,0,0,269,30.6,15.7,17,31.2,16.9,31.4,2023,3,March,14,Tuesday,1,Mainly Clear
2023-03-15 00:00:00,3,0,0,0,111,24.5,10.5,16.5,31.2,16.3,30.8,2023,3,March,15,Wednesday,1,Overcast
2023-03-16 00:00:00,3,0,0,0,42,52.9,30.4,15.3,31.1,17.4,30.7,2023,3,March,16,Thursday,1,Overcast
2023-03-17 00:00:00,51,1.3,1.3,0,59,44.6,25.8,14.4,24.1,14.9,24.3,2023,3,March,17,Friday,1,Light Drizzle
2023-03-18 00:00:00,51,0.7,0.7,0,90,28.1,12.7,14.5,24.5,14.2,24.5,2023,3,March,18,Saturday,1,Light Drizzle
2023-03-19 00:00:00,51,0.4,0.4,0,31,32,12.2,15.2,26.4,14.7,25.2,2023,3,March,19,Sunday,1,Light Drizzle
2023-03-20 00:00:00,63,5.5,5.5,0,103,34.6,17,14.6,26.4,14.2,24.7,2023,3,March,20,Monday,1,Moderate Rain
2023-03-21 00:00:00,51,0.2,0.2,0,124,24.5,10.8,14.6,26.8,14.5,25,2023,3,March,21,Tuesday,1,Light Drizzle
2023-03-22 00:00:00,51,0.1,0.1,0,126,29.5,15.7,15.1,26.4,15.1,25.8,2023,3,March,22,Wednesday,1,Light Drizzle
2023-03-23 00:00:00,51,0.1,0.1,0,32,38.5,20.4,16,27,15.4,25.9,2023,3,March,23,Thursday,1,Light Drizzle
2023-03-24 00:00:00,63,14.4,14.4,0,104,47.5,26.1,14.9,20.8,15.7,21.4,2023,3,March,24,Friday,1,Moderate Rain
2023-03-25 00:00:00,65,20.3,20.3,0,70,50.4,27.3,12.4,23.6,12.6,22.8,2023,3,March,25,Saturday,1,Heavy Rain
2023-03-26 00:00:00,2,0,0,0,296,20.5,8.7,12.9,25.3,13,24.4,2023,3,March,26,Sunday,1,Partly Cloudy
2023-03-27 00:00:00,3,0,0,0,293,19.8,8.2,13.1,27,13.6,25.9,2023,3,March,27,Monday,1,Overcast
2023-03-28 00:00:00,51,0.1,0.1,0,211,16.9,9.7,14.5,28.6,15.1,28.1,2023,3,March,28,Tuesday,1,Light Drizzle
2023-03-29 00:00:00,61,2.5,2.5,0,88,32.8,20.4,14.7,29,15.3,29.1,2023,3,March,29,Wednesday,1,Slight Rain
2023-03-30 00:00:00,61,4.9,4.9,0,74,33.5,17.4,16.6,27.6,16.9,26.5,2023,3,March,30,Thursday,1,Slight Rain
2023-03-31 00:00:00,63,38.4,38.4,0,114,37.1,18.9,15.6,21.3,15.4,21.2,2023,3,March,31,Friday,1,Moderate Rain
2023-04-01 00:00:00,61,4.8,4.8,0,99,38.2,21.6,14.2,23,13.9,22.4,2023,4,April,1,Saturday,2,Slight Rain
2023-04-02 00:00:00,51,0.2,0.2,0,55,18.7,12.1,14.5,27.9,14.1,25.2,2023,4,April,2,Sunday,2,Light Drizzle
2023-04-03 00:00:00,63,9.3,9.3,0,87,30.6,15.2,15.3,24.8,14.7,24,2023,4,April,3,Monday,2,Moderate Rain
2023-04-04 00:00:00,3,0,0,0,335,25.9,11.4,13.5,27.7,13.9,26.2,2023,4,April,4,Tuesday,2,Overcast
2023-04-05 00:00:00,3,0,0,0,337,43.2,15.5,13.9,29.1,14.3,27.6,2023,4,April,5,Wednesday,2,Overcast
2023-04-06 00:00:00,2,0,0,0,343,21.2,12.1,14.1,29.1,15.6,27.9,2023,4,April,6,Thursday,2,Partly Cloudy
2023-04-07 00:00:00,0,0,0,0,308,30.6,15.1,14,28.2,15.2,29.2,2023,4,April,7,Friday,2,Clear Sky
2023-04-08 00:00:00,0,0,0,0,292,22.3,11,13.6,30.7,15,30.9,2023,4,April,8,Saturday,2,Clear Sky
2023-04-09 00:00:00,1,0,0,0,303,20.2,13.2,15.5,32.3,17.1,32.1,2023,4,April,9,Sunday,2,Mainly Clear
2023-04-10 00:00:00,3,0,0,0,306,32.8,17.6,16.3,33,17.8,33.5,2023,4,April,10,Monday,2,Overcast
2023-04-11 00:00:00,51,0.2,0.2,0,311,48.6,26.5,18.1,33.8,19.1,34.4,2023,4,April,11,Tuesday,2,Light Drizzle
2023-04-12 00:00:00,2,0,0,0,305,29.2,15.8,18,35.7,18.5,35.8,2023,4,April,12,Wednesday,2,Partly Cloudy
2023-04-13 00:00:00,0,0,0,0,306,26.6,13,18.7,35.7,19.7,36,2023,4,April,13,Thursday,2,Clear Sky
2023-04-14 00:00:00,2,0,0,0,186,22,11.2,18.6,37.2,20.2,37.7,2023,4,April,14,Friday,2,Partly Cloudy
2023-04-15 00:00:00,3,0,0,0,131,25.2,14.1,18.8,37.5,20,38.3,2023,4,April,15,Saturday,2,Overcast
2023-04-16 00:00:00,51,0.1,0.1,0,132,40.3,23.6,19.6,36.8,20.8,37.4,2023,4,April,16,Sunday,2,Light Drizzle
2023-04-17 00:00:00,3,0,0,0,292,24.8,13.1,20.7,39.3,22.2,37.7,2023,4,April,17,Monday,2,Overcast
2023-04-18 00:00:00,63,9.1,9.1,0,345,46.4,26.9,21,35.6,20.7,35,2023,4,April,18,Tuesday,2,Moderate Rain
2023-04-19 00:00:00,61,3.4,3.4,0,28,32,15.6,17.9,29.7,19.5,27.2,2023,4,April,19,Wednesday,2,Slight Rain
2023-04-20 00:00:00,61,4.2,4.2,0,90,43.9,16.6,17.4,30.7,17.8,30.5,2023,4,April,20,Thursday,2,Slight Rain
2023-04-21 00:00:00,53,1.1,1.1,0,23,34.6,19.8,15.6,29.5,16.9,29.9,2023,4,April,21,Friday,2,Moderate Drizzle
2023-04-22 00:00:00,55,1.6,1.6,0,9,45.7,25,14.8,30.1,15.5,29.8,2023,4,April,22,Saturday,2,Dense Drizzle
2023-04-23 00:00:00,2,0,0,0,14,22,11.9,15.9,31.9,16.3,32.7,2023,4,April,23,Sunday,2,Partly Cloudy
2023-04-24 00:00:00,3,0,0,0,278,25.2,11.9,17.8,34.1,18.4,34.5,2023,4,April,24,Monday,2,Overcast
2023-04-25 00:00:00,3,0,0,0,106,29.5,14.5,18.4,35.4,20.1,35.3,2023,4,April,25,Tuesday,2,Overcast
2023-04-26 00:00:00,3,0,0,0,84,43.9,19,20.4,35.5,20,36.2,2023,4,April,26,Wednesday,2,Overcast
2023-04-27 00:00:00,53,0.5,0.5,0,83,56.5,30.9,19.1,32.3,20.7,34.1,2023,4,April,27,Thursday,2,Moderate Drizzle
2023-04-28 00:00:00,53,0.7,0.7,0,50,45.7,22.8,19.6,35.7,20.8,35.1,2023,4,April,28,Friday,2,Moderate Drizzle
2023-04-29 00:00:00,3,0,0,0,245,47.5,26.9,20.4,35.4,20.8,35.4,2023,4,April,29,Saturday,2,Overcast
2023-04-30 00:00:00,53,0.9,0.9,0,178,42.8,22.4,19.4,33.7,19.9,32.5,2023,4,April,30,Sunday,2,Moderate Drizzle
2023-05-01 00:00:00,61,3.7,3.7,0,109,31.3,14.3,19.2,27.9,18.7,27,2023,5,May,1,Monday,2,Slight Rain
2023-05-02 00:00:00,61,2.7,2.7,0,84,30.6,16.2,18.5,28.8,17.5,28.4,2023,5,May,2,Tuesday,2,Slight Rain
2023-05-03 00:00:00,53,0.8,0.8,0,91,35.6,12.1,18.9,31.3,17.8,28.8,2023,5,May,3,Wednesday,2,Moderate Drizzle
2023-05-04 00:00:00,3,0,0,0,37,37.1,22.5,20.5,32.5,18.6,30.1,2023,5,May,4,Thursday,2,Overcast
2023-05-05 00:00:00,3,0,0,0,321,22.3,10.9,20.9,33.5,19.1,31.7,2023,5,May,5,Friday,2,Overcast
2023-05-06 00:00:00,51,0.1,0.1,0,76,37.4,20.1,20.6,33.9,21.3,34.2,2023,5,May,6,Saturday,2,Light Drizzle
2023-05-07 00:00:00,0,0,0,0,57,43.2,24.1,16.7,33.7,18.7,34.5,2023,5,May,7,Sunday,2,Clear Sky
2023-05-08 00:00:00,1,0,0,0,17,44.3,24.2,17.6,34.2,19.1,33.5,2023,5,May,8,Monday,2,Mainly Clear
2023-05-09 00:00:00,0,0,0,0,338,31.7,18.2,17.5,32.9,18.4,34.3,2023,5,May,9,Tuesday,2,Clear Sky
2023-05-10 00:00:00,2,0,0,0,314,33.1,16.2,17.4,33.4,19.1,35.7,2023,5,May,10,Wednesday,2,Partly Cloudy
2023-05-11 00:00:00,3,0,0,0,18,18.7,10.5,19.6,37.2,20.4,37.6,2023,5,May,11,Thursday,2,Overcast
2023-05-12 00:00:00,3,0,0,0,101,14,12.2,20,39.4,20.6,39,2023,5,May,12,Friday,2,Overcast
2023-05-13 00:00:00,3,0,0,0,46,29.5,16.7,22.1,39.4,23.6,39.2,2023,5,May,13,Saturday,2,Overcast
2023-05-14 00:00:00,3,0,0,0,38,55.8,23,21.4,38.2,22.3,38.3,2023,5,May,14,Sunday,2,Overcast
2023-05-15 00:00:00,2,0,0,0,351,27,15.5,21.6,39.9,22.8,39.3,2023,5,May,15,Monday,2,Partly Cloudy
2023-05-16 00:00:00,3,0,0,0,345,36.4,20.9,22.3,37.8,23.4,38.9,2023,5,May,16,Tuesday,2,Overcast
2023-05-17 00:00:00,3,0,0,0,343,29.9,13.8,24.7,39.1,24.5,38.7,2023,5,May,17,Wednesday,2,Overcast
2023-05-18 00:00:00,3,0,0,0,54,34.2,19.9,22,34.8,22.4,34,2023,5,May,18,Thursday,2,Overcast
2023-05-19 00:00:00,1,0,0,0,296,22.3,11.1,23,37.5,22.5,36.9,2023,5,May,19,Friday,2,Mainly Clear
2023-05-20 00:00:00,1,0,0,0,289,31.7,16.4,23,39.2,23.6,40.2,2023,5,May,20,Saturday,2,Mainly Clear
2023-05-21 00:00:00,3,0,0,0,259,28.8,14.4,23.6,42.5,24.5,41.8,2023,5,May,21,Sunday,2,Overcast
2023-05-22 00:00:00,3,0,0,0,220,39.6,20.9,25.3,43.2,24.9,42.7,2023,5,May,22,Monday,2,Overcast
2023-05-23 00:00:00,51,0.5,0.5,0,218,42.5,17,25.9,42.3,25.8,39.6,2023,5,May,23,Tuesday,2,Light Drizzle
2023-05-24 00:00:00,51,0.8,0.8,0,103,47.2,24.8,24.4,35.4,23,34.7,2023,5,May,24,Wednesday,2,Light Drizzle
2023-05-25 00:00:00,55,1.2,1.2,0,105,38.2,20.3,24.8,36.5,22.6,34,2023,5,May,25,Thursday,2,Dense Drizzle
2023-05-26 00:00:00,63,8.4,8.4,0,92,34.9,18.8,22.3,32.1,21.1,30.6,2023,5,May,26,Friday,2,Moderate Rain
2023-05-27 00:00:00,3,0,0,0,114,23,11.4,24.2,37.5,21.6,34.5,2023,5,May,27,Saturday,2,Overcast
2023-05-28 00:00:00,3,0,0,0,224,27.4,15.8,25.4,37.1,24.3,35.8,2023,5,May,28,Sunday,2,Overcast
2023-05-29 00:00:00,63,5.5,5.5,0,131,54,23,25,34.4,23.8,31.8,2023,5,May,29,Monday,2,Moderate Rain
2023-05-30 00:00:00,3,0,0,0,3,28.4,15.2,24.4,33.3,21.7,32.3,2023,5,May,30,Tuesday,2,Overcast
2023-05-31 00:00:00,63,8.1,8.1,0,83,37.8,23.1,21.8,31.4,19.9,28.4,2023,5,May,31,Wednesday,2,Moderate Rain
2023-06-01 00:00:00,63,8.1,8.1,0,101,31.7,17.1,21,30.2,18.9,27,2023,6,June,1,Thursday,2,Moderate Rain
2023-06-02 00:00:00,51,0.2,0.2,0,56,24.8,12.5,21.6,32.7,19,30.2,2023,6,June,2,Friday,2,Light Drizzle
2023-06-03 00:00:00,3,0,0,0,285,17.3,9.7,24.2,36.5,21.7,33.2,2023,6,June,3,Saturday,2,Overcast
2023-06-04 00:00:00,3,0,0,0,299,18,9.8,24.9,38.1,24.2,35.3,2023,6,June,4,Sunday,2,Overcast
2023-06-05 00:00:00,3,0,0,0,249,35.6,18.6,25,37.5,23.8,36,2023,6,June,5,Monday,2,Overcast
2023-06-06 00:00:00,51,0.6,0.6,0,161,42.1,19.8,25.4,38.8,23.3,36.5,2023,6,June,6,Tuesday,2,Light Drizzle
2023-06-07 00:00:00,3,0,0,0,37,47.9,25.1,25.9,36.4,23.1,34,2023,6,June,7,Wednesday,2,Overcast
2023-06-08 00:00:00,53,0.8,0.8,0,213,29.5,9.2,26.9,40,25.1,36.6,2023,6,June,8,Thursday,2,Moderate Drizzle
2023-06-09 00:00:00,3,0,0,0,152,20.2,9.7,26.7,42.1,24.8,39,2023,6,June,9,Friday,2,Overcast
2023-06-10 00:00:00,51,0.1,0.1,0,88,54.4,24.8,28.5,43.2,26.7,40.6,2023,6,June,10,Saturday,2,Light Drizzle
2023-06-11 00:00:00,3,0,0,0,184,23,11,29.1,41,25.7,37.2,2023,6,June,11,Sunday,2,Overcast
2023-06-12 00:00:00,3,0,0,0,178,23,8.9,31.9,42.2,27.5,38.8,2023,6,June,12,Monday,2,Overcast
2023-06-13 00:00:00,51,0.1,0.1,0,242,33.8,19,32.5,42.3,28.9,40,2023,6,June,13,Tuesday,2,Light Drizzle
2023-06-14 00:00:00,65,27,27,0,117,57.6,29.8,26.1,41.9,24.2,37.5,2023,6,June,14,Wednesday,2,Heavy Rain
2023-06-15 00:00:00,61,4.6,4.6,0,93,31.7,13.8,27.6,37.1,24.2,33.1,2023,6,June,15,Thursday,2,Slight Rain
2023-06-16 00:00:00,53,0.6,0.6,0,193,23.4,12.8,29.7,39.2,25.9,35.1,2023,6,June,16,Friday,2,Moderate Drizzle
2023-06-17 00:00:00,0,0,0,0,177,17.3,8.7,32,42.9,27,37.9,2023,6,June,17,Saturday,2,Clear Sky
2023-06-18 00:00:00,1,0,0,0,144,32.4,17.2,33.3,43.3,27.9,38.3,2023,6,June,18,Sunday,2,Mainly Clear
2023-06-19 00:00:00,0,0,0,0,253,18,6.6,33.3,42.9,27.1,37.7,2023,6,June,19,Monday,2,Clear Sky
2023-06-20 00:00:00,1,0,0,0,176,27.7,17.3,33.3,44.6,28.6,39.6,2023,6,June,20,Tuesday,2,Mainly Clear
2023-06-21 00:00:00,1,0,0,0,120,35.3,19.5,33.9,45.5,30,39.7,2023,6,June,21,Wednesday,2,Mainly Clear
2023-06-22 00:00:00,1,0,0,0,173,26.3,13,35.4,46.9,30.7,41.6,2023,6,June,22,Thursday,2,Mainly Clear
2023-06-23 00:00:00,3,0,0,0,157,26.3,16.6,35.3,47.4,30.5,41.8,2023,6,June,23,Friday,2,Overcast
2023-06-24 00:00:00,3,0,0,0,106,36.4,19.9,32.1,45.5,28.8,40.2,2023,6,June,24,Saturday,2,Overcast
2023-06-25 00:00:00,61,2.3,2.3,0,114,49.3,26.5,29.2,45.5,26,40.4,2023,6,June,25,Sunday,2,Slight Rain
2023-06-26 00:00:00,65,19.8,19.8,0,77,37.4,20.7,29.7,37.8,25.2,32.6,2023,6,June,26,Monday,2,Heavy Rain
2023-06-27 00:00:00,1,0,0,0,101,25.6,14.4,31.7,41,26.2,34.7,2023,6,June,27,Tuesday,2,Mainly Clear
2023-06-28 00:00:00,63,10,10,0,116,29.9,15.1,29.5,41.8,25,36.6,2023,6,June,28,Wednesday,2,Moderate Rain
2023-06-29 00:00:00,51,0.3,0.3,0,138,22,12.5,32.8,41.5,27.2,36,2023,6,June,29,Thursday,2,Light Drizzle
2023-06-30 00:00:00,53,0.5,0.5,0,164,22,9.4,31.8,41.8,26.9,36.6,2023,6,June,30,Friday,2,Moderate Drizzle
2023-07-01 00:00:00,2,0,0,0,206,34.6,18.9,31.8,43.2,27.7,37.7,2023,7,July,1,Saturday,3,Partly Cloudy
2023-07-02 00:00:00,51,0.6,0.6,0,203,44.6,25.8,29,41.9,26.8,37,2023,7,July,2,Sunday,3,Light Drizzle
2023-07-03 00:00:00,51,0.1,0.1,0,108,33.1,17.2,32.5,45.5,28.8,39.7,2023,7,July,3,Monday,3,Light Drizzle
2023-07-04 00:00:00,65,26.4,26.4,0,118,48.6,21.5,33.4,44.7,27.6,39,2023,7,July,4,Tuesday,3,Heavy Rain
2023-07-05 00:00:00,63,17.8,17.8,0,101,41.8,22.7,27.9,35.2,25.2,31,2023,7,July,5,Wednesday,3,Moderate Rain
2023-07-06 00:00:00,63,8.2,8.2,0,100,31.7,15.5,29.4,38.9,24.6,32.6,2023,7,July,6,Thursday,3,Moderate Rain
2023-07-07 00:00:00,63,4.8,4.8,0,91,27,13.4,31,38.6,26.1,32.3,2023,7,July,7,Friday,3,Moderate Rain
2023-07-08 00:00:00,63,14,14,0,89,34.6,18.8,28.7,32,24.2,27.4,2023,7,July,8,Saturday,3,Moderate Rain
2023-07-09 00:00:00,51,0.1,0.1,0,73,31.3,16.1,29.1,35.9,24.9,31.1,2023,7,July,9,Sunday,3,Light Drizzle
2023-07-10 00:00:00,51,0.4,0.4,0,78,30.2,16.8,27.8,36.8,24.2,31.9,2023,7,July,10,Monday,3,Light Drizzle
2023-07-11 00:00:00,0,0,0,0,152,17.3,10.7,30.2,41.7,24.8,35.4,2023,7,July,11,Tuesday,3,Clear Sky
2023-07-12 00:00:00,51,0.4,0.4,0,105,41.8,14.9,30.2,42.8,26.3,35.7,2023,7,July,12,Wednesday,3,Light Drizzle
2023-07-13 00:00:00,53,0.7,0.7,0,104,20.5,9.7,33,40.7,27.3,34.4,2023,7,July,13,Thursday,3,Moderate Drizzle
2023-07-14 00:00:00,51,0.1,0.1,0,115,31,16.4,31.8,41.3,27.4,34.3,2023,7,July,14,Friday,3,Light Drizzle
2023-07-15 00:00:00,63,10.6,10.6,0,79,36.4,18,29.6,42.3,25.9,34.9,2023,7,July,15,Saturday,3,Moderate Rain
2023-07-16 00:00:00,53,1.8,1.8,0,96,27,13,32.2,40.5,26.5,33.3,2023,7,July,16,Sunday,3,Moderate Drizzle
2023-07-17 00:00:00,55,1.5,1.5,0,112,25.9,11.9,33.7,41.7,27.3,34.7,2023,7,July,17,Monday,3,Dense Drizzle
2023-07-18 00:00:00,51,0.7,0.7,0,108,29.9,14.9,32.7,41.6,27.5,34.3,2023,7,July,18,Tuesday,3,Light Drizzle
2023-07-19 00:00:00,53,2.1,2.1,0,101,34.6,18.7,32.4,39.9,27.2,34.1,2023,7,July,19,Wednesday,3,Moderate Drizzle
2023-07-20 00:00:00,63,10.8,10.8,0,114,26.6,13.4,31.8,42.1,27.1,34.9,2023,7,July,20,Thursday,3,Moderate Rain
2023-07-21 00:00:00,65,26.7,26.7,0,79,21.6,12.3,32.9,42.2,27.1,34.6,2023,7,July,21,Friday,3,Heavy Rain
2023-07-22 00:00:00,63,13.3,13.3,0,97,42.5,24,31,37.1,26.2,31.4,2023,7,July,22,Saturday,3,Moderate Rain
2023-07-23 00:00:00,63,5.7,5.7,0,82,27.4,11.3,30.5,42.2,26.2,34.1,2023,7,July,23,Sunday,3,Moderate Rain
2023-07-24 00:00:00,63,6.4,6.4,0,104,25.9,11.6,34.2,41.7,27.5,33.5,2023,7,July,24,Monday,3,Moderate Rain
2023-07-25 00:00:00,63,5.8,5.8,0,83,25.9,10.9,32.2,40.6,26.3,33.7,2023,7,July,25,Tuesday,3,Moderate Rain
2023-07-26 00:00:00,63,20.9,20.9,0,125,26.3,13.4,30,40.6,25,33,2023,7,July,26,Wednesday,3,Moderate Rain
2023-07-27 00:00:00,63,10.9,10.9,0,103,22.7,12.2,29.6,39,24.9,31.8,2023,7,July,27,Thursday,3,Moderate Rain
2023-07-28 00:00:00,65,25.1,25.1,0,113,28.1,13.7,28.8,40.5,24.4,32.8,2023,7,July,28,Friday,3,Heavy Rain
2023-07-29 00:00:00,63,10.3,10.3,0,99,20.2,10.2,30.1,40.8,24.9,32.6,2023,7,July,29,Saturday,3,Moderate Rain
2023-07-30 00:00:00,53,0.9,0.9,0,178,17.6,8.6,30.4,41.1,25.2,34,2023,7,July,30,Sunday,3,Moderate Drizzle
2023-07-31 00:00:00,63,3.2,3.2,0,235,43.9,15.6,28.3,41.7,25.2,34.6,2023,7,July,31,Monday,3,Moderate Rain
2023-08-01 00:00:00,51,0.3,0.3,0,226,22.3,10.7,33.6,42.6,28.4,35.5,2023,8,August,1,Tuesday,3,Light Drizzle
2023-08-02 00:00:00,63,8.9,8.9,0,156,27.7,15.3,30,43.5,25.6,36.3,2023,8,August,2,Wednesday,3,Moderate Rain
2023-08-03 00:00:00,51,0.2,0.2,0,202,28.4,13.8,30.5,42.5,25,34.6,2023,8,August,3,Thursday,3,Light Drizzle
2023-08-04 00:00:00,63,9.6,9.6,0,131,28.1,12.8,31.8,43.1,25.7,35.7,2023,8,August,4,Friday,3,Moderate Rain
2023-08-05 00:00:00,65,13.1,13.1,0,113,25.6,8.6,32.5,42.4,26.7,34.5,2023,8,August,5,Saturday,3,Heavy Rain
2023-08-06 00:00:00,65,14.5,14.5,0,174,30.2,14,30,42.6,25.8,34.2,2023,8,August,6,Sunday,3,Heavy Rain
2023-08-07 00:00:00,51,0.5,0.5,0,222,23.8,18.8,30.8,41,26,34.6,2023,8,August,7,Monday,3,Light Drizzle
2023-08-08 00:00:00,61,2.1,2.1,0,209,43.6,12.2,31.1,41.5,26.7,35.1,2023,8,August,8,Tuesday,3,Slight Rain
2023-08-09 00:00:00,63,6.5,6.5,0,143,42.5,15.3,28.2,43,24.4,35.5,2023,8,August,9,Wednesday,3,Moderate Rain
2023-08-10 00:00:00,61,2.5,2.5,0,116,34.9,17.8,31.4,42.2,26.2,34.8,2023,8,August,10,Thursday,3,Slight Rain
2023-08-11 00:00:00,51,0.2,0.2,0,178,37.4,21.6,29.8,42.4,26.4,35.1,2023,8,August,11,Friday,3,Light Drizzle
2023-08-12 00:00:00,3,0,0,0,208,22.3,11.2,33.3,41.8,28.3,36.4,2023,8,August,12,Saturday,3,Overcast
2023-08-13 00:00:00,51,0.2,0.2,0,163,41.8,24,28.6,41.6,26,36.4,2023,8,August,13,Sunday,3,Light Drizzle
2023-08-14 00:00:00,53,1,1,0,103,36.4,21.3,27.7,42.2,25.2,35,2023,8,August,14,Monday,3,Moderate Drizzle
2023-08-15 00:00:00,53,1.1,1.1,0,96,33.5,18.3,27.7,41.1,24.7,34.7,2023,8,August,15,Tuesday,3,Moderate Drizzle
2023-08-16 00:00:00,53,1.2,1.2,0,149,17.6,7.9,32.1,42.3,26.6,35.2,2023,8,August,16,Wednesday,3,Moderate Drizzle
2023-08-17 00:00:00,55,1.6,1.6,0,144,25.6,10.8,32.9,42.1,27.5,36.7,2023,8,August,17,Thursday,3,Dense Drizzle
2023-08-18 00:00:00,51,0.1,0.1,0,111,28.8,14.1,32.7,43.7,27.9,36.3,2023,8,August,18,Friday,3,Light Drizzle
2023-08-19 00:00:00,61,2.8,2.8,0,106,36.7,19.3,32.6,42.1,28,35.1,2023,8,August,19,Saturday,3,Slight Rain
2023-08-20 00:00:00,63,3.1,3.1,0,128,29.5,15.5,33.8,42.7,28.1,35.4,2023,8,August,20,Sunday,3,Moderate Rain
2023-08-21 00:00:00,1,0,0,0,138,16.6,8.9,35.3,44.3,28.9,37.2,2023,8,August,21,Monday,3,Mainly Clear
2023-08-22 00:00:00,3,0,0,0,119,29.5,18.1,32.5,46.1,28.3,38.9,2023,8,August,22,Tuesday,3,Overcast
2023-08-23 00:00:00,3,0,0,0,132,33.5,19.6,30.3,44.1,26.3,38.4,2023,8,August,23,Wednesday,3,Overcast
2023-08-24 00:00:00,55,3.1,3.1,0,140,37.1,14.3,29.2,41.2,25.2,34.8,2023,8,August,24,Thursday,3,Dense Drizzle
2023-08-25 00:00:00,63,10.9,10.9,0,85,55.1,33,25.1,41,24.6,34.4,2023,8,August,25,Friday,3,Moderate Rain
2023-08-26 00:00:00,55,2.9,2.9,0,207,27,14.3,29.5,36.1,24.5,30.8,2023,8,August,26,Saturday,3,Dense Drizzle
2023-08-27 00:00:00,2,0,0,0,228,22.3,10.7,30.5,39.6,24.9,34.3,2023,8,August,27,Sunday,3,Partly Cloudy
2023-08-28 00:00:00,63,2.9,2.9,0,129,40.3,23,26.2,38.9,24.7,33.6,2023,8,August,28,Monday,3,Moderate Rain
2023-08-29 00:00:00,63,3.3,3.3,0,266,47.2,10.3,25.5,40.1,22.7,33.8,2023,8,August,29,Tuesday,3,Moderate Rain
2023-08-30 00:00:00,0,0,0,0,242,20.2,9.2,29.9,40.3,25.4,36,2023,8,August,30,Wednesday,3,Clear Sky
2023-08-31 00:00:00,1,0,0,0,218,18.4,6.8,31.7,41.5,26.9,36.7,2023,8,August,31,Thursday,3,Mainly Clear
2023-09-01 00:00:00,1,0,0,0,232,28.4,13.9,30.8,41.2,27,37.4,2023,9,September,1,Friday,3,Mainly Clear
2023-09-02 00:00:00,0,0,0,0,224,31.7,15.5,30.1,40.1,26.2,36.8,2023,9,September,2,Saturday,3,Clear Sky
2023-09-03 00:00:00,0,0,0,0,227,23,11,29.6,40.2,25.8,36.4,2023,9,September,3,Sunday,3,Clear Sky
2023-09-04 00:00:00,0,0,0,0,169,23,9.7,29.9,40.5,26.4,36.9,2023,9,September,4,Monday,3,Clear Sky
2023-09-05 00:00:00,2,0,0,0,82,30.6,10.9,30.4,40.8,26.4,36.4,2023,9,September,5,Tuesday,3,Partly Cloudy
2023-09-06 00:00:00,1,0,0,0,344,24.5,12.3,30.6,41.2,26.2,36.8,2023,9,September,6,Wednesday,3,Mainly Clear
2023-09-07 00:00:00,0,0,0,0,275,22,10.2,29.2,41.9,26.2,38.4,2023,9,September,7,Thursday,3,Clear Sky
2023-09-08 00:00:00,1,0,0,0,168,20.5,11.5,30.3,42.5,26.6,38.2,2023,9,September,8,Friday,3,Mainly Clear
2023-09-09 00:00:00,0,0,0,0,136,31,16.2,29.3,41.6,26.2,36.4,2023,9,September,9,Saturday,3,Clear Sky
2023-09-10 00:00:00,51,0.2,0.2,0,118,28.4,13.9,29.3,41.2,25.4,35,2023,9,September,10,Sunday,3,Light Drizzle
2023-09-11 00:00:00,1,0,0,0,103,31.3,16.3,30,41.6,26.3,34.3,2023,9,September,11,Monday,3,Mainly Clear
2023-09-12 00:00:00,51,0.2,0.2,0,157,19.8,11.6,32.5,40.9,27.5,35.8,2023,9,September,12,Tuesday,3,Light Drizzle
2023-09-13 00:00:00,1,0,0,0,114,35.3,18.5,33.1,42.8,28.4,35.9,2023,9,September,13,Wednesday,3,Mainly Clear
2023-09-14 00:00:00,65,22.7,22.7,0,85,41,24.7,28.4,43.4,25.7,36.1,2023,9,September,14,Thursday,3,Heavy Rain
2023-09-15 00:00:00,65,30.7,30.7,0,102,34.2,18.2,31,41.9,25.6,34.7,2023,9,September,15,Friday,3,Heavy Rain
2023-09-16 00:00:00,51,0.2,0.2,0,73,19.1,9.4,31.1,40.3,25.7,33.7,2023,9,September,16,Saturday,3,Light Drizzle
2023-09-17 00:00:00,51,0.4,0.4,0,111,33.5,14.8,29.3,38.6,25.4,32.8,2023,9,September,17,Sunday,3,Light Drizzle
2023-09-18 00:00:00,65,29.5,29.5,0,84,43.9,25.1,25.5,34.8,23.6,30.7,2023,9,September,18,Monday,3,Heavy Rain
2023-09-19 00:00:00,61,3.2,3.2,0,90,22.7,10.7,28.8,38.8,23.9,31.6,2023,9,September,19,Tuesday,3,Slight Rain
2023-09-20 00:00:00,3,0,0,0,272,16.9,7.4,29.8,40,25,33.1,2023,9,September,20,Wednesday,3,Overcast
2023-09-21 00:00:00,0,0,0,0,243,15.8,8.1,30.8,39.7,25.6,33.6,2023,9,September,21,Thursday,3,Clear Sky
2023-09-22 00:00:00,65,15.7,15.7,0,136,29.9,18.4,28.3,39.3,24.9,32.7,2023,9,September,22,Friday,3,Heavy Rain
2023-09-23 00:00:00,63,24.5,24.5,0,107,40.3,12.9,27.3,36.3,23,30.6,2023,9,September,23,Saturday,3,Moderate Rain
2023-09-24 00:00:00,51,0.8,0.8,0,130,25.2,11.2,28.7,37.5,23.7,31.6,2023,9,September,24,Sunday,3,Light Drizzle
2023-09-25 00:00:00,63,8.8,8.8,0,30,48.6,27.5,21.4,36.2,20.7,30.5,2023,9,September,25,Monday,3,Moderate Rain
2023-09-26 00:00:00,0,0,0,0,309,17.3,7.6,25.2,36.1,22.5,31.9,2023,9,September,26,Tuesday,3,Clear Sky
2023-09-27 00:00:00,0,0,0,0,287,22.3,12.1,24.2,36,21.6,32.5,2023,9,September,27,Wednesday,3,Clear Sky
2023-09-28 00:00:00,0,0,0,0,157,13,7.3,23.5,38,21.5,33.3,2023,9,September,28,Thursday,3,Clear Sky
2023-09-29 00:00:00,1,0,0,0,41,34.6,16.8,21.5,37.4,21.3,33.3,2023,9,September,29,Friday,3,Mainly Clear
2023-09-30 00:00:00,0,0,0,0,314,21.2,11.4,20.2,35.7,19.2,32.5,2023,9,September,30,Saturday,3,Clear Sky
2023-10-01 00:00:00,0,0,0,0,265,18.7,11.5,17.4,34.7,18.5,32.2,2023,10,October,1,Sunday,4,Clear Sky
2023-10-02 00:00:00,0,0,0,0,272,17.6,11.5,18.9,34.3,18.9,32.7,2023,10,October,2,Monday,4,Clear Sky
2023-10-03 00:00:00,0,0,0,0,282,24.1,13,20.4,33.7,19.6,32.3,2023,10,October,3,Tuesday,4,Clear Sky
2023-10-04 00:00:00,0,0,0,0,289,20.5,11,19.3,35.6,19.4,33.2,2023,10,October,4,Wednesday,4,Clear Sky
2023-10-05 00:00:00,0,0,0,0,248,19.1,11,19.9,35.8,19.5,32.9,2023,10,October,5,Thursday,4,Clear Sky
2023-10-06 00:00:00,0,0,0,0,131,17.6,9.8,20.5,35.5,19.4,33.4,2023,10,October,6,Friday,4,Clear Sky
2023-10-07 00:00:00,0,0,0,0,113,18.4,10.5,23.8,37.3,22.3,33.9,2023,10,October,7,Saturday,4,Clear Sky
2023-10-08 00:00:00,0,0,0,0,87,14.8,8.1,26.9,38.9,23.3,33.2,2023,10,October,8,Sunday,4,Clear Sky
2023-10-09 00:00:00,51,0.2,0.2,0,52,65.2,35.3,21.2,37,21.6,33.4,2023,10,October,9,Monday,4,Light Drizzle
2023-10-10 00:00:00,0,0,0,0,352,19.8,10.6,20.6,32.9,19.5,30.6,2023,10,October,10,Tuesday,4,Clear Sky
2023-10-11 00:00:00,0,0,0,0,235,16.2,10.4,19.6,32.3,18.8,30.6,2023,10,October,11,Wednesday,4,Clear Sky
2023-10-12 00:00:00,0,0,0,0,143,16.6,8.2,20.4,33.5,19.2,31.5,2023,10,October,12,Thursday,4,Clear Sky
2023-10-13 00:00:00,3,0,0,0,117,19.8,11.2,21.2,34.3,19.4,32.1,2023,10,October,13,Friday,4,Overcast
2023-10-14 00:00:00,65,30.9,30.9,0,62,63.7,26.8,18.4,31.4,19.2,29.9,2023,10,October,14,Saturday,4,Heavy Rain
2023-10-15 00:00:00,3,0,0,0,37,19.8,9.1,18.9,30.3,18,29,2023,10,October,15,Sunday,4,Overcast
2023-10-16 00:00:00,65,13.5,13.5,0,63,54,29.7,13.6,24.8,16.5,23.2,2023,10,October,16,Monday,4,Heavy Rain
2023-10-17 00:00:00,51,0.7,0.7,0,42,36.7,21.4,14.6,22.8,15.3,22.7,2023,10,October,17,Tuesday,4,Light Drizzle
2023-10-18 00:00:00,0,0,0,0,303,18.4,11,14.6,25.8,15.3,25.1,2023,10,October,18,Wednesday,4,Clear Sky
2023-10-19 00:00:00,0,0,0,0,289,16.9,8.2,15.5,27.4,15.5,26.4,2023,10,October,19,Thursday,4,Clear Sky
2023-10-20 00:00:00,0,0,0,0,292,18.7,9.8,16.2,28.9,16.4,27.7,2023,10,October,20,Friday,4,Clear Sky
2023-10-21 00:00:00,3,0,0,0,245,18.4,11.2,16.8,28.1,16.6,26.9,2023,10,October,21,Saturday,4,Overcast
2023-10-22 00:00:00,3,0,0,0,350,32.4,16.5,18.6,28.1,17.7,25.7,2023,10,October,22,Sunday,4,Overcast
2023-10-23 00:00:00,2,0,0,0,331,23.8,11,17.3,28.8,16.4,27.8,2023,10,October,23,Monday,4,Partly Cloudy
2023-10-24 00:00:00,1,0,0,0,327,18.4,10.4,16.9,29.4,16.9,28.4,2023,10,October,24,Tuesday,4,Mainly Clear
2023-10-25 00:00:00,0,0,0,0,316,18,10.2,16.4,30.3,16.1,29.1,2023,10,October,25,Wednesday,4,Clear Sky
2023-10-26 00:00:00,0,0,0,0,351,15.1,8.7,15.3,30.2,15.2,28.8,2023,10,October,26,Thursday,4,Clear Sky
2023-10-27 00:00:00,3,0,0,0,97,18,9,16.6,31.8,16,29.6,2023,10,October,27,Friday,4,Overcast
2023-10-28 00:00:00,3,0,0,0,100,15.1,9,19.3,31.1,17.7,29,2023,10,October,28,Saturday,4,Overcast
2023-10-29 00:00:00,1,0,0,0,73,15.8,9.2,19.4,31.8,18,29.4,2023,10,October,29,Sunday,4,Mainly Clear
2023-10-30 00:00:00,2,0,0,0,42,16.9,9.2,18.8,31.8,17.8,29.3,2023,10,October,30,Monday,4,Partly Cloudy
2023-10-31 00:00:00,1,0,0,0,49,13,8.9,17.8,32,17.1,29.8,2023,10,October,31,Tuesday,4,Mainly Clear
2023-11-01 00:00:00,3,0,0,0,333,36,19,19.3,31.1,17.9,28.9,2023,11,November,1,Wednesday,4,Overcast
2023-11-02 00:00:00,63,6.2,6.2,0,316,57.2,25.3,18.5,30,17.8,28.5,2023,11,November,2,Thursday,4,Moderate Rain
2023-11-03 00:00:00,3,0,0,0,295,27.7,16.3,16.4,29.2,16.2,27.6,2023,11,November,3,Friday,4,Overcast
2023-11-04 00:00:00,3,0,0,0,320,16.9,10.1,15.7,29.7,15.7,29,2023,11,November,4,Saturday,4,Overcast
2023-11-05 00:00:00,1,0,0,0,42,17.6,9.5,15.2,29,15.2,28.1,2023,11,November,5,Sunday,4,Mainly Clear
2023-11-06 00:00:00,3,0,0,0,33,20.5,9.4,15.7,29.3,15.4,28.1,2023,11,November,6,Monday,4,Overcast
2023-11-07 00:00:00,3,0,0,0,347,32,16.5,16.7,29.3,16.4,27.9,2023,11,November,7,Tuesday,4,Overcast
2023-11-08 00:00:00,61,2.2,2.2,0,9,21.6,11.6,15.4,28.7,15.2,26.8,2023,11,November,8,Wednesday,4,Slight Rain
2023-11-09 00:00:00,61,6,6,0,60,47.5,15.7,15.3,28.7,15.1,26.7,2023,11,November,9,Thursday,4,Slight Rain
2023-11-10 00:00:00,63,8.1,8.1,0,62,36,16.9,12.7,21.5,12.9,21,2023,11,November,10,Friday,4,Moderate Rain
2023-11-11 00:00:00,2,0,0,0,298,22.3,10.2,12.2,23.6,12.6,24,2023,11,November,11,Saturday,4,Partly Cloudy
2023-11-12 00:00:00,2,0,0,0,306,21.2,10.3,12.3,24,12.8,24.2,2023,11,November,12,Sunday,4,Partly Cloudy
2023-11-13 00:00:00,1,0,0,0,328,16.9,9.4,12,24.6,12.6,24.3,2023,11,November,13,Monday,4,Mainly Clear
2023-11-14 00:00:00,0,0,0,0,318,19.8,9.9,12.5,24.7,13,24.5,2023,11,November,14,Tuesday,4,Clear Sky
2023-11-15 00:00:00,3,0,0,0,301,19.4,8.7,11.7,25.2,12.4,24.9,2023,11,November,15,Wednesday,4,Overcast
2023-11-16 00:00:00,3,0,0,0,350,12.6,9.4,12.7,25.3,13.2,24.7,2023,11,November,16,Thursday,4,Overcast
2023-11-17 00:00:00,3,0,0,0,329,19.8,10.2,13.1,24.8,13.3,24.8,2023,11,November,17,Friday,4,Overcast
2023-11-18 00:00:00,3,0,0,0,338,15.8,10.1,11.6,24.4,12.3,24.3,2023,11,November,18,Saturday,4,Overcast
2023-11-19 00:00:00,1,0,0,0,360,15.5,9.5,11.3,24.9,12.4,25,2023,11,November,19,Sunday,4,Mainly Clear
2023-11-20 00:00:00,0,0,0,0,321,19.1,9.9,12,23.5,13,24.5,2023,11,November,20,Monday,4,Clear Sky
2023-11-21 00:00:00,0,0,0,0,292,26.6,14.1,11.5,22.5,12.5,24.1,2023,11,November,21,Tuesday,4,Clear Sky
2023-11-22 00:00:00,0,0,0,0,234,19.8,9.4,11.2,23.4,11.9,23.7,2023,11,November,22,Wednesday,4,Clear Sky
2023-11-23 00:00:00,0,0,0,0,94,16.9,10.2,9.9,23.5,10.8,24,2023,11,November,23,Thursday,4,Clear Sky
2023-11-24 00:00:00,3,0,0,0,331,20.9,10.9,10.5,23.7,11.6,23.8,2023,11,November,24,Friday,4,Overcast
2023-11-25 00:00:00,3,0,0,0,1,13.7,9.4,9.6,22.9,10.9,22.8,2023,11,November,25,Saturday,4,Overcast
2023-11-26 00:00:00,3,0,0,0,64,16.9,9.9,12.6,23.5,12.7,23.1,2023,11,November,26,Sunday,4,Overcast
2023-11-27 00:00:00,51,0.2,0.2,0,50,23.4,10.7,13.1,23.3,13.4,22.1,2023,11,November,27,Monday,4,Light Drizzle
2023-11-28 00:00:00,3,0,0,0,53,14.4,9.3,12,24,12.3,23.7,2023,11,November,28,Tuesday,4,Overcast
2023-11-29 00:00:00,63,8.1,8.1,0,346,23.4,9.7,13,25.4,13.3,23.9,2023,11,November,29,Wednesday,4,Moderate Rain
2023-11-30 00:00:00,63,8.7,8.7,0,80,34.2,16.5,12.1,20.7,12.2,20.8,2023,11,November,30,Thursday,4,Moderate Rain
2023-12-01 00:00:00,0,0,0,0,330,22.7,10.7,10.3,20.9,11.9,21.9,2023,12,December,1,Friday,4,Clear Sky
2023-12-02 00:00:00,0,0,0,0,319,15.5,9.7,9.3,22.4,10.3,22.3,2023,12,December,2,Saturday,4,Clear Sky
2023-12-03 00:00:00,0,0,0,0,316,13.3,9.7,9.7,22.9,11,22.6,2023,12,December,3,Sunday,4,Clear Sky
2023-12-04 00:00:00,1,0,0,0,65,15.8,9.1,9.9,22.3,11,22.2,2023,12,December,4,Monday,4,Mainly Clear
2023-12-05 00:00:00,3,0,0,0,328,16.6,10.6,9.4,21.6,10.7,21.4,2023,12,December,5,Tuesday,4,Overcast
2023-12-06 00:00:00,0,0,0,0,330,23,12,8.4,20.7,10,22.1,2023,12,December,6,Wednesday,4,Clear Sky
2023-12-07 00:00:00,0,0,0,0,297,20.2,11.2,7.8,21.6,9.3,22.4,2023,12,December,7,Thursday,4,Clear Sky
2023-12-08 00:00:00,0,0,0,0,320,15.8,9.7,6.8,20.9,8.4,21.2,2023,12,December,8,Friday,4,Clear Sky
2023-12-09 00:00:00,1,0,0,0,318,16.2,10.5,8.1,20.8,9.9,21.3,2023,12,December,9,Saturday,4,Mainly Clear
2023-12-10 00:00:00,3,0,0,0,280,20.9,11.2,6.3,19.6,8,21.1,2023,12,December,10,Sunday,4,Overcast
2023-12-11 00:00:00,3,0,0,0,110,11.9,7,6.2,20.2,8,20.4,2023,12,December,11,Monday,4,Overcast
2023-12-12 00:00:00,0,0,0,0,68,16.9,10.2,6.6,20.1,8.5,20.5,2023,12,December,12,Tuesday,4,Clear Sky
2023-12-13 00:00:00,3,0,0,0,353,15.1,9.7,5.3,19.2,7.2,20.2,2023,12,December,13,Wednesday,4,Overcast
2023-12-14 00:00:00,3,0,0,0,312,17.3,8.4,5.7,18.7,7.6,19.9,2023,12,December,14,Thursday,4,Overcast
2023-12-15 00:00:00,3,0,0,0,25,13.3,7,8.1,19.7,9.2,20.1,2023,12,December,15,Friday,4,Overcast
2023-12-16 00:00:00,51,0.1,0.1,0,36,18.7,9.4,7.3,19.7,8.5,19.6,2023,12,December,16,Saturday,4,Light Drizzle
2023-12-17 00:00:00,3,0,0,0,311,17.3,9.1,6,17.7,7.9,18.9,2023,12,December,17,Sunday,4,Overcast
2023-12-18 00:00:00,0,0,0,0,298,23,11.6,4.3,18.1,6.7,20,2023,12,December,18,Monday,4,Clear Sky
2023-12-19 00:00:00,0,0,0,0,292,19.4,10.1,2.9,17.5,5.4,19,2023,12,December,19,Tuesday,4,Clear Sky
2023-12-20 00:00:00,2,0,0,0,272,13,8,3.7,18.5,6,19,2023,12,December,20,Wednesday,4,Partly Cloudy
2023-12-21 00:00:00,3,0,0,0,170,14.8,6.2,3.4,18.5,5.2,18.9,2023,12,December,21,Thursday,4,Overcast
2023-12-22 00:00:00,51,0.1,0.1,0,81,16.9,9.5,5.1,18,6.8,17.9,2023,12,December,22,Friday,4,Light Drizzle
2023-12-23 00:00:00,3,0,0,0,44,25.9,15.2,9.5,20.8,10.2,20.6,2023,12,December,23,Saturday,4,Overcast
2023-12-24 00:00:00,3,0,0,0,307,16.6,9.6,7.5,19.8,8.6,19.7,2023,12,December,24,Sunday,4,Overcast
2023-12-25 00:00:00,2,0,0,0,228,11.2,8.5,6.4,21,7.9,20.6,2023,12,December,25,Monday,4,Partly Cloudy
2023-12-26 00:00:00,3,0,0,0,89,13.3,7.8,5.7,21.4,7.2,20.9,2023,12,December,26,Tuesday,4,Overcast
2023-12-27 00:00:00,3,0,0,0,282,13.7,10.7,6.6,20.7,8.1,20.4,2023,12,December,27,Wednesday,4,Overcast
2023-12-28 00:00:00,3,0,0,0,109,14.4,9.1,6.5,18.3,8,18.1,2023,12,December,28,Thursday,4,Overcast
2023-12-29 00:00:00,3,0,0,0,22,15.1,7.2,7.6,16.9,8.7,16.8,2023,12,December,29,Friday,4,Overcast
2023-12-30 00:00:00,3,0,0,0,336,12.2,7,4.8,15.3,6.1,15.2,2023,12,December,30,Saturday,4,Overcast
2023-12-31 00:00:00,3,0,0,0,95,14.8,8.1,4.2,16.1,6.2,15.9,2023,12,December,31,Sunday,4,Overcast
2024-01-01 00:00:00,3,0,0,0,277,15.1,7.9,3.1,14.1,5.1,14.7,2024,1,January,1,Monday,1,Overcast
2024-01-02 00:00:00,3,0,0,0,272,16.2,7.6,2.2,12.7,4.3,13.3,2024,1,January,2,Tuesday,1,Overcast
2024-01-03 00:00:00,3,0,0,0,328,16.2,8.9,1,12.1,3.8,13.3,2024,1,January,3,Wednesday,1,Overcast
2024-01-04 00:00:00,3,0,0,0,305,13.7,6.1,2.2,14.4,4.4,15,2024,1,January,4,Thursday,1,Overcast
2024-01-05 00:00:00,3,0,0,0,277,15.5,8.4,1.8,12.3,4.4,13.4,2024,1,January,5,Friday,1,Overcast
2024-01-06 00:00:00,3,0,0,0,324,19.4,8.2,1.3,12.7,3.7,13.4,2024,1,January,6,Saturday,1,Overcast
2024-01-07 00:00:00,3,0,0,0,358,14.8,6.9,2.1,12.8,4,13.6,2024,1,January,7,Sunday,1,Overcast
2024-01-08 00:00:00,3,0,0,0,60,15.8,8.6,1.3,12.4,3.8,13.3,2024,1,January,8,Monday,1,Overcast
2024-01-09 00:00:00,51,0.2,0.2,0,12,18,7.1,-0.1,12.7,2.7,13.8,2024,1,January,9,Tuesday,1,Light Drizzle
2024-01-10 00:00:00,3,0,0,0,277,24.5,10.4,0.6,12.9,3,14.2,2024,1,January,10,Wednesday,1,Overcast
2024-01-11 00:00:00,3,0,0,0,320,14.8,9.6,0.8,12.8,3.7,13.5,2024,1,January,11,Thursday,1,Overcast
2024-01-12 00:00:00,3,0,0,0,246,16.6,6.8,1.2,13.7,3.7,14.4,2024,1,January,12,Friday,1,Overcast
2024-01-13 00:00:00,3,0,0,0,15,15.5,7.8,2.1,14,4.2,14.6,2024,1,January,13,Saturday,1,Overcast
2024-01-14 00:00:00,3,0,0,0,276,16.6,8.5,2.4,13.3,4.8,14,2024,1,January,14,Sunday,1,Overcast
2024-01-15 00:00:00,3,0,0,0,134,15.8,9.7,0.4,11.7,2.9,12.8,2024,1,January,15,Monday,1,Overcast
2024-01-16 00:00:00,3,0,0,0,29,16.6,7.1,0.6,11.7,2.7,12.7,2024,1,January,16,Tuesday,1,Overcast
2024-01-17 00:00:00,3,0,0,0,42,14.8,5.8,2,14.1,4,14.5,2024,1,January,17,Wednesday,1,Overcast
2024-01-18 00:00:00,3,0,0,0,202,12.6,7.6,3.1,14.9,4.8,14.9,2024,1,January,18,Thursday,1,Overcast
2024-01-19 00:00:00,3,0,0,0,130,13.7,9,2.4,13.8,5,14.3,2024,1,January,19,Friday,1,Overcast
2024-01-20 00:00:00,3,0,0,0,56,16.9,7.1,1.6,13.1,4.1,13.7,2024,1,January,20,Saturday,1,Overcast
2024-01-21 00:00:00,3,0,0,0,266,19.4,10,1.5,13.8,3.9,14.7,2024,1,January,21,Sunday,1,Overcast
2024-01-22 00:00:00,3,0,0,0,81,14.4,9.2,1,12.1,3.4,12.9,2024,1,January,22,Monday,1,Overcast
2024-01-23 00:00:00,3,0,0,0,341,18.4,9.8,0.9,12.6,3.6,14.1,2024,1,January,23,Tuesday,1,Overcast
2024-01-24 00:00:00,3,0,0,0,333,15.5,7.2,1,14.2,3.5,15,2024,1,January,24,Wednesday,1,Overcast
2024-01-25 00:00:00,51,0.8,0.8,0,3,17.3,10,3.1,12.3,4.8,13.2,2024,1,January,25,Thursday,1,Light Drizzle
2024-01-26 00:00:00,3,0,0,0,321,15.8,9,3.1,16.5,5.4,17.5,2024,1,January,26,Friday,1,Overcast
2024-01-27 00:00:00,3,0,0,0,282,23.8,11.4,4.8,17.6,6.9,19.5,2024,1,January,27,Saturday,1,Overcast
2024-01-28 00:00:00,3,0,0,0,134,16.9,8.9,6,18.7,7.9,19.4,2024,1,January,28,Sunday,1,Overcast
2024-01-29 00:00:00,1,0,0,0,4,19.1,10,6.4,18.9,7.8,19.2,2024,1,January,29,Monday,1,Mainly Clear
2024-01-30 00:00:00,61,2.3,2.3,0,66,23.4,12.8,6.8,18,8.3,19.1,2024,1,January,30,Tuesday,1,Slight Rain
2024-01-31 00:00:00,65,40.8,40.8,0,110,43.2,24.2,8,16.9,10.9,17.6,2024,1,January,31,Wednesday,1,Heavy Rain
2024-02-01 00:00:00,61,2.1,2.1,0,58,25.6,15.3,4.3,16.3,6.3,17.2,2024,2,February,1,Thursday,1,Slight Rain
2024-02-02 00:00:00,3,0,0,0,343,21.6,9.9,4.6,15.7,6.4,17.3,2024,2,February,2,Friday,1,Overcast
2024-02-03 00:00:00,61,4.5,4.5,0,31,25.2,13,7.9,12.8,10.1,14.8,2024,2,February,3,Saturday,1,Slight Rain
2024-02-04 00:00:00,55,3.1,3.1,0,51,26.6,12.1,4.6,16.4,6.7,16.6,2024,2,February,4,Sunday,1,Dense Drizzle
2024-02-05 00:00:00,3,0,0,0,317,20.2,10.2,2.3,15.4,5,16.9,2024,2,February,5,Monday,1,Overcast
2024-02-06 00:00:00,0,0,0,0,316,23,10.8,2.3,15.3,5.3,17.7,2024,2,February,6,Tuesday,1,Clear Sky
2024-02-07 00:00:00,3,0,0,0,296,30.6,16.5,2.4,15.3,5.4,17.9,2024,2,February,7,Wednesday,1,Overcast
2024-02-08 00:00:00,0,0,0,0,290,33.5,18,3.3,15.9,6.3,19.4,2024,2,February,8,Thursday,1,Clear Sky
2024-02-09 00:00:00,0,0,0,0,310,13.7,8.7,3.1,19.5,6.1,20.3,2024,2,February,9,Friday,1,Clear Sky
2024-02-10 00:00:00,0,0,0,0,340,16.2,10.4,4.5,20.6,6.2,20.8,2024,2,February,10,Saturday,1,Clear Sky
2024-02-11 00:00:00,3,0,0,0,328,15.8,9.5,6.4,20.9,8.4,21.5,2024,2,February,11,Sunday,1,Overcast
2024-02-12 00:00:00,3,0,0,0,108,14.4,7.8,7,20.6,8.4,21,2024,2,February,12,Monday,1,Overcast
2024-02-13 00:00:00,2,0,0,0,203,14,10.7,6.8,21.7,8.8,21.6,2024,2,February,13,Tuesday,1,Partly Cloudy
2024-02-14 00:00:00,0,0,0,0,295,22.3,10.9,5.7,21,8.1,22.3,2024,2,February,14,Wednesday,1,Clear Sky
2024-02-15 00:00:00,0,0,0,0,283,19.1,12.2,5.5,21.8,8.1,22.8,2024,2,February,15,Thursday,1,Clear Sky
2024-02-16 00:00:00,3,0,0,0,251,20.9,12.4,5.4,22.5,8.2,23.4,2024,2,February,16,Friday,1,Overcast
2024-02-17 00:00:00,3,0,0,0,217,20.9,9.2,7.9,22.8,10.1,23.7,2024,2,February,17,Saturday,1,Overcast
2024-02-18 00:00:00,61,1.6,1.6,0,103,44.6,27.4,9.6,19.9,11,20.7,2024,2,February,18,Sunday,1,Slight Rain
2024-02-19 00:00:00,63,8.2,8.2,0,120,55.4,30.3,11.4,20,13.1,22.7,2024,2,February,19,Monday,1,Moderate Rain
2024-02-20 00:00:00,63,2.5,2.5,0,79,36,18.6,8.1,20.6,9.4,21.2,2024,2,February,20,Tuesday,1,Moderate Rain
2024-02-21 00:00:00,51,0.3,0.3,0,17,36,22,5.4,20.2,7.8,20.9,2024,2,February,21,Wednesday,1,Light Drizzle
2024-02-22 00:00:00,1,0,0,0,341,21.6,11.1,5.1,19,7.5,20.5,2024,2,February,22,Thursday,1,Mainly Clear
2024-02-23 00:00:00,3,0,0,0,329,20.5,10.6,4.6,18.7,7.7,20.4,2024,2,February,23,Friday,1,Overcast
2024-02-24 00:00:00,3,0,0,0,353,18.7,11.5,3.9,19,6.9,20.3,2024,2,February,24,Saturday,1,Overcast
2024-02-25 00:00:00,3,0,0,0,357,17.6,10.1,3.7,20,6.5,20.7,2024,2,February,25,Sunday,1,Overcast
2024-02-26 00:00:00,3,0,0,0,342,27,16.6,5,19,7.8,21.3,2024,2,February,26,Monday,1,Overcast
2024-02-27 00:00:00,3,0,0,0,310,27,15.6,7.9,19.9,9.9,21.1,2024,2,February,27,Tuesday,1,Overcast
2024-02-28 00:00:00,0,0,0,0,295,25.6,12.3,7.3,20.3,9.3,22.1,2024,2,February,28,Wednesday,1,Clear Sky
2024-02-29 00:00:00,3,0,0,0,316,22.3,11,7.2,22.7,9.4,23.7,2024,2,February,29,Thursday,1,Overcast
2024-03-01 00:00:00,63,10.2,10.2,0,90,43.2,23.6,12.7,19.8,14.5,21.4,2024,3,March,1,Friday,1,Moderate Rain
2024-03-02 00:00:00,63,10.5,10.5,0,150,64.4,35.9,4.2,17.9,8.6,22,2024,3,March,2,Saturday,1,Moderate Rain
2024-03-03 00:00:00,0,0,0,0,195,34.9,18.7,2.9,14.9,6.3,18.5,2024,3,March,3,Sunday,1,Clear Sky
2024-03-04 00:00:00,3,0,0,0,318,28.4,12.8,2.2,15.9,5.3,18.1,2024,3,March,4,Monday,1,Overcast
2024-03-05 00:00:00,3,0,0,0,298,24.5,10.9,3.3,17.3,6.5,19.3,2024,3,March,5,Tuesday,1,Overcast
2024-03-06 00:00:00,55,1.2,1.2,0,283,30.6,19.3,2.4,19.9,5.3,21.1,2024,3,March,6,Wednesday,1,Dense Drizzle
2024-03-07 00:00:00,53,0.8,0.8,0,356,24.1,13.5,8.5,21.5,10.7,21.9,2024,3,March,7,Thursday,1,Moderate Drizzle
2024-03-08 00:00:00,2,0,0,0,304,27.4,13.2,7.8,21,9.8,22.7,2024,3,March,8,Friday,1,Partly Cloudy
2024-03-09 00:00:00,3,0,0,0,302,30.6,15.5,7.4,23,10.5,25,2024,3,March,9,Saturday,1,Overcast
2024-03-10 00:00:00,3,0,0,0,347,25.2,11.3,8.3,25.1,10.2,26.1,2024,3,March,10,Sunday,1,Overcast
2024-03-11 00:00:00,53,1.9,1.9,0,131,27.7,14.3,9.2,21,10.9,22.2,2024,3,March,11,Monday,1,Moderate Drizzle
2024-03-12 00:00:00,3,0,0,0,310,22.7,11.9,8.4,26.1,10.3,26.1,2024,3,March,12,Tuesday,1,Overcast
2024-03-13 00:00:00,61,5.3,5.3,0,39,31,15.8,10.2,18.7,11.9,19.7,2024,3,March,13,Wednesday,1,Slight Rain
2024-03-14 00:00:00,55,1,1,0,0,33.1,19.4,9.3,25.4,12.1,25.4,2024,3,March,14,Thursday,1,Dense Drizzle
2024-03-15 00:00:00,1,0,0,0,309,30.2,17,8.7,24.2,11.2,25.8,2024,3,March,15,Friday,1,Mainly Clear
2024-03-16 00:00:00,3,0,0,0,337,24.5,12.1,8.6,26.6,10.6,27.4,2024,3,March,16,Saturday,1,Overcast
2024-03-17 00:00:00,3,0,0,0,319,27.4,13.6,9.3,26.6,11.6,28.3,2024,3,March,17,Sunday,1,Overcast
2024-03-18 00:00:00,3,0,0,0,341,28.4,14.5,10.9,28.1,12.3,29.4,2024,3,March,18,Monday,1,Overcast
2024-03-19 00:00:00,1,0,0,0,10,20.5,9.5,10.2,30.3,11.8,30.3,2024,3,March,19,Tuesday,1,Mainly Clear
2024-03-20 00:00:00,3,0,0,0,260,23.4,11.1,12,30.9,12.6,31.4,2024,3,March,20,Wednesday,1,Overcast
2024-03-21 00:00:00,51,0.2,0.2,0,128,34.9,18.9,17,29.4,17.9,30.2,2024,3,March,21,Thursday,1,Light Drizzle
2024-03-22 00:00:00,51,0.1,0.1,0,28,37.4,19.5,16.2,29.4,17.7,28.8,2024,3,March,22,Friday,1,Light Drizzle
2024-03-23 00:00:00,51,0.1,0.1,0,342,45,27.6,15.9,30.5,17.3,31,2024,3,March,23,Saturday,1,Light Drizzle
2024-03-24 00:00:00,53,1.3,1.3,0,290,47.5,26.3,15.8,31.6,17.7,29.7,2024,3,March,24,Sunday,1,Moderate Drizzle
2024-03-25 00:00:00,3,0,0,0,300,31.7,16.5,16.8,31.3,17.2,31.6,2024,3,March,25,Monday,1,Overcast
2024-03-26 00:00:00,3,0,0,0,329,23.4,15.8,18.1,31.4,18.4,30.8,2024,3,March,26,Tuesday,1,Overcast
2024-03-27 00:00:00,51,0.8,0.8,0,351,44.6,27.1,18,30.1,20.6,28.4,2024,3,March,27,Wednesday,1,Light Drizzle
2024-03-28 00:00:00,51,0.2,0.2,0,332,38.9,21.7,18.9,30.8,19,30,2024,3,March,28,Thursday,1,Light Drizzle
2024-03-29 00:00:00,61,2,2,0,12,50.8,19.4,18.2,31.6,18,31.2,2024,3,March,29,Friday,1,Slight Rain
2024-03-30 00:00:00,51,0.2,0.2,0,66,45.4,25.1,14.2,30.1,16.8,29.4,2024,3,March,30,Saturday,1,Light Drizzle
2024-03-31 00:00:00,3,0,0,0,349,36.4,19.7,14.1,28.5,15.9,28,2024,3,March,31,Sunday,1,Overcast
2024-04-01 00:00:00,3,0,0,0,269,26.3,12.2,13.6,27.4,14.8,27.6,2024,4,April,1,Monday,2,Overcast
2024-04-02 00:00:00,3,0,0,0,283,19.8,9.1,12.8,30.4,14,29.5,2024,4,April,2,Tuesday,2,Overcast
2024-04-03 00:00:00,3,0,0,0,65,32.8,19,14.8,31.3,16.3,31.3,2024,4,April,3,Wednesday,2,Overcast
2024-04-04 00:00:00,3,0,0,0,343,25.9,16.2,14.2,33.1,16.5,32.4,2024,4,April,4,Thursday,2,Overcast
2024-04-05 00:00:00,1,0,0,0,327,27.4,15.2,14.7,30.7,17.3,31.4,2024,4,April,5,Friday,2,Mainly Clear
2024-04-06 00:00:00,0,0,0,0,322,30.6,16.3,12.8,30.7,15.7,31.5,2024,4,April,6,Saturday,2,Clear Sky
2024-04-07 00:00:00,3,0,0,0,322,29.9,16.2,13.4,32.4,16.1,32.6,2024,4,April,7,Sunday,2,Overcast
2024-04-08 00:00:00,2,0,0,0,315,19.4,12.3,13.1,33.3,15.2,32.8,2024,4,April,8,Monday,2,Partly Cloudy
2024-04-09 00:00:00,3,0,0,0,347,18,11.7,15.5,33.8,17.2,33.3,2024,4,April,9,Tuesday,2,Overcast
2024-04-10 00:00:00,3,0,0,0,59,34.6,19.8,16.4,33.1,17.9,34.6,2024,4,April,10,Wednesday,2,Overcast
2024-04-11 00:00:00,3,0,0,0,55,40.3,21.1,17.7,31.2,18.5,32.8,2024,4,April,11,Thursday,2,Overcast
2024-04-12 00:00:00,3,0,0,0,68,21.2,12.9,17.8,35.4,18.8,34.8,2024,4,April,12,Friday,2,Overcast
2024-04-13 00:00:00,53,1,1,0,9,32.4,18.9,18.9,29.1,19.3,30.2,2024,4,April,13,Saturday,2,Moderate Drizzle
2024-04-14 00:00:00,51,0.2,0.2,0,43,25.6,14.3,18.9,31.3,19.1,28.2,2024,4,April,14,Sunday,2,Light Drizzle
2024-04-15 00:00:00,63,11,11,0,84,49.3,19.8,19.1,31.4,17.4,30.5,2024,4,April,15,Monday,2,Moderate Rain
2024-04-16 00:00:00,3,0,0,0,317,26.6,14,16.9,31.8,16.7,30.3,2024,4,April,16,Tuesday,2,Overcast
2024-04-17 00:00:00,3,0,0,0,275,32,17.4,16.5,31,16.4,31.6,2024,4,April,17,Wednesday,2,Overcast
2024-04-18 00:00:00,3,0,0,0,47,45.7,23.9,19.7,28.6,21.2,29,2024,4,April,18,Thursday,2,Overcast
2024-04-19 00:00:00,63,6.7,6.7,0,96,51.1,28.1,18.7,32.2,18.3,31.6,2024,4,April,19,Friday,2,Moderate Rain
2024-04-20 00:00:00,53,0.6,0.6,0,321,29.5,14.3,16.9,30.6,17.5,29.8,2024,4,April,20,Saturday,2,Moderate Drizzle
2024-04-21 00:00:00,2,0,0,0,344,31.3,19.1,17.7,32.7,17.6,31.9,2024,4,April,21,Sunday,2,Partly Cloudy
2024-04-22 00:00:00,3,0,0,0,343,29.5,16.9,17.9,33.6,17.7,32.4,2024,4,April,22,Monday,2,Overcast
2024-04-23 00:00:00,51,0.1,0.1,0,37,35.3,15.8,18,32.9,18.3,31.7,2024,4,April,23,Tuesday,2,Light Drizzle
2024-04-24 00:00:00,51,0.1,0.1,0,19,33.1,17.6,17.9,34.3,18,33.1,2024,4,April,24,Wednesday,2,Light Drizzle
2024-04-25 00:00:00,3,0,0,0,355,27.4,14.2,18.1,36.7,18.7,36.1,2024,4,April,25,Thursday,2,Overcast
2024-04-26 00:00:00,51,0.4,0.4,0,349,43.2,26,18.5,37.8,19.2,34.8,2024,4,April,26,Friday,2,Light Drizzle
2024-04-27 00:00:00,51,0.4,0.4,0,10,39.2,20.3,19.4,32.5,19.9,31.1,2024,4,April,27,Saturday,2,Light Drizzle
2024-04-28 00:00:00,51,0.3,0.3,0,96,31,17.8,18.1,33.1,19.6,32.6,2024,4,April,28,Sunday,2,Light Drizzle
2024-04-29 00:00:00,63,6.3,6.3,0,24,38.5,22,16,30.3,16.6,31,2024,4,April,29,Monday,2,Moderate Rain
2024-04-30 00:00:00,2,0,0,0,328,58.3,32.7,13.8,31.3,15.3,31.1,2024,4,April,30,Tuesday,2,Partly Cloudy
2024-05-01 00:00:00,0,0,0,0,323,36.7,17.9,13.5,26.7,14.9,29,2024,5,May,1,Wednesday,2,Clear Sky
2024-05-02 00:00:00,3,0,0,0,308,30.6,14.5,13.8,31.4,15.7,33.1,2024,5,May,2,Thursday,2,Overcast
2024-05-03 00:00:00,3,0,0,0,7,25.9,15.2,16.4,35.5,18,35.6,2024,5,May,3,Friday,2,Overcast
2024-05-04 00:00:00,51,0.2,0.2,0,345,31.3,19,20.8,35.1,21,34.9,2024,5,May,4,Saturday,2,Light Drizzle
2024-05-05 00:00:00,1,0,0,0,312,34.9,17.5,21.6,36.2,22.2,36.6,2024,5,May,5,Sunday,2,Mainly Clear
2024-05-06 00:00:00,1,0,0,0,321,25.6,13.2,22.2,39.1,22.5,38.4,2024,5,May,6,Monday,2,Mainly Clear
2024-05-07 00:00:00,0,0,0,0,326,26.6,14.6,21.9,39.9,22.7,39.5,2024,5,May,7,Tuesday,2,Clear Sky
2024-05-08 00:00:00,0,0,0,0,289,26.3,13.3,20.6,40.5,22.1,40,2024,5,May,8,Wednesday,2,Clear Sky
2024-05-09 00:00:00,3,0,0,0,123,46.1,21.5,21.5,41.4,24.4,39.1,2024,5,May,9,Thursday,2,Overcast
2024-05-10 00:00:00,3,0,0,0,76,63,20.7,24,40.7,25.1,39.5,2024,5,May,10,Friday,2,Overcast
2024-05-11 00:00:00,51,0.1,0.1,0,344,36.7,18.4,25.1,39.2,24,36.6,2024,5,May,11,Saturday,2,Light Drizzle
2024-05-12 00:00:00,61,2.7,2.7,0,34,41,21.2,22.2,35.7,22.1,33.6,2024,5,May,12,Sunday,2,Slight Rain
2024-05-13 00:00:00,2,0,0,0,333,27,13.6,21.5,37.4,21.4,37.5,2024,5,May,13,Monday,2,Partly Cloudy
2024-05-14 00:00:00,0,0,0,0,321,29.2,15.1,20.8,37.2,22.2,38.3,2024,5,May,14,Tuesday,2,Clear Sky
2024-05-15 00:00:00,3,0,0,0,358,27.4,16.7,21.7,41.3,22.6,40.1,2024,5,May,15,Wednesday,2,Overcast
2024-05-16 00:00:00,3,0,0,0,8,27.7,15.8,23.1,42.4,23.5,40.9,2024,5,May,16,Thursday,2,Overcast
2024-05-17 00:00:00,3,0,0,0,313,42.5,23.1,23.9,42.8,24.6,41.7,2024,5,May,17,Friday,2,Overcast
2024-05-18 00:00:00,3,0,0,0,322,41,23,25,43.5,26,42.6,2024,5,May,18,Saturday,2,Overcast
2024-05-19 00:00:00,3,0,0,0,276,42.5,23.3,24.6,40.9,25.6,41.3,2024,5,May,19,Sunday,2,Overcast
2024-05-20 00:00:00,0,0,0,0,342,28.1,14.2,23.8,43.8,24.7,42.1,2024,5,May,20,Monday,2,Clear Sky
2024-05-21 00:00:00,0,0,0,0,312,25.9,14.5,24.8,43,26.3,41.7,2024,5,May,21,Tuesday,2,Clear Sky
2024-05-22 00:00:00,0,0,0,0,330,20.2,9.8,26,44.5,26.8,42,2024,5,May,22,Wednesday,2,Clear Sky
2024-05-23 00:00:00,1,0,0,0,107,39.2,21.5,25.5,43.7,26.6,41.2,2024,5,May,23,Thursday,2,Mainly Clear
2024-05-24 00:00:00,51,0.2,0.2,0,46,40.7,19.8,25.9,44.2,26.6,40.5,2024,5,May,24,Friday,2,Light Drizzle
2024-05-25 00:00:00,0,0,0,0,302,37.1,20.3,25.7,41.9,26.2,42,2024,5,May,25,Saturday,2,Clear Sky
2024-05-26 00:00:00,0,0,0,0,321,25.2,12.7,25.2,43.7,26,43,2024,5,May,26,Sunday,2,Clear Sky
2024-05-27 00:00:00,0,0,0,0,299,24.8,12.8,25,42.3,26.4,43,2024,5,May,27,Monday,2,Clear Sky
2024-05-28 00:00:00,0,0,0,0,333,23.8,12,24.5,43.3,26.2,43.8,2024,5,May,28,Tuesday,2,Clear Sky
2024-05-29 00:00:00,2,0,0,0,349,30.2,16.2,24.3,44.1,27.4,45.7,2024,5,May,29,Wednesday,2,Partly Cloudy
2024-05-30 00:00:00,0,0,0,0,339,38.2,21.1,24.7,42.4,26.5,43.1,2024,5,May,30,Thursday,2,Clear Sky
2024-05-31 00:00:00,3,0,0,0,112,27.7,15.2,24.1,43.2,26.1,44.7,2024,5,May,31,Friday,2,Overcast
2024-06-01 00:00:00,3,0,0,0,265,38.5,18.4,26.1,41.7,27.7,42.7,2024,6,June,1,Saturday,2,Overcast
2024-06-02 00:00:00,1,0,0,0,274,26.6,12.8,25.6,43.6,28.2,42.5,2024,6,June,2,Sunday,2,Mainly Clear
2024-06-03 00:00:00,3,0,0,0,286,44.3,23.3,26.2,43.5,28.6,44.1,2024,6,June,3,Monday,2,Overcast
2024-06-04 00:00:00,61,1.7,1.7,0,186,50,18.9,26.6,43.6,27.7,43.4,2024,6,June,4,Tuesday,2,Slight Rain
2024-06-05 00:00:00,51,0.7,0.7,0,73,65.9,26.1,27,40.5,27,41.1,2024,6,June,5,Wednesday,2,Light Drizzle
2024-06-06 00:00:00,61,1.4,1.4,0,342,52.9,29,26.8,40.3,25.7,37.9,2024,6,June,6,Thursday,2,Slight Rain
2024-06-07 00:00:00,3,0,0,0,303,42.8,21.8,25.5,39.5,26.1,37.9,2024,6,June,7,Friday,2,Overcast
2024-06-08 00:00:00,3,0,0,0,280,28.8,13.7,25.3,38.8,25.8,38.5,2024,6,June,8,Saturday,2,Overcast
2024-06-09 00:00:00,1,0,0,0,290,31.7,17.7,24.9,40.1,25.7,40.3,2024,6,June,9,Sunday,2,Mainly Clear
2024-06-10 00:00:00,0,0,0,0,293,30.6,15.5,24.4,40.9,25.7,41,2024,6,June,10,Monday,2,Clear Sky
2024-06-11 00:00:00,1,0,0,0,275,29.9,18.3,23.8,41.4,25.1,42,2024,6,June,11,Tuesday,2,Mainly Clear
2024-06-12 00:00:00,1,0,0,0,263,24.5,13,25.5,42.7,26.8,43.1,2024,6,June,12,Wednesday,2,Mainly Clear
2024-06-13 00:00:00,51,0.3,0.3,0,259,58.7,32.1,26.7,43.8,27.3,43.5,2024,6,June,13,Thursday,2,Light Drizzle
2024-06-14 00:00:00,3,0,0,0,274,37.4,18.9,28.5,43.3,28.3,41.2,2024,6,June,14,Friday,2,Overcast
2024-06-15 00:00:00,2,0,0,0,268,34.2,18.1,28,43.9,28.6,42.4,2024,6,June,15,Saturday,2,Partly Cloudy
2024-06-16 00:00:00,0,0,0,0,264,29.9,16.6,30.7,44.9,30.8,43.4,2024,6,June,16,Sunday,2,Clear Sky
2024-06-17 00:00:00,1,0,0,0,262,33.1,20.7,31.9,45.7,31.4,44,2024,6,June,17,Monday,2,Mainly Clear
2024-06-18 00:00:00,2,0,0,0,250,42.1,21.6,31.9,45.7,31.2,43.2,2024,6,June,18,Tuesday,2,Partly Cloudy
2024-06-19 00:00:00,51,0.2,0.2,0,242,31.7,17.1,32.6,44.1,30.7,40.3,2024,6,June,19,Wednesday,2,Light Drizzle
2024-06-20 00:00:00,63,3.1,3.1,0,130,51.8,31.3,28.3,41.2,27.7,37.9,2024,6,June,20,Thursday,2,Moderate Rain
2024-06-21 00:00:00,53,0.7,0.7,0,173,35.6,15.5,31.8,39,27.6,35.6,2024,6,June,21,Friday,2,Moderate Drizzle
2024-06-22 00:00:00,3,0,0,0,225,19.1,8.7,28.9,41.3,26.8,38.2,2024,6,June,22,Saturday,2,Overcast
2024-06-23 00:00:00,0,0,0,0,280,24.1,9.9,29.2,42,27,40,2024,6,June,23,Sunday,2,Clear Sky
2024-06-24 00:00:00,0,0,0,0,249,21.2,10,29.4,43.3,28.2,41.5,2024,6,June,24,Monday,2,Clear Sky
2024-06-25 00:00:00,1,0,0,0,200,25.2,15,30.1,44.7,28.4,40.9,2024,6,June,25,Tuesday,2,Mainly Clear
2024-06-26 00:00:00,51,0.1,0.1,0,150,29.9,17.7,31.1,45.1,29.1,41.6,2024,6,June,26,Wednesday,2,Light Drizzle
2024-06-27 00:00:00,61,2.7,2.7,0,129,50.4,21.5,29.2,43,26.3,37.5,2024,6,June,27,Thursday,2,Slight Rain
2024-06-28 00:00:00,1,0,0,0,147,29.2,15.2,34.7,42.5,29.5,38.4,2024,6,June,28,Friday,2,Mainly Clear
2024-06-29 00:00:00,1,0,0,0,118,22.3,12.6,35.3,44.5,30.1,38.9,2024,6,June,29,Saturday,2,Mainly Clear
2024-06-30 00:00:00,63,6.9,6.9,0,113,32.8,17.4,31.7,44.1,27.4,38.4,2024,6,June,30,Sunday,2,Moderate Rain
2024-07-01 00:00:00,51,0.2,0.2,0,122,28.1,15.5,32,46,27.6,39.3,2024,7,July,1,Monday,3,Light Drizzle
2024-07-02 00:00:00,63,3,3,0,124,33.5,19.6,32,46.3,26.8,39.4,2024,7,July,2,Tuesday,3,Moderate Rain
2024-07-03 00:00:00,61,5.3,5.3,0,128,44.3,26.4,29.1,45.9,26.2,38.7,2024,7,July,3,Wednesday,3,Slight Rain
2024-07-04 00:00:00,63,4.9,4.9,0,121,39.2,22.5,30,40.4,25.8,35.1,2024,7,July,4,Thursday,3,Moderate Rain
2024-07-05 00:00:00,63,12.4,12.4,0,113,32.4,18.5,28.9,42,25.2,36,2024,7,July,5,Friday,3,Moderate Rain
2024-07-06 00:00:00,65,20.9,20.9,0,113,36.7,19,29,38.6,25.1,33.1,2024,7,July,6,Saturday,3,Heavy Rain
2024-07-07 00:00:00,53,0.8,0.8,0,116,29.9,15.6,29.5,39.1,25.2,33.3,2024,7,July,7,Sunday,3,Moderate Drizzle
2024-07-08 00:00:00,51,0.9,0.9,0,136,24.5,12.7,31.4,40.7,26.5,35,2024,7,July,8,Monday,3,Light Drizzle
2024-07-09 00:00:00,1,0,0,0,143,23,12.5,31.3,42.5,26.8,35.7,2024,7,July,9,Tuesday,3,Mainly Clear
2024-07-10 00:00:00,53,0.9,0.9,0,78,28.1,15.4,31,43.8,26.2,36.4,2024,7,July,10,Wednesday,3,Moderate Drizzle
2024-07-11 00:00:00,51,0.1,0.1,0,231,23.4,10.3,35.4,44.1,28.2,37.4,2024,7,July,11,Thursday,3,Light Drizzle
2024-07-12 00:00:00,63,6.7,6.7,0,156,48.2,20.8,28.7,39.2,25,33.8,2024,7,July,12,Friday,3,Moderate Rain
2024-07-13 00:00:00,3,0,0,0,130,22,8.7,29,40.4,25.2,33.9,2024,7,July,13,Saturday,3,Overcast
2024-07-14 00:00:00,51,0.1,0.1,0,155,41.8,15.8,28.6,40.5,25.5,34.6,2024,7,July,14,Sunday,3,Light Drizzle
2024-07-15 00:00:00,0,0,0,0,108,19.1,8,33.1,43.6,27.2,36.8,2024,7,July,15,Monday,3,Clear Sky
2024-07-16 00:00:00,0,0,0,0,155,24.1,10.8,35,43.3,28.2,36.5,2024,7,July,16,Tuesday,3,Clear Sky
2024-07-17 00:00:00,55,1.8,1.8,0,140,28.4,15.8,32.8,44.5,28.2,36.9,2024,7,July,17,Wednesday,3,Dense Drizzle
2024-07-18 00:00:00,63,6,6,0,85,44.3,19.2,27.4,43,24.3,35.6,2024,7,July,18,Thursday,3,Moderate Rain
2024-07-19 00:00:00,51,0.2,0.2,0,116,19.4,12.6,34.7,44.8,28.4,37.3,2024,7,July,19,Friday,3,Light Drizzle
2024-07-20 00:00:00,51,0.3,0.3,0,123,34.2,18.8,32.4,44.5,27.8,37.3,2024,7,July,20,Saturday,3,Light Drizzle
2024-07-21 00:00:00,51,0.2,0.2,0,112,30.6,14.5,31.5,44.2,27.3,37.1,2024,7,July,21,Sunday,3,Light Drizzle
2024-07-22 00:00:00,61,2,2,0,100,40,17.1,31.5,43.9,27.4,36.7,2024,7,July,22,Monday,3,Slight Rain
2024-07-23 00:00:00,2,0,0,0,91,37.8,20.3,29.8,43.6,26.2,36.7,2024,7,July,23,Tuesday,3,Partly Cloudy
2024-07-24 00:00:00,63,5,5,0,112,31.7,13.9,30.1,43.9,25.6,36.9,2024,7,July,24,Wednesday,3,Moderate Rain
2024-07-25 00:00:00,51,0.2,0.2,0,130,24.5,12.8,31.6,43.4,25.8,36,2024,7,July,25,Thursday,3,Light Drizzle
2024-07-26 00:00:00,51,0.5,0.5,0,118,26.6,15,31.3,43.1,26.7,35.8,2024,7,July,26,Friday,3,Light Drizzle
2024-07-27 00:00:00,51,0.5,0.5,0,106,32.4,14.9,32.3,44.9,27.5,37.3,2024,7,July,27,Saturday,3,Light Drizzle
2024-07-28 00:00:00,61,6.9,6.9,0,90,30.2,15.9,33.2,43.5,27.3,36.4,2024,7,July,28,Sunday,3,Slight Rain
2024-07-29 00:00:00,65,19.5,19.5,0,102,41.4,16.1,31.5,40.9,26.6,34,2024,7,July,29,Monday,3,Heavy Rain
2024-07-30 00:00:00,65,29.6,29.6,0,120,27,13.6,32.9,44.6,27.7,36,2024,7,July,30,Tuesday,3,Heavy Rain
2024-07-31 00:00:00,65,14.5,14.5,0,191,29.5,16.6,32.7,44.6,26.7,36.9,2024,7,July,31,Wednesday,3,Heavy Rain
2024-08-01 00:00:00,65,97.2,97.2,0,109,38.9,22.7,29.2,33,25.4,26.8,2024,8,August,1,Thursday,3,Heavy Rain
2024-08-02 00:00:00,51,0.4,0.4,0,122,27,12.2,32.2,40.8,25.9,34,2024,8,August,2,Friday,3,Light Drizzle
2024-08-03 00:00:00,63,19.5,19.5,0,93,36.7,18,31.9,39.2,26.8,33.1,2024,8,August,3,Saturday,3,Moderate Rain
2024-08-04 00:00:00,63,21,21,0,117,27.7,13.5,31.5,40.6,26.2,32.4,2024,8,August,4,Sunday,3,Moderate Rain
2024-08-05 00:00:00,63,7.7,7.7,0,98,19.4,9.4,33.8,41.6,27.4,33,2024,8,August,5,Monday,3,Moderate Rain
2024-08-06 00:00:00,55,1.2,1.2,0,114,18.4,8.7,33.6,41.1,27.2,34.2,2024,8,August,6,Tuesday,3,Dense Drizzle
2024-08-07 00:00:00,63,5.1,5.1,0,99,29.9,14.1,31.4,39.5,26.2,33.1,2024,8,August,7,Wednesday,3,Moderate Rain
2024-08-08 00:00:00,61,2.7,2.7,0,101,27,14.3,30.6,39.6,25.8,32.6,2024,8,August,8,Thursday,3,Slight Rain
2024-08-09 00:00:00,63,4.7,4.7,0,106,29.5,14.6,30.5,39.8,25.5,32.8,2024,8,August,9,Friday,3,Moderate Rain
2024-08-10 00:00:00,63,13,13,0,108,36.4,14.1,30.2,40.4,25.3,32.9,2024,8,August,10,Saturday,3,Moderate Rain
2024-08-11 00:00:00,63,5.5,5.5,0,91,32.4,16.1,30.4,35.7,25.1,30,2024,8,August,11,Sunday,3,Moderate Rain
2024-08-12 00:00:00,51,0.7,0.7,0,126,19.4,9.4,30.4,38.7,25.4,31.9,2024,8,August,12,Monday,3,Light Drizzle
2024-08-13 00:00:00,51,0.2,0.2,0,140,23.8,9.8,32.3,40.5,26,33.5,2024,8,August,13,Tuesday,3,Light Drizzle
2024-08-14 00:00:00,3,0,0,0,145,21.6,10.5,33.2,42,26.8,34.5,2024,8,August,14,Wednesday,3,Overcast
2024-08-15 00:00:00,65,36,36,0,94,33.8,17.4,30.9,38.3,25.7,31.2,2024,8,August,15,Thursday,3,Heavy Rain
2024-08-16 00:00:00,63,16.7,16.7,0,107,24.1,13,31.5,39.6,25.6,32.5,2024,8,August,16,Friday,3,Moderate Rain
2024-08-17 00:00:00,63,13.6,13.6,0,104,31.3,16.8,31,37.3,25.5,31.5,2024,8,August,17,Saturday,3,Moderate Rain
2024-08-18 00:00:00,63,4.9,4.9,0,236,25.9,16.1,30.3,40.3,25.8,33.6,2024,8,August,18,Sunday,3,Moderate Rain
2024-08-19 00:00:00,63,10.8,10.8,0,177,32,10.6,30.3,40.1,25.4,32.7,2024,8,August,19,Monday,3,Moderate Rain
2024-08-20 00:00:00,63,9.1,9.1,0,151,29.9,12.1,28.7,39.8,24.4,32.4,2024,8,August,20,Tuesday,3,Moderate Rain
2024-08-21 00:00:00,63,5.4,5.4,0,170,20.9,7.3,30.1,40.4,25.1,32.8,2024,8,August,21,Wednesday,3,Moderate Rain
2024-08-22 00:00:00,51,0.1,0.1,0,241,16.6,7.4,32.3,40.8,26,33.4,2024,8,August,22,Thursday,3,Light Drizzle
2024-08-23 00:00:00,63,3.6,3.6,0,153,41.8,17.8,26.2,40.5,23.2,33.9,2024,8,August,23,Friday,3,Moderate Rain
2024-08-24 00:00:00,51,0.2,0.2,0,114,29.5,11.9,27.6,41.2,23.9,33.9,2024,8,August,24,Saturday,3,Light Drizzle
2024-08-25 00:00:00,2,0,0,0,126,21.6,9.7,31.8,40.6,25.6,33.6,2024,8,August,25,Sunday,3,Partly Cloudy
2024-08-26 00:00:00,51,1.3,1.3,0,94,20.2,10,32.5,41.4,26.5,33.5,2024,8,August,26,Monday,3,Light Drizzle
2024-08-27 00:00:00,63,20.9,20.9,0,64,35.3,18.8,29.6,36.2,25,31.1,2024,8,August,27,Tuesday,3,Moderate Rain
2024-08-28 00:00:00,63,11.6,11.6,0,78,32,14.8,28.2,36.4,24.5,30.8,2024,8,August,28,Wednesday,3,Moderate Rain
2024-08-29 00:00:00,65,36,36,0,99,43.9,24.3,27.3,33.5,24.5,29.1,2024,8,August,29,Thursday,3,Heavy Rain
2024-08-30 00:00:00,51,1.4,1.4,0,62,27.4,14.9,27.3,38.9,24.6,31.7,2024,8,August,30,Friday,3,Light Drizzle
2024-08-31 00:00:00,1,0,0,0,287,23,10.7,29.8,39,24.6,32.9,2024,8,August,31,Saturday,3,Mainly Clear
2024-09-01 00:00:00,1,0,0,0,236,15.8,6.6,31.5,40.4,26.2,33.8,2024,9,September,1,Sunday,3,Mainly Clear
2024-09-02 00:00:00,63,8.8,8.8,0,112,24.1,13.1,29.7,38.5,25.1,32.3,2024,9,September,2,Monday,3,Moderate Rain
2024-09-03 00:00:00,63,17,17,0,79,22.3,11.6,28.8,36.8,24.3,30.5,2024,9,September,3,Tuesday,3,Moderate Rain
2024-09-04 00:00:00,61,3.4,3.4,0,206,19.8,11.4,26.7,38.5,23.1,31.3,2024,9,September,4,Wednesday,3,Slight Rain
2024-09-05 00:00:00,63,4.1,4.1,0,94,40,14.3,25.8,38.7,22.8,31.5,2024,9,September,5,Thursday,3,Moderate Rain
2024-09-06 00:00:00,53,1,1,0,90,28.1,14.6,27.5,38.9,23.7,31.7,2024,9,September,6,Friday,3,Moderate Drizzle
2024-09-07 00:00:00,63,15,15,0,75,31.3,10,25.9,37.7,22.5,31.7,2024,9,September,7,Saturday,3,Moderate Rain
2024-09-08 00:00:00,2,0,0,0,336,18,9.6,29,39,23.7,32.8,2024,9,September,8,Sunday,3,Partly Cloudy
2024-09-09 00:00:00,51,0.1,0.1,0,291,20.2,5.9,30.5,40,25.3,33.8,2024,9,September,9,Monday,3,Light Drizzle
2024-09-10 00:00:00,63,7,7,0,82,29.2,15.3,29.9,39.8,25.4,32.6,2024,9,September,10,Tuesday,3,Moderate Rain
2024-09-11 00:00:00,51,0.3,0.3,0,50,31,15.7,30.2,39.2,25.3,33,2024,9,September,11,Wednesday,3,Light Drizzle
2024-09-12 00:00:00,1,0,0,0,229,21.6,13.4,29.7,41.2,24.8,35.6,2024,9,September,12,Thursday,3,Mainly Clear
2024-09-13 00:00:00,1,0,0,0,140,25.2,15,29.2,40,24.6,34.4,2024,9,September,13,Friday,3,Mainly Clear
2024-09-14 00:00:00,1,0,0,0,125,32.8,18,28.4,38.8,24.9,32.7,2024,9,September,14,Saturday,3,Mainly Clear
2024-09-15 00:00:00,1,0,0,0,230,17.6,8.5,27.6,38.7,24.1,34.3,2024,9,September,15,Sunday,3,Mainly Clear
2024-09-16 00:00:00,0,0,0,0,211,17.3,7.2,27.2,39.2,23.8,34.5,2024,9,September,16,Monday,3,Clear Sky
2024-09-17 00:00:00,1,0,0,0,295,22.3,11.7,27.1,39.9,23.5,35.2,2024,9,September,17,Tuesday,3,Mainly Clear
2024-09-18 00:00:00,51,0.4,0.4,0,63,25.6,12.6,28.3,38.7,23.8,34.7,2024,9,September,18,Wednesday,3,Light Drizzle
2024-09-19 00:00:00,3,0,0,0,187,37.8,20.9,26.8,37.5,23.4,32.8,2024,9,September,19,Thursday,3,Overcast
2024-09-20 00:00:00,0,0,0,0,221,17.6,7.2,26.6,38.9,23.2,34.2,2024,9,September,20,Friday,3,Clear Sky
2024-09-21 00:00:00,0,0,0,0,194,16.6,7.2,27.9,39.9,24.2,34.4,2024,9,September,21,Saturday,3,Clear Sky
2024-09-22 00:00:00,1,0,0,0,213,22,9.9,29.9,41,25.9,35.9,2024,9,September,22,Sunday,3,Mainly Clear
2024-09-23 00:00:00,0,0,0,0,294,20.5,9,31.3,41.6,26.6,36.6,2024,9,September,23,Monday,3,Clear Sky
2024-09-24 00:00:00,0,0,0,0,158,14.4,8.6,30.7,43,26.4,36.7,2024,9,September,24,Tuesday,3,Clear Sky
2024-09-25 00:00:00,1,0,0,0,114,31.7,19.3,30.2,40,26,34.9,2024,9,September,25,Wednesday,3,Mainly Clear
2024-09-26 00:00:00,51,0.2,0.2,0,108,40.7,21.5,29.1,37.3,25.2,32,2024,9,September,26,Thursday,3,Light Drizzle
2024-09-27 00:00:00,51,0.2,0.2,0,105,25.2,12.5,29.1,38.3,25,32.7,2024,9,September,27,Friday,3,Light Drizzle
2024-09-28 00:00:00,65,16,16,0,88,55.8,20,23.7,37.1,21.9,32,2024,9,September,28,Saturday,3,Heavy Rain
2024-09-29 00:00:00,2,0,0,0,352,15.1,8,27.7,38.9,23.4,32.4,2024,9,September,29,Sunday,3,Partly Cloudy
2024-09-30 00:00:00,1,0,0,0,289,27.4,13.5,27.7,37.7,23.3,33.8,2024,9,September,30,Monday,3,Mainly Clear
2024-10-01 00:00:00,0,0,0,0,288,22,9.2,28.5,40,24,34.8,2024,10,October,1,Tuesday,4,Clear Sky
2024-10-02 00:00:00,0,0,0,0,129,22.7,10.4,27.1,40.1,23.4,35.3,2024,10,October,2,Wednesday,4,Clear Sky
2024-10-03 00:00:00,0,0,0,0,113,15.8,8.6,25.7,39.6,22.9,35,2024,10,October,3,Thursday,4,Clear Sky
2024-10-04 00:00:00,0,0,0,0,109,22.3,10.2,25.5,38.1,23.1,35,2024,10,October,4,Friday,4,Clear Sky
2024-10-05 00:00:00,63,4.3,4.3,0,110,50.8,28.6,24.9,37.7,21.9,34.6,2024,10,October,5,Saturday,4,Moderate Rain
2024-10-06 00:00:00,53,0.7,0.7,0,303,43.6,19.6,23.2,34.3,21,31.4,2024,10,October,6,Sunday,4,Moderate Drizzle
2024-10-07 00:00:00,3,0,0,0,348,16.2,6.5,22.9,35.7,20.8,31.7,2024,10,October,7,Monday,4,Overcast
2024-10-08 00:00:00,63,12.4,12.4,0,314,57.2,32.3,21.8,34.4,21,29.6,2024,10,October,8,Tuesday,4,Moderate Rain
2024-10-09 00:00:00,1,0,0,0,315,21.6,11.8,21.2,33,20,31.3,2024,10,October,9,Wednesday,4,Mainly Clear
2024-10-10 00:00:00,0,0,0,0,293,23.4,11.8,20.8,32.3,19.7,31.3,2024,10,October,10,Thursday,4,Clear Sky
2024-10-11 00:00:00,0,0,0,0,276,24.8,12.6,21.1,32.6,19.8,31.7,2024,10,October,11,Friday,4,Clear Sky
2024-10-12 00:00:00,0,0,0,0,203,17.3,9.5,20.9,34.2,19.5,32,2024,10,October,12,Saturday,4,Clear Sky
2024-10-13 00:00:00,0,0,0,0,166,19.1,10.6,21.3,33.7,19.6,31.8,2024,10,October,13,Sunday,4,Clear Sky
2024-10-14 00:00:00,0,0,0,0,263,20.5,10.1,20.5,32.9,20.1,31.8,2024,10,October,14,Monday,4,Clear Sky
2024-10-15 00:00:00,0,0,0,0,269,19.4,9.4,19.5,33.3,18.8,32,2024,10,October,15,Tuesday,4,Clear Sky
2024-10-16 00:00:00,3,0,0,0,134,20.5,9.7,19.3,33.8,18.2,32.5,2024,10,October,16,Wednesday,4,Overcast
2024-10-17 00:00:00,0,0,0,0,109,21.2,10.3,20.1,34.5,19.5,32.4,2024,10,October,17,Thursday,4,Clear Sky
2024-10-18 00:00:00,0,0,0,0,98,17.3,10.1,21.2,35.6,20.1,32.9,2024,10,October,18,Friday,4,Clear Sky
2024-10-19 00:00:00,0,0,0,0,180,14.8,7.3,21.8,34.5,19.7,31.5,2024,10,October,19,Saturday,4,Clear Sky
2024-10-20 00:00:00,0,0,0,0,90,20.5,9.1,21.2,33.4,19.6,31.4,2024,10,October,20,Sunday,4,Clear Sky
2024-10-21 00:00:00,0,0,0,0,134,15.8,9.4,20.5,33.9,19.3,31.3,2024,10,October,21,Monday,4,Clear Sky
2024-10-22 00:00:00,0,0,0,0,149,14,8.5,20.4,33.7,19.4,31.2,2024,10,October,22,Tuesday,4,Clear Sky
2024-10-23 00:00:00,3,0,0,0,330,30.6,15.8,21.4,33,20.4,31.2,2024,10,October,23,Wednesday,4,Overcast
2024-10-24 00:00:00,0,0,0,0,312,23.8,12.5,20.2,32.7,19.6,31.7,2024,10,October,24,Thursday,4,Clear Sky
2024-10-25 00:00:00,0,0,0,0,303,24.8,12.7,19.9,33.1,18.7,31.8,2024,10,October,25,Friday,4,Clear Sky
2024-10-26 00:00:00,0,0,0,0,329,14.8,10.6,19.1,33.1,18.7,31.4,2024,10,October,26,Saturday,4,Clear Sky
2024-10-27 00:00:00,1,0,0,0,99,19.4,8.8,19.8,34.1,18.6,31.6,2024,10,October,27,Sunday,4,Mainly Clear
2024-10-28 00:00:00,2,0,0,0,98,19.4,11.4,21.5,34.2,19.6,31.7,2024,10,October,28,Monday,4,Partly Cloudy
2024-10-29 00:00:00,3,0,0,0,71,25.2,12,21.9,34.5,20.7,32,2024,10,October,29,Tuesday,4,Overcast
2024-10-30 00:00:00,3,0,0,0,335,27.4,12.7,20.8,32.5,21.1,31.9,2024,10,October,30,Wednesday,4,Overcast
2024-10-31 00:00:00,0,0,0,0,295,25.9,13.6,17.5,31.3,17.5,31.5,2024,10,October,31,Thursday,4,Clear Sky
2024-11-01 00:00:00,0,0,0,0,306,20.5,10.4,16.2,30.7,16.1,30.8,2024,11,November,1,Friday,4,Clear Sky
2024-11-02 00:00:00,3,0,0,0,127,14.4,8.7,15.5,32.9,15.7,30.3,2024,11,November,2,Saturday,4,Overcast
2024-11-03 00:00:00,1,0,0,0,78,16.6,9.2,17.2,31,16.5,29.9,2024,11,November,3,Sunday,4,Mainly Clear
2024-11-04 00:00:00,0,0,0,0,130,15.8,8.9,19.4,31.6,18,29.5,2024,11,November,4,Monday,4,Clear Sky
2024-11-05 00:00:00,0,0,0,0,99,20.2,10.3,18.3,30.9,17.2,29.2,2024,11,November,5,Tuesday,4,Clear Sky
2024-11-06 00:00:00,0,0,0,0,171,14,7.9,18,30.9,16.9,29.1,2024,11,November,6,Wednesday,4,Clear Sky
2024-11-07 00:00:00,1,0,0,0,115,18.4,8.7,19.5,31.6,17.9,29,2024,11,November,7,Thursday,4,Mainly Clear
2024-11-08 00:00:00,2,0,0,0,84,17.6,9.4,19.8,31.6,18.2,28.8,2024,11,November,8,Friday,4,Partly Cloudy
2024-11-09 00:00:00,0,0,0,0,79,16.6,8.1,19.5,30.9,17.8,28.3,2024,11,November,9,Saturday,4,Clear Sky
2024-11-10 00:00:00,0,0,0,0,68,18,8.9,19,30.9,17.8,28.4,2024,11,November,10,Sunday,4,Clear Sky
2024-11-11 00:00:00,53,0.6,0.6,0,85,29.9,14.3,17.9,30.5,16.9,28.5,2024,11,November,11,Monday,4,Moderate Drizzle
2024-11-12 00:00:00,0,0,0,0,347,19.1,8.8,17.3,30.5,16.2,27.5,2024,11,November,12,Tuesday,4,Clear Sky
2024-11-13 00:00:00,2,0,0,0,117,15.8,7.3,18.2,28.4,17.1,26.4,2024,11,November,13,Wednesday,4,Partly Cloudy
2024-11-14 00:00:00,3,0,0,0,101,16.9,7.4,17.5,28.6,16.3,26.4,2024,11,November,14,Thursday,4,Overcast
2024-11-15 00:00:00,53,0.9,0.9,0,355,43.9,19.6,15.9,27.2,15.9,25.6,2024,11,November,15,Friday,4,Moderate Drizzle
2024-11-16 00:00:00,2,0,0,0,20,15.1,6.2,14.7,25.4,14.1,23.6,2024,11,November,16,Saturday,4,Partly Cloudy
2024-11-17 00:00:00,3,0,0,0,291,15.8,7.3,14.2,24.7,14,23.8,2024,11,November,17,Sunday,4,Overcast
2024-11-18 00:00:00,3,0,0,0,286,13.3,6.4,13.7,24.3,14.1,24.1,2024,11,November,18,Monday,4,Overcast
2024-11-19 00:00:00,0,0,0,0,284,15.1,7.3,12.7,24,13.1,23.8,2024,11,November,19,Tuesday,4,Clear Sky
2024-11-20 00:00:00,0,0,0,0,267,17.3,6.6,12.5,24,12.7,23.5,2024,11,November,20,Wednesday,4,Clear Sky
2024-11-21 00:00:00,1,0,0,0,130,13.7,5.8,12.5,25,12.4,24.1,2024,11,November,21,Thursday,4,Mainly Clear
2024-11-22 00:00:00,3,0,0,0,119,19.8,8,12.8,24.6,13.2,24.6,2024,11,November,22,Friday,4,Overcast
2024-11-23 00:00:00,53,1,1,0,67,38.2,16.5,13.5,23,14.3,23.2,2024,11,November,23,Saturday,4,Moderate Drizzle
2024-11-24 00:00:00,0,0,0,0,341,22,10.5,13,24,14.4,24,2024,11,November,24,Sunday,4,Clear Sky
2024-11-25 00:00:00,0,0,0,0,284,16.9,8.6,12.8,23.1,13.3,23.6,2024,11,November,25,Monday,4,Clear Sky
2024-11-26 00:00:00,0,0,0,0,296,13.7,6.9,12.7,23.6,13.1,23.5,2024,11,November,26,Tuesday,4,Clear Sky
2024-11-27 00:00:00,0,0,0,0,209,11.2,5.2,11.5,23.7,11.8,23,2024,11,November,27,Wednesday,4,Clear Sky
2024-11-28 00:00:00,3,0,0,0,101,11.2,5.1,11.9,24.1,12.1,23.5,2024,11,November,28,Thursday,4,Overcast
2024-11-29 00:00:00,51,0.1,0.1,0,335,19.8,8.9,11.6,24,11.9,23.5,2024,11,November,29,Friday,4,Light Drizzle
2024-11-30 00:00:00,51,0.4,0.4,0,317,16.6,8.6,13,22.6,13.5,22,2024,11,November,30,Saturday,4,Light Drizzle
2024-12-01 00:00:00,1,0,0,0,308,14,7.7,12.8,22.9,12.7,22.8,2024,12,December,1,Sunday,4,Mainly Clear
2024-12-02 00:00:00,2,0,0,0,321,19.1,10,13.2,24,13.5,24.3,2024,12,December,2,Monday,4,Partly Cloudy
2024-12-03 00:00:00,51,0.2,0.2,0,302,22.7,11.5,11.2,22.6,14.3,23.6,2024,12,December,3,Tuesday,4,Light Drizzle
2024-12-04 00:00:00,0,0,0,0,283,23.4,11,9.6,20.9,12.3,22.8,2024,12,December,4,Wednesday,4,Clear Sky
2024-12-05 00:00:00,0,0,0,0,292,21.6,7.7,8.8,20.3,10.2,22.6,2024,12,December,5,Thursday,4,Clear Sky
2024-12-06 00:00:00,0,0,0,0,288,22.3,9.9,8.3,19.5,9.9,22,2024,12,December,6,Friday,4,Clear Sky
2024-12-07 00:00:00,0,0,0,0,125,23.8,12.3,7.6,19.5,9.2,21.5,2024,12,December,7,Saturday,4,Clear Sky
2024-12-08 00:00:00,51,0.7,0.7,0,61,31,13.7,7.1,15,9.3,17.3,2024,12,December,8,Sunday,4,Light Drizzle
2024-12-09 00:00:00,0,0,0,0,331,20.2,10.9,5.7,17.1,8.3,19,2024,12,December,9,Monday,4,Clear Sky
2024-12-10 00:00:00,0,0,0,0,309,23,10.4,4.3,15.6,7.5,18.9,2024,12,December,10,Tuesday,4,Clear Sky
2024-12-11 00:00:00,1,0,0,0,307,22,8.1,4.8,16.3,7.2,19,2024,12,December,11,Wednesday,4,Mainly Clear
2024-12-12 00:00:00,1,0,0,0,305,22.7,10.2,5.5,15.7,7.2,18.4,2024,12,December,12,Thursday,4,Mainly Clear
2024-12-13 00:00:00,3,0,0,0,301,29.5,12.6,4.4,16.2,7.7,19.7,2024,12,December,13,Friday,4,Overcast
2024-12-14 00:00:00,3,0,0,0,286,21.2,8.9,3.8,16.3,6.9,18.7,2024,12,December,14,Saturday,4,Overcast
2024-12-15 00:00:00,3,0,0,0,305,16.6,8.7,5.3,17.4,7.7,18.5,2024,12,December,15,Sunday,4,Overcast
2024-12-16 00:00:00,0,0,0,0,356,13.3,5.2,4.5,17,6.3,18.2,2024,12,December,16,Monday,4,Clear Sky
2024-12-17 00:00:00,0,0,0,0,349,13.3,7.3,3.8,17,5.5,18.6,2024,12,December,17,Tuesday,4,Clear Sky
2024-12-18 00:00:00,3,0,0,0,327,13.7,6.9,4.1,17.5,5.8,19.2,2024,12,December,18,Wednesday,4,Overcast
2024-12-19 00:00:00,0,0,0,0,91,19.1,6.5,4,16.6,5.9,18.4,2024,12,December,19,Thursday,4,Clear Sky
2024-12-20 00:00:00,0,0,0,0,343,17.3,9.1,4.9,17.2,6.9,18.9,2024,12,December,20,Friday,4,Clear Sky
2024-12-21 00:00:00,3,0,0,0,329,13.3,6.6,4.1,16.8,6.1,18.3,2024,12,December,21,Saturday,4,Overcast
2024-12-22 00:00:00,3,0,0,0,107,18.4,9.7,6.6,16.4,7.8,18.3,2024,12,December,22,Sunday,4,Overcast
2024-12-23 00:00:00,65,19.1,19.1,0,51,22.3,10.9,5.7,13.1,7.8,14,2024,12,December,23,Monday,4,Heavy Rain
2024-12-24 00:00:00,0,0,0,0,317,19.4,8.7,5.6,16.6,7.7,18.4,2024,12,December,24,Tuesday,4,Clear Sky
2024-12-25 00:00:00,0,0,0,0,306,20.2,8.6,5.3,18.2,7.4,19.8,2024,12,December,25,Wednesday,4,Clear Sky
2024-12-26 00:00:00,3,0,0,0,333,14.8,6.9,6.1,18.2,7.7,19.7,2024,12,December,26,Thursday,4,Overcast
2024-12-27 00:00:00,51,0.3,0.3,0,62,26.6,11.4,6.2,16.2,8,17.7,2024,12,December,27,Friday,4,Light Drizzle
2024-12-28 00:00:00,3,0,0,0,335,15.8,6.4,6.5,16.3,7.8,16.9,2024,12,December,28,Saturday,4,Overcast
2024-12-29 00:00:00,3,0,0,0,298,23,9.9,6.2,16.9,7.5,18.1,2024,12,December,29,Sunday,4,Overcast
2024-12-30 00:00:00,3,0,0,0,278,19.4,8.4,5.3,16.4,6.8,17.8,2024,12,December,30,Monday,4,Overcast
2024-12-31 00:00:00,3,0,0,0,286,17.6,7,5.2,16,6.8,16.7,2024,12,December,31,Tuesday,4,Overcast
2025-01-01 00:00:00,3,0,0,0,286,20.2,7,5.4,16.2,6.7,16.5,2025,1,January,1,Wednesday,1,Overcast
2025-01-02 00:00:00,3,0,0,0,306,13.7,7.1,6.3,17.3,7.9,17.1,2025,1,January,2,Thursday,1,Overcast
2025-01-03 00:00:00,3,0,0,0,24,13,6.1,5.7,17.8,7.3,17.5,2025,1,January,3,Friday,1,Overcast
2025-01-04 00:00:00,53,1,1,0,94,17.6,9.2,5.8,18.8,7.5,18.4,2025,1,January,4,Saturday,1,Moderate Drizzle
2025-01-05 00:00:00,65,21,21,0,59,22.7,8.6,7.5,16.2,8.9,15.9,2025,1,January,5,Sunday,1,Heavy Rain
2025-01-06 00:00:00,3,0,0,0,301,20.5,9.9,5.6,16.6,8.4,17.4,2025,1,January,6,Monday,1,Overcast
2025-01-07 00:00:00,2,0,0,0,282,23,9.8,5.2,16.1,7.8,17.8,2025,1,January,7,Tuesday,1,Partly Cloudy
2025-01-08 00:00:00,0,0,0,0,267,19.4,9.2,5,17.2,7.5,18.2,2025,1,January,8,Wednesday,1,Clear Sky
2025-01-09 00:00:00,3,0,0,0,97,10.8,4,4,18.3,5.4,18.4,2025,1,January,9,Thursday,1,Overcast
2025-01-10 00:00:00,3,0,0,0,97,14.4,5.6,4.8,16.2,6.2,15.9,2025,1,January,10,Friday,1,Overcast
2025-01-11 00:00:00,53,1.1,1.1,0,73,23.8,9.6,5.5,13.2,7.2,14.3,2025,1,January,11,Saturday,1,Moderate Drizzle
2025-01-12 00:00:00,2,0,0,0,54,32.4,12.1,6.8,16.6,8.2,17.1,2025,1,January,12,Sunday,1,Partly Cloudy
2025-01-13 00:00:00,1,0,0,0,299,24.5,9.2,6.4,16,7.9,18,2025,1,January,13,Monday,1,Mainly Clear
2025-01-14 00:00:00,3,0,0,0,305,15.5,7.8,5.7,17.2,7.2,18,2025,1,January,14,Tuesday,1,Overcast
2025-01-15 00:00:00,1,0,0,0,99,13.3,6.9,5.7,17.2,6.9,18.2,2025,1,January,15,Wednesday,1,Mainly Clear
2025-01-16 00:00:00,3,0,0,0,65,18.7,8.7,5.4,16.3,7,16.8,2025,1,January,16,Thursday,1,Overcast
2025-01-17 00:00:00,3,0,0,0,296,24.1,9.2,5,15.9,7,17.6,2025,1,January,17,Friday,1,Overcast
2025-01-18 00:00:00,3,0,0,0,145,14.8,6.2,5.4,17.6,6.8,18,2025,1,January,18,Saturday,1,Overcast
2025-01-19 00:00:00,3,0,0,0,356,17.6,8.9,5.5,16.3,6.6,16.7,2025,1,January,19,Sunday,1,Overcast
2025-01-20 00:00:00,3,0,0,0,313,23,10.7,7,19.4,9.5,20.1,2025,1,January,20,Monday,1,Overcast
2025-01-21 00:00:00,0,0,0,0,310,20.9,9.8,6.6,18.9,9.1,20.2,2025,1,January,21,Tuesday,1,Clear Sky
2025-01-22 00:00:00,2,0,0,0,304,24.1,12.2,7.9,19.6,9.8,21.3,2025,1,January,22,Wednesday,1,Partly Cloudy
2025-01-23 00:00:00,0,0,0,0,301,24.8,11.4,6.5,19,10.1,21.1,2025,1,January,23,Thursday,1,Clear Sky
2025-01-24 00:00:00,0,0,0,0,289,25.6,11.5,6.2,17.7,9.7,20.7,2025,1,January,24,Friday,1,Clear Sky
2025-01-25 00:00:00,0,0,0,0,282,18.7,8.3,5.3,18.1,8.2,21,2025,1,January,25,Saturday,1,Clear Sky
2025-01-26 00:00:00,0,0,0,0,280,17.6,8.8,5,18.7,7.7,21.5,2025,1,January,26,Sunday,1,Clear Sky
2025-01-27 00:00:00,0,0,0,0,277,22.3,9.4,5.1,19.3,6.9,21.9,2025,1,January,27,Monday,1,Clear Sky
2025-01-28 00:00:00,1,0,0,0,138,17.6,10,6.6,20.5,7.9,22.3,2025,1,January,28,Tuesday,1,Mainly Clear
2025-01-29 00:00:00,3,0,0,0,90,25.2,12.9,7,20.5,9.6,22,2025,1,January,29,Wednesday,1,Overcast
2025-01-30 00:00:00,3,0,0,0,359,21.6,8.2,8.7,21.2,11.1,22.7,2025,1,January,30,Thursday,1,Overcast
2025-01-31 00:00:00,1,0,0,0,87,21.2,10.6,8.3,21.4,10.4,22.8,2025,1,January,31,Friday,1,Mainly Clear
2025-02-01 00:00:00,51,0.1,0.1,0,59,30.6,12.7,8.8,20.9,9.7,22.4,2025,2,February,1,Saturday,1,Light Drizzle
2025-02-02 00:00:00,3,0,0,0,292,27,9.4,7.9,19.3,9.2,21.3,2025,2,February,2,Sunday,1,Overcast
2025-02-03 00:00:00,3,0,0,0,155,19.8,8.4,7.9,19.3,9.4,21,2025,2,February,3,Monday,1,Overcast
2025-02-04 00:00:00,3,0,0,0,20,21.2,9.8,6.4,19.1,8,20.6,2025,2,February,4,Tuesday,1,Overcast
2025-02-05 00:00:00,3,0,0,0,41,16.2,5.9,7,18.8,7.9,19.5,2025,2,February,5,Wednesday,1,Overcast
2025-02-06 00:00:00,2,0,0,0,304,28.8,11.8,6.6,18.1,8.4,20.4,2025,2,February,6,Thursday,1,Partly Cloudy
2025-02-07 00:00:00,3,0,0,0,287,28.8,11.2,6.2,17.9,9.5,20.8,2025,2,February,7,Friday,1,Overcast
2025-02-08 00:00:00,3,0,0,0,289,22,9.5,7.7,20.1,10.1,22.3,2025,2,February,8,Saturday,1,Overcast
2025-02-09 00:00:00,3,0,0,0,0,16.9,5,8.7,22.3,10.1,23.4,2025,2,February,9,Sunday,1,Overcast
2025-02-10 00:00:00,2,0,0,0,59,21.2,8.7,9.7,22.5,10.4,23.5,2025,2,February,10,Monday,1,Partly Cloudy
2025-02-11 00:00:00,51,0.2,0.2,0,345,23.4,10.8,9.5,20.6,11,21.3,2025,2,February,11,Tuesday,1,Light Drizzle
2025-02-12 00:00:00,2,0,0,0,303,32,11.9,8.7,21,10.8,23.5,2025,2,February,12,Wednesday,1,Partly Cloudy
2025-02-13 00:00:00,3,0,0,0,294,28.8,10.4,8.1,20.7,10.2,23.5,2025,2,February,13,Thursday,1,Overcast
2025-02-14 00:00:00,53,0.7,0.7,0,318,25.2,11.9,8.3,21.5,10.2,23.9,2025,2,February,14,Friday,1,Moderate Drizzle
2025-02-15 00:00:00,51,1.2,1.2,0,7,28.4,13.4,10.8,22.6,12.1,23.6,2025,2,February,15,Saturday,1,Light Drizzle
2025-02-16 00:00:00,3,0,0,0,101,18.4,8.3,10.5,23.9,11.8,24.8,2025,2,February,16,Sunday,1,Overcast
2025-02-17 00:00:00,3,0,0,0,357,19.8,9.3,11.5,24.7,12.3,25.4,2025,2,February,17,Monday,1,Overcast
2025-02-18 00:00:00,3,0,0,0,295,24.1,9.7,12.3,24.2,12.8,25.3,2025,2,February,18,Tuesday,1,Overcast
2025-02-19 00:00:00,63,7.1,7.1,0,352,32,14,11.9,24.8,13.4,25.4,2025,2,February,19,Wednesday,1,Moderate Rain
2025-02-20 00:00:00,65,22.4,22.4,0,67,37.1,14.4,8.4,16.6,9.4,16.9,2025,2,February,20,Thursday,1,Heavy Rain
2025-02-21 00:00:00,3,0,0,0,312,19.4,8.6,8,20.3,9.3,19.8,2025,2,February,21,Friday,1,Overcast
2025-02-22 00:00:00,2,0,0,0,291,19.4,8.4,10.3,21.7,11.4,21.7,2025,2,February,22,Saturday,1,Partly Cloudy
2025-02-23 00:00:00,0,0,0,0,306,21.6,7.8,9.9,23.3,10.8,23.6,2025,2,February,23,Sunday,1,Clear Sky
2025-02-24 00:00:00,3,0,0,0,299,22.7,8.1,9.6,24.8,10.7,25.1,2025,2,February,24,Monday,1,Overcast
2025-02-25 00:00:00,63,2.7,2.7,0,72,24.8,12.1,14.1,20,14.9,19.8,2025,2,February,25,Tuesday,1,Moderate Rain
2025-02-26 00:00:00,51,0.7,0.7,0,105,43.2,17.3,14.6,26.8,16.2,26.6,2025,2,February,26,Wednesday,1,Light Drizzle
2025-02-27 00:00:00,63,23.9,23.9,0,137,45.7,19.4,15.1,21.2,14.9,20.6,2025,2,February,27,Thursday,1,Moderate Rain
2025-02-28 00:00:00,61,5,5,0,76,40.3,17.1,11.7,22.3,12.2,21.3,2025,2,February,28,Friday,1,Slight Rain
2025-03-01 00:00:00,3,0,0,0,352,20.5,9.6,9.6,23.9,11.7,22.1,2025,3,March,1,Saturday,1,Overcast
2025-03-02 00:00:00,3,0,0,0,310,24.5,10.9,9.3,21.7,11.3,22.3,2025,3,March,2,Sunday,1,Overcast
2025-03-03 00:00:00,53,1.3,1.3,0,69,35.3,14.9,8.3,19.8,10.9,20.3,2025,3,March,3,Monday,1,Moderate Drizzle
2025-03-04 00:00:00,1,0,0,0,317,31.7,13,8.2,18.3,10.9,19.3,2025,3,March,4,Tuesday,1,Mainly Clear
2025-03-05 00:00:00,3,0,0,0,284,40,17.4,8.1,19.2,10.8,21.4,2025,3,March,5,Wednesday,1,Overcast
2025-03-06 00:00:00,2,0,0,0,337,14.8,6.8,9.3,24.4,11.2,23.8,2025,3,March,6,Thursday,1,Partly Cloudy
2025-03-07 00:00:00,3,0,0,0,329,20.2,8.6,10.4,25.5,11,25.1,2025,3,March,7,Friday,1,Overcast
2025-03-08 00:00:00,3,0,0,0,316,28.8,10.8,12.7,26.5,13.4,26.6,2025,3,March,8,Saturday,1,Overcast
2025-03-09 00:00:00,3,0,0,0,85,21.6,9.6,13,28.1,13.6,27.2,2025,3,March,9,Sunday,1,Overcast
2025-03-10 00:00:00,3,0,0,0,54,38.5,15.7,14.2,28.6,16,27.7,2025,3,March,10,Monday,1,Overcast
2025-03-11 00:00:00,3,0,0,0,5,27.7,12.2,13.9,29.2,15.6,28,2025,3,March,11,Tuesday,1,Overcast
2025-03-12 00:00:00,3,0,0,0,2,25.9,10.4,16.5,28.3,16.9,27.3,2025,3,March,12,Wednesday,1,Overcast
2025-03-13 00:00:00,51,0.6,0.6,0,28,40.7,14.7,15.1,27.2,15.3,26.1,2025,3,March,13,Thursday,1,Light Drizzle
2025-03-14 00:00:00,61,4.6,4.6,0,41,34.9,13.7,14.1,24.4,14.7,25.5,2025,3,March,14,Friday,1,Slight Rain
2025-03-15 00:00:00,61,2.5,2.5,0,41,36,15.4,13.4,25.8,13.7,23.8,2025,3,March,15,Saturday,1,Slight Rain
2025-03-16 00:00:00,3,0,0,0,321,20.9,6.6,13.4,25.6,13.4,24.8,2025,3,March,16,Sunday,1,Overcast
2025-03-17 00:00:00,2,0,0,0,342,25.2,9.9,13.5,27.8,13.9,27.8,2025,3,March,17,Monday,1,Partly Cloudy
2025-03-18 00:00:00,3,0,0,0,316,25.9,8.9,15,29,15.8,29.8,2025,3,March,18,Tuesday,1,Overcast
2025-03-19 00:00:00,51,0.3,0.3,0,81,28.4,10.3,15.9,28.5,16.1,28.2,2025,3,March,19,Wednesday,1,Light Drizzle
2025-03-20 00:00:00,2,0,0,0,309,29.5,11,15.6,29.7,15.4,30.8,2025,3,March,20,Thursday,1,Partly Cloudy
2025-03-21 00:00:00,1,0,0,0,303,32.8,12.3,14.7,29.8,16.5,30.5,2025,3,March,21,Friday,1,Mainly Clear
2025-03-22 00:00:00,3,0,0,0,20,15.8,7.1,14.3,30.6,15.8,30.6,2025,3,March,22,Saturday,1,Overcast
2025-03-23 00:00:00,1,0,0,0,108,18.7,8.1,15.4,32.9,15.4,33,2025,3,March,23,Sunday,1,Mainly Clear
2025-03-24 00:00:00,3,0,0,0,100,20.2,9.9,16.8,33.7,16.5,33.1,2025,3,March,24,Monday,1,Overcast
2025-03-25 00:00:00,3,0,0,0,92,25.6,12.7,18.8,33.7,18.5,32.9,2025,3,March,25,Tuesday,1,Overcast
2025-03-26 00:00:00,3,0,0,0,125,36.4,16.3,20.5,32.2,21.9,34.5,2025,3,March,26,Wednesday,1,Overcast
2025-03-27 00:00:00,0,0,0,0,211,48.6,20,12.7,32.1,17.6,33.9,2025,3,March,27,Thursday,1,Clear Sky
2025-03-28 00:00:00,0,0,0,0,299,31.7,13.8,10.9,23.9,15,26.4,2025,3,March,28,Friday,1,Clear Sky
2025-03-29 00:00:00,3,0,0,0,301,41.8,16,10.4,25.1,14.1,28.6,2025,3,March,29,Saturday,1,Overcast
2025-03-30 00:00:00,0,0,0,0,324,29.2,11.7,11.8,28.1,14.3,30.3,2025,3,March,30,Sunday,1,Clear Sky
2025-03-31 00:00:00,0,0,0,0,324,32.8,11.4,14.5,29.7,16.4,31.9,2025,3,March,31,Monday,1,Clear Sky
2025-04-01 00:00:00,0,0,0,0,347,32,11.3,14.5,30.3,17,32.6,2025,4,April,1,Tuesday,2,Clear Sky
2025-04-02 00:00:00,3,0,0,0,87,30.2,14.1,15.3,33.5,18,35,2025,4,April,2,Wednesday,2,Overcast
2025-04-03 00:00:00,51,0.1,0.1,0,6,34.2,15,16,33.5,18.3,33.6,2025,4,April,3,Thursday,2,Light Drizzle
2025-04-04 00:00:00,0,0,0,0,327,29.2,10.9,16.1,32.1,18.3,33.2,2025,4,April,4,Friday,2,Clear Sky
2025-04-05 00:00:00,3,0,0,0,346,26.3,10.3,17,34.5,19.7,35.5,2025,4,April,5,Saturday,2,Overcast
2025-04-06 00:00:00,3,0,0,0,74,27,10.1,19.3,37.7,19.9,37.9,2025,4,April,6,Sunday,2,Overcast
2025-04-07 00:00:00,3,0,0,0,83,31.3,13.9,23.2,40.3,22.4,39.1,2025,4,April,7,Monday,2,Overcast
2025-04-08 00:00:00,3,0,0,0,63,63.4,25.6,24.6,40,24.3,40,2025,4,April,8,Tuesday,2,Overcast
2025-04-09 00:00:00,3,0,0,0,9,52.2,13.9,24.1,39.8,23.6,38.8,2025,4,April,9,Wednesday,2,Overcast
2025-04-10 00:00:00,3,0,0,0,62,43.9,17.8,22.5,38.7,22.8,36.3,2025,4,April,10,Thursday,2,Overcast
2025-04-11 00:00:00,61,1.6,1.6,0,54,45.7,17.4,20.8,32.2,20.2,30.6,2025,4,April,11,Friday,2,Slight Rain
2025-04-12 00:00:00,1,0,0,0,94,30.6,15.8,18.2,34.5,19.9,33.6,2025,4,April,12,Saturday,2,Mainly Clear
2025-04-13 00:00:00,0,0,0,0,101,22,11.5,20.6,36,20.5,34.9,2025,4,April,13,Sunday,2,Clear Sky
2025-04-14 00:00:00,0,0,0,0,103,22,11.2,22.9,38.4,23.3,36.9,2025,4,April,14,Monday,2,Clear Sky
2025-04-15 00:00:00,2,0,0,0,93,30.6,13.2,24.3,40.2,24.3,38,2025,4,April,15,Tuesday,2,Partly Cloudy
2025-04-16 00:00:00,51,0.1,0.1,0,62,52.6,23.6,24.3,40.1,24.5,38.4,2025,4,April,16,Wednesday,2,Light Drizzle
2025-04-17 00:00:00,1,0,0,0,41,27.4,10.1,23.8,39.7,23.3,38,2025,4,April,17,Thursday,2,Mainly Clear
2025-04-18 00:00:00,3,0,0,0,111,50.8,21.5,25.1,40.8,24.6,39.7,2025,4,April,18,Friday,2,Overcast
2025-04-19 00:00:00,3,0,0,0,140,51.8,21.9,22.9,36.5,24.2,40.3,2025,4,April,19,Saturday,2,Overcast
2025-04-20 00:00:00,1,0,0,0,122,52.6,21.8,23.1,37.2,22.8,39.3,2025,4,April,20,Sunday,2,Mainly Clear
2025-04-21 00:00:00,3,0,0,0,81,37.1,15.6,22.1,38.7,22,39.6,2025,4,April,21,Monday,2,Overcast
2025-04-22 00:00:00,0,0,0,0,355,24.8,10.8,21.4,37.7,22.4,38.5,2025,4,April,22,Tuesday,2,Clear Sky
2025-04-23 00:00:00,0,0,0,0,12,25.6,11.3,19.8,37.5,22.1,39.1,2025,4,April,23,Wednesday,2,Clear Sky
2025-04-24 00:00:00,2,0,0,0,62,33.1,13.8,20.7,37.7,23.2,39,2025,4,April,24,Thursday,2,Partly Cloudy
2025-04-25 00:00:00,3,0,0,0,39,32.8,16,19.7,38.6,22.5,40,2025,4,April,25,Friday,2,Overcast
2025-04-26 00:00:00,3,0,0,0,9,40.3,15.3,21.4,38.4,23.6,40.1,2025,4,April,26,Saturday,2,Overcast
2025-04-27 00:00:00,0,0,0,0,41,22.3,10.7,20.7,39.2,23,39.6,2025,4,April,27,Sunday,2,Clear Sky
2025-04-28 00:00:00,0,0,0,0,63,33.1,13,22.2,40.3,24.2,41.8,2025,4,April,28,Monday,2,Clear Sky
2025-04-29 00:00:00,0,0,0,0,109,36.4,14.8,21.2,41,25,40.4,2025,4,April,29,Tuesday,2,Clear Sky
2025-04-30 00:00:00,3,0,0,0,117,37.4,13.9,25.5,42.1,26.6,40.6,2025,4,April,30,Wednesday,2,Overcast
2025-05-01 00:00:00,3,0,0,0,104,55.4,21.4,27.1,40.3,27.3,38.9,2025,5,May,1,Thursday,2,Overcast
2025-05-02 00:00:00,3,0,0,0,82,38.9,12,25.5,34.2,23.5,32.1,2025,5,May,2,Friday,2,Overcast
2025-05-03 00:00:00,51,0.1,0.1,0,68,33.5,14.7,24.8,35.2,23.2,32.6,2025,5,May,3,Saturday,2,Light Drizzle
2025-05-04 00:00:00,65,19.1,19.1,0,32,34.2,13.2,24.6,34.7,23.4,33.9,2025,5,May,4,Sunday,2,Heavy Rain
2025-05-05 00:00:00,53,0.5,0.5,0,90,38.5,12.1,24.3,31.5,22.4,30.4,2025,5,May,5,Monday,2,Moderate Drizzle
2025-05-06 00:00:00,3,0,0,0,92,28.8,11.1,24.7,37.6,22.4,35.5,2025,5,May,6,Tuesday,2,Overcast
2025-05-07 00:00:00,3,0,0,0,116,32,11,26,37.4,25,34.5,2025,5,May,7,Wednesday,2,Overcast
2025-05-08 00:00:00,51,0.4,0.4,0,68,36.7,12,26.9,37.6,24,34.9,2025,5,May,8,Thursday,2,Light Drizzle
2025-05-09 00:00:00,51,0.1,0.1,0,26,25.9,11.2,25.8,36.7,23.1,32.4,2025,5,May,9,Friday,2,Light Drizzle
2025-05-10 00:00:00,53,0.9,0.9,0,111,31.7,11,28,37.3,24.6,34.6,2025,5,May,10,Saturday,2,Moderate Drizzle
2025-05-11 00:00:00,63,8,8,0,110,40,14.3,26.3,39.7,23.8,36.3,2025,5,May,11,Sunday,2,Moderate Rain
2025-05-12 00:00:00,2,0,0,0,58,53.6,18.8,25,39.6,23.7,37.5,2025,5,May,12,Monday,2,Partly Cloudy
2025-05-13 00:00:00,2,0,0,0,35,33.1,13,23.9,39.2,23.9,38.2,2025,5,May,13,Tuesday,2,Partly Cloudy
2025-05-14 00:00:00,3,0,0,0,356,23.4,8.2,24.4,41.5,24.8,41.1,2025,5,May,14,Wednesday,2,Overcast
2025-05-15 00:00:00,1,0,0,0,293,28.8,11.7,26,42.6,26.5,42.6,2025,5,May,15,Thursday,2,Mainly Clear
2025-05-16 00:00:00,3,0,0,0,127,34.9,14.7,27.5,42.3,28,41.8,2025,5,May,16,Friday,2,Overcast
2025-05-17 00:00:00,1,0,0,0,82,29.9,11.2,26.8,44.1,27.4,42.9,2025,5,May,17,Saturday,2,Mainly Clear
2025-05-18 00:00:00,2,0,0,0,138,35.6,14.1,28.1,45.1,28.3,43.6,2025,5,May,18,Sunday,2,Partly Cloudy
2025-05-19 00:00:00,63,5.5,5.5,0,111,53.3,23.6,26.6,43.1,25.3,40.2,2025,5,May,19,Monday,2,Moderate Rain
2025-05-20 00:00:00,3,0,0,0,228,33.5,12.7,26.2,42.6,25.1,42,2025,5,May,20,Tuesday,2,Overcast
2025-05-21 00:00:00,3,0,0,0,121,62.6,23.1,29.9,44.6,28,42.4,2025,5,May,21,Wednesday,2,Overcast
2025-05-22 00:00:00,0,0,0,0,121,40.3,16.5,28.7,42.6,27.9,41.1,2025,5,May,22,Thursday,2,Clear Sky
2025-05-23 00:00:00,3,0,0,0,100,58.3,23.8,31.1,43.7,28.8,40,2025,5,May,23,Friday,2,Overcast
2025-05-24 00:00:00,61,3.7,3.7,0,63,56.2,22.3,26.8,41.1,24.6,37.7,2025,5,May,24,Saturday,2,Slight Rain
2025-05-25 00:00:00,0,0,0,0,118,38.2,18.5,25.1,37.9,24.2,36,2025,5,May,25,Sunday,2,Clear Sky
2025-05-26 00:00:00,0,0,0,0,151,23.4,8.7,27.8,41.8,24.8,38.6,2025,5,May,26,Monday,2,Clear Sky
2025-05-27 00:00:00,3,0,0,0,26,25.6,12.3,30.4,42.7,28.1,39.6,2025,5,May,27,Tuesday,2,Overcast
2025-05-28 00:00:00,3,0,0,0,336,36,13.6,30.3,42.6,28.8,41.1,2025,5,May,28,Wednesday,2,Overcast
2025-05-29 00:00:00,51,0.3,0.3,0,130,37.8,16.2,28.1,42,28,40.8,2025,5,May,29,Thursday,2,Light Drizzle
2025-05-30 00:00:00,3,0,0,0,115,47.5,19.4,26.6,39.8,27.7,37.8,2025,5,May,30,Friday,2,Overcast
2025-05-31 00:00:00,3,0,0,0,57,65.2,26.2,23.3,40,23.8,39.4,2025,5,May,31,Saturday,2,Overcast
2025-06-01 00:00:00,1,0,0,0,309,34.6,13.9,23.8,37.3,23.4,37.7,2025,6,June,1,Sunday,2,Mainly Clear
2025-06-02 00:00:00,3,0,0,0,82,29.2,12.3,24.7,38.7,25.7,38.7,2025,6,June,2,Monday,2,Overcast
2025-06-03 00:00:00,2,0,0,0,112,42.5,17.3,24.6,36.7,23.6,35.8,2025,6,June,3,Tuesday,2,Partly Cloudy
2025-06-04 00:00:00,2,0,0,0,100,34.9,15,24.3,36.6,23.4,35.2,2025,6,June,4,Wednesday,2,Partly Cloudy
2025-06-05 00:00:00,0,0,0,0,131,23.4,8.4,25.5,39.1,24,37.2,2025,6,June,5,Thursday,2,Clear Sky
2025-06-06 00:00:00,0,0,0,0,179,26.6,13,28.2,41.5,27.5,40.1,2025,6,June,6,Friday,2,Clear Sky
2025-06-07 00:00:00,1,0,0,0,182,30.6,14.7,29.6,45.4,28.2,42.9,2025,6,June,7,Saturday,2,Mainly Clear
2025-06-08 00:00:00,1,0,0,0,282,27.7,11,31.6,45,30.2,44.3,2025,6,June,8,Sunday,2,Mainly Clear
2025-06-09 00:00:00,1,0,0,0,201,31.7,14.3,31.9,45.4,32.3,45.6,2025,6,June,9,Monday,2,Mainly Clear
2025-06-10 00:00:00,0,0,0,0,193,27,11.4,31.1,44.9,31.9,44.6,2025,6,June,10,Tuesday,2,Clear Sky
2025-06-11 00:00:00,0,0,0,0,245,34.2,13.7,31.5,46.9,30.9,46.1,2025,6,June,11,Wednesday,2,Clear Sky
2025-06-12 00:00:00,3,0,0,0,160,34.2,12.2,30.8,46.6,31.9,46.2,2025,6,June,12,Thursday,2,Overcast
2025-06-13 00:00:00,2,0,0,0,105,40.3,14.1,32.6,46.3,31.8,42.1,2025,6,June,13,Friday,2,Partly Cloudy
2025-06-14 00:00:00,3,0,0,0,175,34.9,13.9,33.4,45.1,30.2,42.1,2025,6,June,14,Saturday,2,Overcast
2025-06-15 00:00:00,3,0,0,0,92,38.2,10.1,33.2,44.4,31.3,43.1,2025,6,June,15,Sunday,2,Overcast
2025-06-16 00:00:00,51,0.1,0.1,0,91,28.8,10.8,32.8,39.2,29.1,36,2025,6,June,16,Monday,2,Light Drizzle
2025-06-17 00:00:00,65,9.2,9.2,0,109,38.5,14.3,28.5,38.1,24.9,33.3,2025,6,June,17,Tuesday,2,Heavy Rain
2025-06-18 00:00:00,1,0,0,0,132,20.5,9.9,31.7,43.2,26.9,39.3,2025,6,June,18,Wednesday,2,Mainly Clear
2025-06-19 00:00:00,1,0,0,0,121,23.8,10.9,33.5,44.5,29.6,39.8,2025,6,June,19,Thursday,2,Mainly Clear
2025-06-20 00:00:00,51,0.4,0.4,0,127,30.2,13.5,34.9,44.3,30.3,39.4,2025,6,June,20,Friday,2,Light Drizzle
2025-06-21 00:00:00,65,10.7,10.7,0,97,34.9,12.7,32.2,43.9,27,38.8,2025,6,June,21,Saturday,2,Heavy Rain
2025-06-22 00:00:00,63,6.8,6.8,0,105,32,11,33.2,42,27.3,35,2025,6,June,22,Sunday,2,Moderate Rain
2025-06-23 00:00:00,53,1.5,1.5,0,117,40,14.7,31.1,43.8,26.1,37,2025,6,June,23,Monday,2,Moderate Drizzle
2025-06-24 00:00:00,63,3.3,3.3,0,124,26.3,12.2,31.7,44.8,26.2,37.4,2025,6,June,24,Tuesday,2,Moderate Rain
2025-06-25 00:00:00,65,9.2,9.2,0,107,37.8,15.3,31.4,40.4,26.4,34.3,2025,6,June,25,Wednesday,2,Heavy Rain
2025-06-26 00:00:00,63,8.2,8.2,0,104,39.6,15.7,29.9,39.1,25.3,32.7,2025,6,June,26,Thursday,2,Moderate Rain
2025-06-27 00:00:00,55,1.6,1.6,0,94,24.5,11,30.1,40.4,25.1,33.2,2025,6,June,27,Friday,2,Dense Drizzle
2025-06-28 00:00:00,61,2.4,2.4,0,133,34.9,13.5,31,42.5,25.8,35.6,2025,6,June,28,Saturday,2,Slight Rain
2025-06-29 00:00:00,63,6.4,6.4,0,123,31.3,16.4,28.5,44.1,25,36.2,2025,6,June,29,Sunday,2,Moderate Rain
2025-06-30 00:00:00,61,3.3,3.3,0,120,44.3,13.9,29.8,42.2,25.4,34.1,2025,6,June,30,Monday,2,Slight Rain
2025-07-01 00:00:00,53,1.9,1.9,0,108,42.1,18.4,29.7,39.7,25.7,33.3,2025,7,July,1,Tuesday,3,Moderate Drizzle
2025-07-02 00:00:00,51,0.1,0.1,0,105,21.6,9.7,32.1,41.7,26.3,34.2,2025,7,July,2,Wednesday,3,Light Drizzle
2025-07-03 00:00:00,51,0.8,0.8,0,124,37.4,15.9,30.8,41.5,26.6,33.8,2025,7,July,3,Thursday,3,Light Drizzle
2025-07-04 00:00:00,63,7.1,7.1,0,114,35.3,16.4,31.4,42.7,26.3,34.8,2025,7,July,4,Friday,3,Moderate Rain
2025-07-05 00:00:00,51,0.1,0.1,0,115,34.2,15.4,31.7,45.3,26.3,36.4,2025,7,July,5,Saturday,3,Light Drizzle
2025-07-06 00:00:00,63,18.1,18.1,0,110,36.7,15.7,30.3,41.2,25.5,33.5,2025,7,July,6,Sunday,3,Moderate Rain
2025-07-07 00:00:00,65,24.6,24.6,0,134,27.7,10.8,31.2,40.8,25.5,33.2,2025,7,July,7,Monday,3,Heavy Rain
2025-07-08 00:00:00,65,18.7,18.7,0,160,25.9,8.3,31.5,40.6,25.5,32.9,2025,7,July,8,Tuesday,3,Heavy Rain
2025-07-09 00:00:00,63,20.5,20.5,0,133,25.9,12.8,29.9,39.7,24.9,32.1,2025,7,July,9,Wednesday,3,Moderate Rain
2025-07-10 00:00:00,61,5.9,5.9,0,97,33.5,14.6,29,36.1,24.3,30.2,2025,7,July,10,Thursday,3,Slight Rain
2025-07-11 00:00:00,3,0,0,0,108,19.8,7.1,30.4,38.5,25,33,2025,7,July,11,Friday,3,Overcast
2025-07-12 00:00:00,51,0.1,0.1,0,139,21.2,6.5,31.3,41.4,26.3,34.1,2025,7,July,12,Saturday,3,Light Drizzle
2025-07-13 00:00:00,51,0.7,0.7,0,92,20.2,7.7,33.2,39.1,26.9,32.6,2025,7,July,13,Sunday,3,Light Drizzle
2025-07-14 00:00:00,63,6.7,6.7,0,63,24.5,9.5,30.6,37.8,24.9,32.3,2025,7,July,14,Monday,3,Moderate Rain
2025-07-15 00:00:00,65,39.8,39.8,0,62,40.7,14.8,29.4,39.5,24.9,32.6,2025,7,July,15,Tuesday,3,Heavy Rain
2025-07-16 00:00:00,65,12.5,12.5,0,129,54.7,25.4,29.3,35.4,25,31,2025,7,July,16,Wednesday,3,Heavy Rain
2025-07-17 00:00:00,65,13.4,13.4,0,112,40.7,18.7,32.2,39.1,26.6,32.2,2025,7,July,17,Thursday,3,Heavy Rain
2025-07-18 00:00:00,51,0.7,0.7,0,136,27.7,11.3,32.7,39.7,26.6,32.3,2025,7,July,18,Friday,3,Light Drizzle
2025-07-19 00:00:00,51,0.1,0.1,0,123,21.6,9.4,33.4,42.2,26.8,34.9,2025,7,July,19,Saturday,3,Light Drizzle
2025-07-20 00:00:00,3,0,0,0,155,20.9,8.3,33,41.4,27.3,34.4,2025,7,July,20,Sunday,3,Overcast
2025-07-21 00:00:00,51,0.2,0.2,0,146,31.3,13.8,32.3,39.5,26.5,33.5,2025,7,July,21,Monday,3,Light Drizzle
2025-07-22 00:00:00,61,5.3,5.3,0,113,28.1,11.9,30.6,39.7,25.4,32.3,2025,7,July,22,Tuesday,3,Slight Rain
2025-07-23 00:00:00,63,17.9,17.9,0,110,30.2,12.3,30.4,39.8,25.1,32.7,2025,7,July,23,Wednesday,3,Moderate Rain
2025-07-24 00:00:00,63,15.6,15.6,0,211,22.3,8.6,30.1,40.2,25,32.8,2025,7,July,24,Thursday,3,Moderate Rain
2025-07-25 00:00:00,53,1.2,1.2,0,199,19.1,9.4,30.5,40.2,24.9,32.9,2025,7,July,25,Friday,3,Moderate Drizzle
2025-07-26 00:00:00,51,0.1,0.1,0,125,18.4,5.9,33.6,43.2,26.8,34.5,2025,7,July,26,Saturday,3,Light Drizzle
2025-07-27 00:00:00,51,0.2,0.2,0,116,21.6,11.6,34.6,43.9,28.1,35.1,2025,7,July,27,Sunday,3,Light Drizzle
2025-07-28 00:00:00,53,2,2,0,111,37.4,13.4,31,43.7,26,35.9,2025,7,July,28,Monday,3,Moderate Drizzle
2025-07-29 00:00:00,65,27.6,27.6,0,110,30.2,14.9,30.8,40.7,26.1,33.2,2025,7,July,29,Tuesday,3,Heavy Rain
2025-07-30 00:00:00,51,0.7,0.7,0,108,33.8,15.7,30.8,38.2,26,31.7,2025,7,July,30,Wednesday,3,Light Drizzle
2025-07-31 00:00:00,53,2.1,2.1,0,108,36,14,31.9,36.7,26.2,30.9,2025,7,July,31,Thursday,3,Moderate Drizzle
2025-08-01 00:00:00,63,13.9,13.9,0,73,27,11.5,32,36.2,26.1,30,2025,8,August,1,Friday,3,Moderate Rain
2025-08-02 00:00:00,51,0.1,0.1,0,101,21.2,8.7,32.5,40.2,26.1,32.6,2025,8,August,2,Saturday,3,Light Drizzle
2025-08-03 00:00:00,51,0.8,0.8,0,144,33.1,10.3,30.5,42.1,25.8,34.4,2025,8,August,3,Sunday,3,Light Drizzle
2025-08-04 00:00:00,3,0,0,0,139,25.9,11.3,30.6,43,25.6,35.3,2025,8,August,4,Monday,3,Overcast
2025-08-05 00:00:00,61,2.3,2.3,0,114,33.1,14.8,29.2,42,24.9,34.1,2025,8,August,5,Tuesday,3,Slight Rain
2025-08-06 00:00:00,51,0.3,0.3,0,99,35.6,15.3,28.6,41.8,24.7,33.6,2025,8,August,6,Wednesday,3,Light Drizzle
2025-08-07 00:00:00,61,2,2,0,109,34.6,15.6,30.5,42.2,25.5,34.9,2025,8,August,7,Thursday,3,Slight Rain
2025-08-08 00:00:00,51,0.1,0.1,0,128,25.9,12.8,32,43.2,26.5,36.4,2025,8,August,8,Friday,3,Light Drizzle
2025-08-09 00:00:00,63,4,4,0,102,29.9,13.4,30.6,42.5,26.5,35,2025,8,August,9,Saturday,3,Moderate Rain
2025-08-10 00:00:00,51,0.3,0.3,0,138,18,6.4,33.9,43.3,27.4,35.7,2025,8,August,10,Sunday,3,Light Drizzle
2025-08-11 00:00:00,3,0,0,0,200,29.2,11.6,34.3,43.5,28.3,38.4,2025,8,August,11,Monday,3,Overcast
2025-08-12 00:00:00,63,22.3,22.3,0,139,27.7,13.6,32.8,36.8,26.9,30.1,2025,8,August,12,Tuesday,3,Moderate Rain
2025-08-13 00:00:00,51,0.1,0.1,0,129,18,6.7,33.1,42.9,26.7,36,2025,8,August,13,Wednesday,3,Light Drizzle
2025-08-14 00:00:00,63,15.7,15.7,0,127,25.9,12.9,32.1,36.2,26.1,29.6,2025,8,August,14,Thursday,3,Moderate Rain
2025-08-15 00:00:00,51,0.5,0.5,0,112,15.8,5.9,32.2,40.4,26,32.8,2025,8,August,15,Friday,3,Light Drizzle
2025-08-16 00:00:00,51,0.2,0.2,0,110,27.4,10.6,33,41.2,26.8,33.7,2025,8,August,16,Saturday,3,Light Drizzle
2025-08-17 00:00:00,55,1.4,1.4,0,103,36,15.5,30.4,41.5,25.8,34,2025,8,August,17,Sunday,3,Dense Drizzle
2025-08-18 00:00:00,63,8.9,8.9,0,91,32,13.4,29,36.6,24.7,30.2,2025,8,August,18,Monday,3,Moderate Rain
2025-08-19 00:00:00,65,14.3,14.3,0,91,23,7.9,29.8,40,24.8,34.2,2025,8,August,19,Tuesday,3,Heavy Rain
2025-08-20 00:00:00,51,0.9,0.9,0,85,28.1,11,30,39.3,25.2,32.4,2025,8,August,20,Wednesday,3,Light Drizzle
2025-08-21 00:00:00,1,0,0,0,103,14.4,6.8,30.7,40.7,25.3,33.5,2025,8,August,21,Thursday,3,Mainly Clear
2025-08-22 00:00:00,63,4.3,4.3,0,121,20.2,8.5,31.9,41.9,26.4,34.1,2025,8,August,22,Friday,3,Moderate Rain
2025-08-23 00:00:00,63,20,20,0,110,28.1,10.8,30.6,40.3,25.6,33,2025,8,August,23,Saturday,3,Moderate Rain
2025-08-24 00:00:00,53,2.4,2.4,0,97,31,12.5,29.3,34.6,24.4,29.6,2025,8,August,24,Sunday,3,Moderate Drizzle
2025-08-25 00:00:00,65,63.6,63.6,0,52,32,15.9,25.8,30,23,25.5,2025,8,August,25,Monday,3,Heavy Rain
2025-08-26 00:00:00,63,29.6,29.6,0,109,34.9,15.4,26.9,34.8,23.1,28.9,2025,8,August,26,Tuesday,3,Moderate Rain
2025-08-27 00:00:00,61,5.2,5.2,0,86,27,10.5,30.1,38.2,25,31.2,2025,8,August,27,Wednesday,3,Slight Rain
2025-08-28 00:00:00,51,0.7,0.7,0,109,25.6,12.4,31.3,40.7,25.3,33.2,2025,8,August,28,Thursday,3,Light Drizzle
2025-08-29 00:00:00,65,26.5,26.5,0,100,29.9,12.4,30.1,40.3,25.1,32.3,2025,8,August,29,Friday,3,Heavy Rain
2025-08-30 00:00:00,63,11.3,11.3,0,98,27,12.3,29.9,35.6,25,29.3,2025,8,August,30,Saturday,3,Moderate Rain
2025-08-31 00:00:00,63,29.6,29.6,0,93,29.5,12.8,26.3,31.3,22.9,26.5,2025,8,August,31,Sunday,3,Moderate Rain
2025-09-01 00:00:00,65,42.4,42.4,0,99,39.2,18.2,25.8,33.9,22.7,29.2,2025,9,September,1,Monday,3,Heavy Rain
2025-09-02 00:00:00,65,16.1,16.1,0,81,36.4,14.7,26.1,31,22.9,27.7,2025,9,September,2,Tuesday,3,Heavy Rain
2025-09-03 00:00:00,61,5.8,5.8,0,85,36,14.1,25.1,32.6,22.4,28.8,2025,9,September,3,Wednesday,3,Slight Rain
2025-09-04 00:00:00,53,0.7,0.7,0,83,30.2,12,26.6,36.6,22.6,30.8,2025,9,September,4,Thursday,3,Moderate Drizzle
2025-09-05 00:00:00,3,0,0,0,346,18.7,6.1,29.4,38.9,24.3,32.8,2025,9,September,5,Friday,3,Overcast
2025-09-06 00:00:00,53,2.3,2.3,0,96,20.9,8,31.7,38.8,25.8,32.6,2025,9,September,6,Saturday,3,Moderate Drizzle
2025-09-07 00:00:00,63,4.5,4.5,0,64,24.5,9.2,30.8,38.5,25.5,31.5,2025,9,September,7,Sunday,3,Moderate Rain
2025-09-08 00:00:00,63,11.6,11.6,0,70,23.4,10.8,28.5,36.8,24,30.5,2025,9,September,8,Monday,3,Moderate Rain
2025-09-09 00:00:00,53,1.3,1.3,0,269,19.1,7,30,38.6,24.5,32.1,2025,9,September,9,Tuesday,3,Moderate Drizzle
2025-09-10 00:00:00,1,0,0,0,254,29.2,11.5,30,37.8,25.3,32.7,2025,9,September,10,Wednesday,3,Mainly Clear
2025-09-11 00:00:00,1,0,0,0,220,21.2,7.8,29.7,38.6,25.1,32.5,2025,9,September,11,Thursday,3,Mainly Clear
2025-09-12 00:00:00,0,0,0,0,224,20.2,8,31.2,38.6,25.8,32.7,2025,9,September,12,Friday,3,Clear Sky
2025-09-13 00:00:00,0,0,0,0,234,18,6.8,31.3,40.1,25.6,33.7,2025,9,September,13,Saturday,3,Clear Sky
2025-09-14 00:00:00,1,0,0,0,234,14.4,7,32,40.7,26.1,34.8,2025,9,September,14,Sunday,3,Mainly Clear
2025-09-15 00:00:00,51,0.1,0.1,0,176,23.4,9.8,30.8,40.9,25.8,35.2,2025,9,September,15,Monday,3,Light Drizzle
2025-09-16 00:00:00,51,0.2,0.2,0,128,27.4,13,29.3,39.6,25.2,34.8,2025,9,September,16,Tuesday,3,Light Drizzle
2025-09-17 00:00:00,1,0,0,0,195,16.9,9,30.6,41,25.7,36.6,2025,9,September,17,Wednesday,3,Mainly Clear
2025-09-18 00:00:00,3,0,0,0,89,25.9,10.7,30.2,40.4,25.9,36.2,2025,9,September,18,Thursday,3,Overcast
2025-09-19 00:00:00,61,2.7,2.7,0,197,31,12.1,29.2,40.5,24.1,36,2025,9,September,19,Friday,3,Slight Rain
2025-09-20 00:00:00,1,0,0,0,292,27.7,9.3,30.7,39.5,25.2,36.7,2025,9,September,20,Saturday,3,Mainly Clear
2025-09-21 00:00:00,0,0,0,0,272,30.6,10.8,31.3,40.3,27.4,37.1,2025,9,September,21,Sunday,3,Clear Sky
2025-09-22 00:00:00,0,0,0,0,244,29.2,9.9,31.4,40.2,27.4,37.6,2025,9,September,22,Monday,3,Clear Sky
2025-09-23 00:00:00,0,0,0,0,256,28.4,9.3,31.1,39.2,27.8,37.4,2025,9,September,23,Tuesday,3,Clear Sky
2025-09-24 00:00:00,0,0,0,0,252,29.2,10.2,30.8,40.1,27.2,36.6,2025,9,September,24,Wednesday,3,Clear Sky
2025-09-25 00:00:00,1,0,0,0,276,28.4,10.1,31.4,40.5,27,37,2025,9,September,25,Thursday,3,Mainly Clear
2025-09-26 00:00:00,0,0,0,0,294,27.7,9.6,31,39.4,27.3,36.1,2025,9,September,26,Friday,3,Clear Sky
2025-09-27 00:00:00,0,0,0,0,352,28.8,9.8,28.4,40.1,25.9,37.3,2025,9,September,27,Saturday,3,Clear Sky
2025-09-28 00:00:00,1,0,0,0,96,24.5,7.9,28.3,40.4,25.5,35.9,2025,9,September,28,Sunday,3,Mainly Clear
2025-09-29 00:00:00,2,0,0,0,261,26.6,7.3,30.5,38.9,26.2,34.7,2025,9,September,29,Monday,3,Partly Cloudy
2025-09-30 00:00:00,1,0,0,0,321,26.3,10.7,30.4,40.7,25.4,36.9,2025,9,September,30,Tuesday,3,Mainly Clear
2025-10-01 00:00:00,2,0,0,0,13,49,14.8,28.9,38.2,24.8,33.8,2025,10,October,1,Wednesday,4,Partly Cloudy
2025-10-02 00:00:00,63,8.2,8.2,0,76,60.5,21.1,24.2,38.3,22.3,34.6,2025,10,October,2,Thursday,4,Moderate Rain
2025-10-03 00:00:00,51,0.3,0.3,0,39,37.1,17.9,26.6,35.1,23.9,31.7,2025,10,October,3,Friday,4,Light Drizzle
2025-10-04 00:00:00,63,7.4,7.4,0,336,53.6,22.6,23.5,34.4,22.4,31.7,2025,10,October,4,Saturday,4,Moderate Rain
2025-10-05 00:00:00,65,13.2,13.2,0,93,48.2,16.4,19.4,30.6,18.8,28.5,2025,10,October,5,Sunday,4,Heavy Rain
2025-10-06 00:00:00,61,16.1,16.1,0,82,37.1,15,18.6,24.3,17.4,23.7,2025,10,October,6,Monday,4,Slight Rain
2025-10-07 00:00:00,51,0.1,0.1,0,65,26.3,9.7,18.8,27.8,17.8,25.6,2025,10,October,7,Tuesday,4,Light Drizzle
2025-10-08 00:00:00,2,0,0,0,297,22.3,8.1,19.9,29.2,17.8,26.8,2025,10,October,8,Wednesday,4,Partly Cloudy
2025-10-09 00:00:00,0,0,0,0,276,15.8,8.1,20.6,29.9,19.1,27.9,2025,10,October,9,Thursday,4,Clear Sky
2025-10-10 00:00:00,0,0,0,0,286,18.7,8,21.1,31.2,19.7,29.3,2025,10,October,10,Friday,4,Clear Sky
2025-10-11 00:00:00,0,0,0,0,289,25.2,9,21.5,31.3,19.8,30,2025,10,October,11,Saturday,4,Clear Sky
2025-10-12 00:00:00,0,0,0,0,280,21.6,8.7,21.6,31.9,20.7,30.6,2025,10,October,12,Sunday,4,Clear Sky
2025-10-13 00:00:00,0,0,0,0,266,16.9,5.9,21.2,32.3,19.4,31.2,2025,10,October,13,Monday,4,Clear Sky
2025-10-14 00:00:00,0,0,0,0,269,23,7.2,21.5,32.1,19.5,31.6,2025,10,October,14,Tuesday,4,Clear Sky
2025-10-15 00:00:00,2,0,0,0,320,25.6,8.7,22.6,32.7,20.5,31.9,2025,10,October,15,Wednesday,4,Partly Cloudy
2025-10-16 00:00:00,0,0,0,0,307,20.9,6.7,22.9,32.6,20.8,31.8,2025,10,October,16,Thursday,4,Clear Sky
2025-10-17 00:00:00,0,0,0,0,316,20.2,6.8,22.4,33,20.5,32,2025,10,October,17,Friday,4,Clear Sky
2025-10-18 00:00:00,0,0,0,0,312,21.2,6.1,22.4,32.8,20.3,32,2025,10,October,18,Saturday,4,Clear Sky
2025-10-19 00:00:00,0,0,0,0,315,21.6,7.6,21.8,33.4,20,32,2025,10,October,19,Sunday,4,Clear Sky
2025-10-20 00:00:00,0,0,0,0,339,21.2,8.5,20.6,32.4,19.4,32.1,2025,10,October,20,Monday,4,Clear Sky
2025-10-21 00:00:00,1,0,0,0,319,25.6,10.8,20.3,31.3,19.5,31.7,2025,10,October,21,Tuesday,4,Mainly Clear
2025-10-22 00:00:00,0,0,0,0,312,26.3,9.8,20.2,30.9,19,31.1,2025,10,October,22,Wednesday,4,Clear Sky
2025-10-23 00:00:00,0,0,0,0,332,23.8,8.9,21.2,32,18.9,31.7,2025,10,October,23,Thursday,4,Clear Sky
2025-10-24 00:00:00,1,0,0,0,342,21.6,8.2,20.3,32.4,19,31.4,2025,10,October,24,Friday,4,Mainly Clear
2025-10-25 00:00:00,0,0,0,0,324,22.7,8.5,20.6,32.7,18.9,31.1,2025,10,October,25,Saturday,4,Clear Sky
2025-10-26 00:00:00,0,0,0,0,34,19.4,5.9,19.7,31.8,18,30.7,2025,10,October,26,Sunday,4,Clear Sky
2025-10-27 00:00:00,0,0,0,0,66,20.2,8.2,20.5,30.9,18.3,29.6,2025,10,October,27,Monday,4,Clear Sky
2025-10-28 00:00:00,0,0,0,0,83,16.6,7.6,20.7,30.8,19.1,29.4,2025,10,October,28,Tuesday,4,Clear Sky
2025-10-29 00:00:00,0,0,0,0,338,21.6,6.9,20.1,30.2,18.3,28.5,2025,10,October,29,Wednesday,4,Clear Sky
2025-10-30 00:00:00,0,0,0,0,320,21.2,6.6,21.3,30.6,18.9,29.6,2025,10,October,30,Thursday,4,Clear Sky
2025-10-31 00:00:00,0,0,0,0,290,23.4,8.3,20.9,30.6,18.9,29.5,2025,10,October,31,Friday,4,Clear Sky
2025-11-01 00:00:00,0,0,0,0,291,24.5,8.5,19.5,30.2,18.7,30.1,2025,11,November,1,Saturday,4,Clear Sky
2025-11-02 00:00:00,0,0,0,0,280,24.5,8.6,19.6,30,18.6,29.9,2025,11,November,2,Sunday,4,Clear Sky
2025-11-03 00:00:00,0,0,0,0,94,22.7,11.7,18.6,30.7,16.9,29.1,2025,11,November,3,Monday,4,Clear Sky
2025-11-04 00:00:00,63,3.6,3.6,0,118,36.7,15.2,16.1,27.9,17,29.4,2025,11,November,4,Tuesday,4,Moderate Rain
2025-11-05 00:00:00,0,0,0,0,312,33.1,13.8,12.4,24.5,14.5,25.7,2025,11,November,5,Wednesday,4,Clear Sky
2025-11-06 00:00:00,0,0,0,0,294,25.2,9.3,12,23.7,13.7,25.6,2025,11,November,6,Thursday,4,Clear Sky
2025-11-07 00:00:00,0,0,0,0,279,19.8,7.6,12.1,24.5,13.1,26.4,2025,11,November,7,Friday,4,Clear Sky
2025-11-08 00:00:00,0,0,0,0,290,21.6,7.4,12.4,24.4,13.9,26.1,2025,11,November,8,Saturday,4,Clear Sky
2025-11-09 00:00:00,0,0,0,0,283,20.5,7.4,12.1,23.9,13,25.6,2025,11,November,9,Sunday,4,Clear Sky
2025-11-10 00:00:00,0,0,0,0,274,20.2,6.5,12.6,23.9,13,25.3,2025,11,November,10,Monday,4,Clear Sky
2025-11-11 00:00:00,0,0,0,0,323,16.6,5.7,11.6,24.4,12.1,25.2,2025,11,November,11,Tuesday,4,Clear Sky
2025-11-12 00:00:00,0,0,0,0,290,16.6,6.2,11.7,23.6,12.5,24.6,2025,11,November,12,Wednesday,4,Clear Sky
2025-11-13 00:00:00,0,0,0,0,282,22,8.7,11.4,23.3,12.2,24.7,2025,11,November,13,Thursday,4,Clear Sky
2025-11-14 00:00:00,0,0,0,0,299,15.8,5.8,10.8,23.5,11.3,24.2,2025,11,November,14,Friday,4,Clear Sky
2025-11-15 00:00:00,0,0,0,0,305,13,4.2,11.7,24.5,11.7,24.8,2025,11,November,15,Saturday,4,Clear Sky
2025-11-16 00:00:00,3,0,0,0,300,14.8,4.4,10.6,23.6,10.9,24,2025,11,November,16,Sunday,4,Overcast
2025-11-17 00:00:00,3,0,0,0,121,13,6.9,11,23.6,11.6,23.7,2025,11,November,17,Monday,4,Overcast
2025-11-18 00:00:00,3,0,0,0,11,14.4,4.7,10.7,23.9,11.2,24,2025,11,November,18,Tuesday,4,Overcast
2025-11-19 00:00:00,3,0,0,0,50,13.3,5.3,10.8,23.8,11.4,24,2025,11,November,19,Wednesday,4,Overcast
2025-11-20 00:00:00,0,0,0,0,45,13,6.8,11.1,23.3,11.6,23.8,2025,11,November,20,Thursday,4,Clear Sky
2025-11-21 00:00:00,0,0,0,0,9,13.3,6.2,11.3,23.7,11.9,24,2025,11,November,21,Friday,4,Clear Sky
2025-11-22 00:00:00,0,0,0,0,288,15.5,5,10.6,22.6,11.4,22.9,2025,11,November,22,Saturday,4,Clear Sky
2025-11-23 00:00:00,0,0,0,0,299,18,5.8,10.7,22,11.2,23.3,2025,11,November,23,Sunday,4,Clear Sky
2025-11-24 00:00:00,0,0,0,0,301,18.7,6.8,10.4,21.5,11,22.9,2025,11,November,24,Monday,4,Clear Sky
2025-11-25 00:00:00,0,0,0,0,285,20.9,7.5,8.9,20.8,9.8,22.2,2025,11,November,25,Tuesday,4,Clear Sky
2025-11-26 00:00:00,0,0,0,0,333,14.4,6.8,9.1,20.9,9.8,22,2025,11,November,26,Wednesday,4,Clear Sky
2025-11-27 00:00:00,0,0,0,0,344,15.8,5.2,8.8,20,9.3,21.1,2025,11,November,27,Thursday,4,Clear Sky
2025-11-28 00:00:00,0,0,0,0,309,18,6.5,8.1,20.1,9.5,21.6,2025,11,November,28,Friday,4,Clear Sky
2025-11-29 00:00:00,0,0,0,0,294,17.6,7.2,7.3,19.7,8.8,21.5,2025,11,November,29,Saturday,4,Clear Sky
2025-11-30 00:00:00,3,0,0,0,281,22,8,5.8,18.7,7.6,20.9,2025,11,November,30,Sunday,4,Overcast
2025-12-01 00:00:00,3,0,0,0,235,14,4,7.3,19.8,8.5,21.5,2025,12,December,1,Monday,4,Overcast
2025-12-02 00:00:00,0,0,0,0,327,16.6,6,6.2,19.2,7.8,20.6,2025,12,December,2,Tuesday,4,Clear Sky
2025-12-03 00:00:00,3,0,0,0,292,19.1,7,6.4,18.6,7.8,20.3,2025,12,December,3,Wednesday,4,Overcast
2025-12-04 00:00:00,3,0,0,0,263,18,6.4,7,19,8.4,20.8,2025,12,December,4,Thursday,4,Overcast
2025-12-05 00:00:00,3,0,0,0,298,18.4,9.6,7.1,19.4,8.3,20.9,2025,12,December,5,Friday,4,Overcast
2025-12-06 00:00:00,3,0,0,0,282,20.2,8.2,6.3,19.1,8.2,20.9,2025,12,December,6,Saturday,4,Overcast
2025-12-07 00:00:00,2,0,0,0,308,15.5,5.4,7.4,20.8,8.5,22,2025,12,December,7,Sunday,4,Partly Cloudy
2025-12-08 00:00:00,0,0,0,0,300,22.7,10.6,8.4,20.9,9.8,22.5,2025,12,December,8,Monday,4,Clear Sky
2025-12-09 00:00:00,3,0,0,0,287,18.4,9,7.6,20.5,9.8,22.1,2025,12,December,9,Tuesday,4,Overcast
2025-12-10 00:00:00,3,0,0,0,287,16.2,7.2,7.9,21.2,9.2,22.1,2025,12,December,10,Wednesday,4,Overcast
2025-12-11 00:00:00,1,0,0,0,299,16.2,5.8,7.6,21.7,8.5,22.2,2025,12,December,11,Thursday,4,Mainly Clear
2025-12-12 00:00:00,3,0,0,0,107,15.1,8.4,7.7,21.7,8.2,21.8,2025,12,December,12,Friday,4,Overcast
2025-12-13 00:00:00,3,0,0,0,84,16.6,8.6,9.5,20,10.5,20.1,2025,12,December,13,Saturday,4,Overcast
2025-12-14 00:00:00,3,0,0,0,32,13.7,6.1,10,21.8,10.7,21.4,2025,12,December,14,Sunday,4,Overcast
2025-12-15 00:00:00,2,0,0,0,307,21.2,8.7,9.1,20.9,10,21.6,2025,12,December,15,Monday,4,Partly Cloudy
2025-12-16 00:00:00,3,0,0,0,285,23,10.2,9.7,20.7,11.1,21.9,2025,12,December,16,Tuesday,4,Overcast
2025-12-17 00:00:00,3,0,0,0,280,15.5,7.5,9.9,21.8,10.9,21.8,2025,12,December,17,Wednesday,4,Overcast
2025-12-18 00:00:00,3,0,0,0,270,12.2,4.6,11,21.9,11.6,21.8,2025,12,December,18,Thursday,4,Overcast
2025-12-19 00:00:00,3,0,0,0,126,16.6,4.6,9.6,20.9,10,20.3,2025,12,December,19,Friday,4,Overcast
2025-12-20 00:00:00,3,0,0,0,94,16.9,8.3,10,18.7,10.1,18.3,2025,12,December,20,Saturday,4,Overcast
2025-12-21 00:00:00,3,0,0,0,67,22,8.4,10.7,18.3,11.3,18.3,2025,12,December,21,Sunday,4,Overcast
2025-12-22 00:00:00,63,4.1,4.1,0,332,19.1,9.2,11,19.7,11,19.2,2025,12,December,22,Monday,4,Moderate Rain
2025-12-23 00:00:00,0,0,0,0,299,23.8,9.9,9.1,20.1,10.7,21.1,2025,12,December,23,Tuesday,4,Clear Sky
2025-12-24 00:00:00,3,0,0,0,277,20.9,8.4,7.8,19,9.7,20.7,2025,12,December,24,Wednesday,4,Overcast
2025-12-25 00:00:00,3,0,0,0,286,18,7.2,7.2,18.6,8.9,20.3,2025,12,December,25,Thursday,4,Overcast
2025-12-26 00:00:00,3,0,0,0,305,19.1,6,9.1,19.7,9.9,21.1,2025,12,December,26,Friday,4,Overcast
2025-12-27 00:00:00,3,0,0,0,288,21.2,7.2,7.8,18.3,8.9,19.5,2025,12,December,27,Saturday,4,Overcast
2025-12-28 00:00:00,3,0,0,0,333,16.9,5.2,5.3,17.9,6.3,18.9,2025,12,December,28,Sunday,4,Overcast
2025-12-29 00:00:00,3,0,0,0,313,14,4.3,6.4,16.8,7.5,17.2,2025,12,December,29,Monday,4,Overcast
2025-12-30 00:00:00,3,0,0,0,320,19.8,7.7,6.7,17.9,7.6,18.6,2025,12,December,30,Tuesday,4,Overcast
2025-12-31 00:00:00,61,2.4,2.4,0,65,21.6,11.1,9.2,15.3,10.1,15.3,2025,12,December,31,Wednesday,4,Slight Rain
